venue_id,slug,name,primary_subcategory,subcategories,google_url,last_verified,rating,review_count,phone,website,address,latitude,longitude
ChIJ98rvRDM_sz4RcC4hakF1KZ4,147-snooker-club-j98rvr,147 snooker club,billiards,billiards,https://www.google.com/maps/place/147+snooker+club/data=!4m7!3m6!1s0x3eb33f3344efcaf7:0x9e2975416a212e70!8m2!3d24.9047545!4d67.0781264!16s%2Fg%2F11fr1w_3mg!19sChIJ98rvRDM_sz4RcC4hakF1KZ4?authuser=0&hl=en&rclk=1,2026-06-30 01:27:43.983847+05:00,4.6,38,+92 304 1531283,https://www.facebook.com/147-Snooker-Club-2210481865635734/,"crown square, Block 13 A Gulshan-e-Iqbal, Karachi, Pakistan",24.9047545,67.0781264
ChIJ3wc4Emg_sz4R3fVMq-ZzzvQ,160-a-community-sports-j3wc4e,160-A Community Sports,padel,padel,https://www.google.com/maps/place/160-A+Community+Sports/data=!4m7!3m6!1s0x3eb33f68123807df:0xf4ce73e6ab4cf5dd!8m2!3d24.8795341!4d67.0549103!16s%2Fg%2F11mck3cf9l!19sChIJ3wc4Emg_sz4R3fVMq-ZzzvQ?authuser=0&hl=en&rclk=1,2026-06-30 01:27:43.983847+05:00,4.3,57,+92 326 0222667,https://160sportscommunity.com/,"Block 3, 160-A Community Sports, 160-A Sir Syed Road, Block 3 P.E.C.H.S., Karachi, 75400, Pakistan",24.879534099999997,67.0549103
ChIJte6e6rU4sz4RyWkqWTzngjc,786-shender-2-snooker-academy-jte6e6,786 Shender-2 Snooker Academy,billiards,billiards,https://www.google.com/maps/place/786+Shender-2+Snooker+Academy/data=!4m7!3m6!1s0x3eb338b5ea9eeeb5:0x3782e73c592a69c9!8m2!3d24.9294308!4d67.0988015!16s%2Fg%2F11f5dt_r3h!19sChIJte6e6rU4sz4RyWkqWTzngjc?authuser=0&hl=en&rclk=1,2026-06-30 01:27:43.983847+05:00,4.2,198,+92 321 8790304,,"1st & Top Floor &, 786 Shender-2 Snooker Academy, Shahji Workshop, Block 7 Gulshan-e-Iqbal, Karachi, 75300, Pakistan",24.9294308,67.0988015
ChIJI1RZBAU9sz4RMHq_6trYEDg,a-k-khan-park-ji1rzb,A.K. Khan Park,parks,parks,https://www.google.com/maps/place/A.K.+Khan+Park/data=!4m7!3m6!1s0x3eb33d0504595423:0x3810d8daeabf7a30!8m2!3d24.7971755!4d67.037033!16s%2Fg%2F11c1qbnyxg!19sChIJI1RZBAU9sz4RMHq_6trYEDg?authuser=0&hl=en&rclk=1,2026-06-30 01:27:43.983847+05:00,4.2,4609,,,"Q2WP+VRF A.K. Khan Park, Defence V Defence Housing Authority, Karachi, 75500, Pakistan",24.797175499999998,67.037033
ChIJk3DlQtAXsz4RuRQMW3VV_0c,aaa-cruises-jk3dlq,AAA Cruises,boating,boating,https://www.google.com/maps/place/AAA+Cruises/data=!4m7!3m6!1s0x3eb317d042e57093:0x47ff55755b0c14b9!8m2!3d24.8169043!4d67.0412072!16s%2Fg%2F11q8zsk7zq!19sChIJk3DlQtAXsz4RuRQMW3VV_0c?authuser=0&hl=en&rclk=1,2026-06-30 01:27:43.983847+05:00,3.9,23,+92 318 1278473,https://www.facebook.com/aaacruises,"5th Commercial Ln, Zamzama Commercial Area Defence V Karachi, 75500, Pakistan",24.816904299999997,67.0412072
ChIJJ2loV6Y9sz4Ro6tJlO5POJs,aan-art-space-museum-jj2lov,AAN Art Space & Museum,museums-galleries,museums-galleries,https://www.google.com/maps/place/AAN+Art+Space+%26+Museum/data=!4m7!3m6!1s0x3eb33da657686927:0x9b384fee9449aba3!8m2!3d24.8087768!4d67.0317611!16s%2Fg%2F11bwjgm4k3!19sChIJJ2loV6Y9sz4Ro6tJlO5POJs?authuser=0&hl=en&rclk=1,2026-06-30 01:27:43.983847+05:00,4.5,44,+92 21 35821462,http://gandhara-art.com/,"AAN Art Space & Museum، house number f-65/2, block 4, clifton, Block 4 Clifton, Karachi, 75500, Pakistan",24.8087768,67.0317611
ChIJWayZStdrsz4R4of8hcUaPuk,abc-swimming-pool-jwayzs,ABC swimming pool,swimming,swimming,https://www.google.com/maps/place/ABC+swimming+pool/data=!4m7!3m6!1s0x3eb36bd74a99ac59:0xe93e1ac585fc87e2!8m2!3d24.9284909!4d66.9601692!16s%2Fg%2F11jcj7x_mt!19sChIJWayZStdrsz4R4of8hcUaPuk?authuser=0&hl=en&rclk=1,2026-06-30 01:27:43.983847+05:00,4.0,59,+92 315 2040907,,"Karachi, Sector 4c, Saeedabad Rd, 4-C Sector 4 Baldia, Karachi, 75760, Pakistan",24.9284909,66.9601692
ChIJI74Zy_s9sz4RkUzBlfkM1lw,ajs-art-ji74zy,AJs Art,pottery-art,pottery-art,https://www.google.com/maps/place/AJs+Art/data=!4m7!3m6!1s0x3eb33dfbcb19be23:0x5cd60cf995c14c91!8m2!3d24.808057!4d67.0298386!16s%2Fg%2F11r36gwjg6!19sChIJI74Zy_s9sz4RkUzBlfkM1lw?authuser=0&hl=en&rclk=1,2026-06-30 01:27:43.983847+05:00,5.0,13,+92 303 2952528,,"street no 04, Block 4 Block 3 Clifton, Karachi, 75500, Pakistan",24.808056999999998,67.02983859999999
ChIJC4DIb_U-sz4R-XdYW5GgZP0,apmf-a-r-tabba-sports-complex-jc4dib,APMF A.R Tabba Sports Complex,box-cricket,"box-cricket,billiards,swimming,tennis",https://www.google.com/maps/place/APMF+A.R+Tabba+Sports+Complex/data=!4m7!3m6!1s0x3eb33ef56fc8800b:0xfd64a0915b5877f9!8m2!3d24.8770625!4d67.0464375!16s%2Fg%2F1q62bwb0s!19sChIJC4DIb_U-sz4R-XdYW5GgZP0?authuser=0&hl=en&rclk=1,2026-06-30 01:27:43.983847+05:00,4.2,509,+92 21 34134857,,"Jamshed Quarters Muslimabad, Karachi, 75400, Pakistan",24.877062499999997,67.0464375
ChIJe4QHVyU_sz4RoWnKS4_C7qQ,aram-bagh-je4qhv,ARAM BAGH,parks,parks,https://www.google.com/maps/place/ARAM+BAGH/data=!4m7!3m6!1s0x3eb33f255707847b:0xa4eec28f4bca69a1!8m2!3d24.8558404!4d67.0133997!16s%2Fg%2F11sg8kjx4p!19sChIJe4QHVyU_sz4RoWnKS4_C7qQ?authuser=0&hl=en&rclk=1,2026-06-30 01:27:43.983847+05:00,4.0,194,,,"V247+89J ARAM BAGH, Shahrah-e-Liaquat, Aram Bagh Karachi, Pakistan",24.855840399999998,67.0133997
ChIJx_eHi88_sz4RTHPEJPrDZ8o,as7-studio-jx_ehi,AS7 Studio,music-rooms,music-rooms,https://www.google.com/maps/place/AS7+Studio/data=!4m7!3m6!1s0x3eb33fcf8b87f7c7:0xca67c3fa24c4734c!8m2!3d24.8962123!4d67.0177236!16s%2Fg%2F11lgx9jjk8!19sChIJx_eHi88_sz4RTHPEJPrDZ8o?authuser=0&hl=en&rclk=1,2026-06-30 01:27:43.983847+05:00,5.0,42,+92 309 2069641,,"A27, Manghopir Rd, Asif Colony, Karachi, 75700, Pakistan",24.8962123,67.0177236
ChIJIV28XRM-sz4RQztRb06KmAU,afshan-cinema-jiv28x,Afshan Cinema,cinemas,cinemas,https://www.google.com/maps/place/Afshan+Cinema/data=!4m7!3m6!1s0x3eb33e135dbc5d21:0x5988a4e6f513b43!8m2!3d24.8646656!4d67.021243!16s%2Fg%2F11xds2sdd!19sChIJIV28XRM-sz4RQztRb06KmAU?authuser=0&hl=en&rclk=1,2026-06-30 01:27:43.983847+05:00,3.7,34,+92 336 3048892,,"V27C+VF9 Afshan Cinema, Marston Rd, Preedy Quarters Saddar Town, Karachi, 75600, Pakistan",24.8646656,67.021243
ChIJJ6p-KEE-sz4RoaCXQcO0N4k,aga-khan-gymkhana-jj6p-k,Aga Khan Gymkhana,box-cricket,"box-cricket,billiards,futsal,swimming,tennis",https://www.google.com/maps/place/Aga+Khan+Gymkhana/data=!4m7!3m6!1s0x3eb33e41287eaa27:0x8937b4c34197a0a1!8m2!3d24.8759255!4d67.0267383!16s%2Fg%2F11y7p3kwt!19sChIJJ6p-KEE-sz4RoaCXQcO0N4k?authuser=0&hl=en&rclk=1,2026-06-30 01:27:43.983847+05:00,4.4,1732,+92 21 32228163,,"V2GG+9MH Aga Khan Gymkhana, Garden Ln, behind Zoological Garden, Garden East Soldier Bazaar, Karachi, Pakistan",24.875925499999997,67.02673829999999
ChIJSfQE0goXsz4RRqs9HLa_yNA,ahil-boat-service-jsfqe0,Ahil boat Service,boating,boating,https://www.google.com/maps/place/Ahil+boat+Service/data=!4m7!3m6!1s0x3eb3170ad204f449:0xd0c8bfb61c3dab46!8m2!3d24.8181633!4d66.9750237!16s%2Fg%2F11r4dct4rx!19sChIJSfQE0goXsz4RRqs9HLa_yNA?authuser=0&hl=en&rclk=1,2026-06-30 01:27:43.983847+05:00,4.2,6,+92 311 1231906,,"Keamari one number, Port Of Karachi, Karachi, 75620, Pakistan",24.8181633,66.9750237
ChIJA9OlDSM_sz4RdgmEnQ03Z9w,ahsan-mohiuddin-syed-s-studio-ja9old,Ahsan Mohiuddin Syed's Studio,pottery-art,pottery-art,https://www.google.com/maps/place/Ahsan+Mohiuddin+Syed%27s+Studio/data=!4m7!3m6!1s0x3eb33f230da5d303:0xdc67370d9d840976!8m2!3d24.9107127!4d67.0745457!16s%2Fg%2F11c31756s_!19sChIJA9OlDSM_sz4RdgmEnQ03Z9w?authuser=0&hl=en&rclk=1,2026-06-30 01:27:43.983847+05:00,4.4,7,,https://www.facebook.com/36ahsanstudio/,"W36F+7RM Ahsan Mohiuddin Syed's Studio, Suncity, Sahba Akhtar Rd, Block 13D-2 Block 13 D 2 Gulshan-e-Iqbal, Karachi, Pakistan",24.910712699999998,67.0745457
ChIJv93QAwA_sz4Rfcv5NP4ROUc,al-hamra-sports-club-jv93qa,Al HAMRA Sports Club,box-cricket,box-cricket,https://www.google.com/maps/place/Al+HAMRA+Sports+Club/data=!4m7!3m6!1s0x3eb33f0003d0ddbf:0x473911fe34f9cb7d!8m2!3d24.9320888!4d67.0755951!16s%2Fg%2F11x2vvr0xx!19sChIJv93QAwA_sz4Rfcv5NP4ROUc?authuser=0&hl=en&rclk=1,2026-06-30 01:27:43.983847+05:00,4.5,15,+92 318 2587778,,"Fatima Family Park, Plot ST 17B, Federal B Area Naseerabad Block 14 Gulberg Town, Karachi, Pakistan",24.9320888,67.0755951
ChIJhczLXgc-sz4R0OEkuu5dUSw,al-nadi-al-burhani-sports-complex-jhczlx,Al Nadi Al Burhani Sports Complex,padel,"padel,billiards,box-cricket,futsal,squash,swimming",https://www.google.com/maps/place/Al+Nadi+Al+Burhani+Sports+Complex/data=!4m7!3m6!1s0x3eb33e075ecbcc85:0x2c515deeba24e1d0!8m2!3d24.8455728!4d67.004107!16s%2Fg%2F11cm016fq4!19sChIJhczLXgc-sz4R0OEkuu5dUSw?authuser=0&hl=en&rclk=1,2026-06-30 01:27:43.983847+05:00,4.5,991,+92 336 2525353,,"Al Nadi Al Burhani Sports Complex، Old Queens Road, Karachi،, Pakistan Railways Bridge, City Railway Colony, Karachi, 74200, Pakistan",24.8455728,67.00410699999999
ChIJF_sGAkc_sz4R71RWgcXWNd4,al-hamra-futsal-court-jf_sga,Al hamra futsal court,futsal,futsal,https://www.google.com/maps/place/Al+hamra+futsal+court/data=!4m7!3m6!1s0x3eb33f470206fb17:0xde35d6c5815654ef!8m2!3d24.9274849!4d67.078458!16s%2Fg%2F11fx_3wvv8!19sChIJF_sGAkc_sz4R71RWgcXWNd4?authuser=0&hl=en&rclk=1,2026-06-30 01:27:43.983847+05:00,4.0,46,,,"R1034 Block 15, Gulberg Town, Karachi, Pakistan",24.9274849,67.078458
ChIJWZZ2XQA_sz4Rhkvy46GR2AI,al-wasif-ground-jwzz2x,Al-wasif ground,futsal,futsal,https://www.google.com/maps/place/Al-wasif+ground/data=!4m7!3m6!1s0x3eb33f005d769659:0x2d891a1e3f24b86!8m2!3d24.8885625!4d67.0359375!16s%2Fg%2F11ymmr4d4_!19sChIJWZZ2XQA_sz4Rhkvy46GR2AI?authuser=0&hl=en&rclk=1,2026-06-30 01:27:43.983847+05:00,4.2,132,,,"ground, V2QP+C96 Azam tariq, fotball, Goth Dad Muhammad, Karachi, Pakistan",24.8885625,67.0359375
ChIJ9--PQAc9sz4RoYG1Rliamd8,alaska-restaurant-j9--pq,Alaska Restaurant,shisha,shisha,https://www.google.com/maps/place/Alaska+Restaurant/data=!4m7!3m6!1s0x3eb33d07408feff7:0xdf999a5846b581a1!8m2!3d24.8087593!4d67.031438!16s%2Fg%2F11qnjwdsqf!19sChIJ9--PQAc9sz4RoYG1Rliamd8?authuser=0&hl=en&rclk=1,2026-06-30 01:27:43.983847+05:00,3.8,1079,+92 311 0044441,,"Bungalow No. F-65, K.D.A. Scheme, 5, Clifton, Block 4 Clifton, Karachi, 75600, Pakistan",24.8087593,67.031438
ChIJBV66tq09sz4RWwW4JdPj9o4,ali-art-studio-jbv66t,Ali Art Studio,board-game-paint-cafe,"board-game-paint-cafe,pottery-art",https://www.google.com/maps/place/Ali+Art+Studio/data=!4m7!3m6!1s0x3eb33dadb6ba5e05:0x8ef6e3d325b8055b!8m2!3d24.801683!4d67.037579!16s%2Fg%2F11f4m6s529!19sChIJBV66tq09sz4RWwW4JdPj9o4?authuser=0&hl=en&rclk=1,2026-06-30 01:27:43.983847+05:00,4.8,53,+92 323 2249349,https://www.aliartstudio.com/,"Plot - 5C, 1st floor, Ali Art Studio, Lane 1, Saba Commercial Area Defence V Defence Housing Authority, Karachi, 75500, Pakistan",24.801683,67.037579
ChIJIXuOGoY_sz4RV1lTkR_8E2k,alys-snooker-parlour-jixuog,Alys snooker parlour,billiards,billiards,https://www.google.com/maps/place/Alys+snooker+parlour/data=!4m7!3m6!1s0x3eb33f861a8e7b21:0x6913fc1f91535957!8m2!3d24.8629816!4d67.0263528!16s%2Fg%2F11h1m3jbjd!19sChIJIXuOGoY_sz4RV1lTkR_8E2k?authuser=0&hl=en&rclk=1,2026-06-30 01:27:43.983847+05:00,3.9,9,+92 21 32242364,,"Empress Market Karachi, Pakistan",24.862981599999998,67.0263528
ChIJoWouWKQ9sz4RNQIGSqfvPIY,amir-khusro-park-jowouw,Amir Khusro Park,parks,parks,https://www.google.com/maps/place/Amir+Khusro+Park/data=!4m7!3m6!1s0x3eb33da4582e6aa1:0x863cefa74a060235!8m2!3d24.8132333!4d67.0308656!16s%2Fg%2F1tfpn54r!19sChIJoWouWKQ9sz4RNQIGSqfvPIY?authuser=0&hl=en&rclk=1,2026-06-30 01:27:43.983847+05:00,4.2,550,,,"108 Hatim Alvi Rd, Block 5 Old Clifton, Karachi, 75600, Pakistan",24.8132333,67.0308656
ChIJCVHyr7o_sz4RIF051OdtNJ8,amroha-club-jcvhyr,Amroha Club,tennis,tennis,https://www.google.com/maps/place/Amroha+Club/data=!4m7!3m6!1s0x3eb33fbaaff25109:0x9f346de7d4395d20!8m2!3d24.935853!4d67.0674281!16s%2Fg%2F11j8lphfvt!19sChIJCVHyr7o_sz4RIF051OdtNJ8?authuser=0&hl=en&rclk=1,2026-06-30 01:27:43.983847+05:00,3.4,9,+92 21 36365598,,"Plot ST 81 Ziauddin Rd, Federal B Area Block 13 Gulberg Town, Karachi, Pakistan",24.935852999999998,67.0674281
ChIJ6SuQJGk-sz4R3-6AHtd68bc,apple-studio-j6suqj,Apple Studio,music-rooms,music-rooms,https://www.google.com/maps/place/Apple+Studio/data=!4m7!3m6!1s0x3eb33e6924902be9:0xb7f17ad71e80eedf!8m2!3d24.8676892!4d67.0309594!16s%2Fg%2F11c1s0w9nm!19sChIJ6SuQJGk-sz4R3-6AHtd68bc?authuser=0&hl=en&rclk=1,2026-06-30 01:27:43.983847+05:00,4.1,22,+92 331 3355043,https://www.facebook.com/apple.studio.productions,"V29J+39G Apple Studio, Central Jacob Lines Karachi, Pakistan",24.867689199999997,67.0309594
ChIJAXLlb-4_sz4RKMxHHSft-jk,aqua-swimming-pool-jaxllb,Aqua Swimming Pool,swimming,swimming,https://www.google.com/maps/place/Aqua+Swimming+Pool/data=!4m7!3m6!1s0x3eb33fee6fe57201:0x39faed271d47cc28!8m2!3d24.9205061!4d67.0007249!16s%2Fg%2F11hzkdf6d0!19sChIJAXLlb-4_sz4RKMxHHSft-jk?authuser=0&hl=en&rclk=1,2026-06-30 01:27:43.983847+05:00,4.1,137,+92 346 2228041,http://www.facebook.com/aquapoolmetroville,"Metroville Rd, Metroville Sector 4 Sindh Industrial Trading Estate, Karachi, Pakistan",24.920506099999997,67.0007249
ChIJJVijrUM_sz4RioywLBqHK4o,aquatic-adventureland-jjvijr,Aquatic Adventureland,adventure-parks,adventure-parks,https://www.google.com/maps/place/Aquatic+Adventureland/data=!4m7!3m6!1s0x3eb33f43ada35825:0x8a2b871a2cb08c8a!8m2!3d24.9348417!4d67.0398109!16s%2Fg%2F11vwlrkxz0!19sChIJJVijrUM_sz4RioywLBqHK4o?authuser=0&hl=en&rclk=1,2026-06-30 01:27:43.983847+05:00,3.9,121,+92 333 1299909,https://www.aquatic.com.pk/,"Phase-2, Aquatic Adventureland, Roof Top, D-11, inside The North Walk Mall, Block C North Nazimabad Town, Karachi, Pakistan",24.9348417,67.03981089999999
ChIJFcwYOHE-sz4RuMAN8GKTdz0,arabian-lounge-jfcwyo,Arabian Lounge,shisha,shisha,https://www.google.com/maps/place/Arabian+Lounge/data=!4m7!3m6!1s0x3eb33e713818cc15:0x3d779362f00dc0b8!8m2!3d24.8560625!4d67.0301875!16s%2Fg%2F11c7lf75pn!19sChIJFcwYOHE-sz4RuMAN8GKTdz0?authuser=0&hl=en&rclk=1,2026-06-30 01:27:43.983847+05:00,3.6,43,+92 300 2387600,,"Atrium Mall & Cinemas, MBL Panorama Karachi Cantonment, Karachi, Pakistan",24.8560625,67.0301875
ChIJVfvKKLg9sz4Rk_pIltNxLug,arabian-nights-jvfvkk,Arabian Nights,shisha,shisha,https://www.google.com/maps/place/Arabian+Nights/data=!4m7!3m6!1s0x3eb33db828cafb55:0xe82e71d39648fa93!8m2!3d24.8258076!4d67.034051!16s%2Fg%2F1tfyzlrt!19sChIJVfvKKLg9sz4Rk_pIltNxLug?authuser=0&hl=en&rclk=1,2026-06-30 01:27:43.983847+05:00,3.8,971,+92 322 2353366,http://www.arabiannights.pk/,"Schon Circle, Service Ln, near Khayaban-e-Iqbal Underpass, Block 5 Clifton, Karachi, 74000, Pakistan",24.825807599999997,67.03405099999999
ChIJ12h7DgA_sz4RQpI-AgthVIM,aranzee-arena-j12h7d,Aranzee Arena,box-cricket,"box-cricket,futsal",https://www.google.com/maps/place/Aranzee+Arena/data=!4m7!3m6!1s0x3eb33f000e7b68d7:0x8354610b023e9242!8m2!3d24.9268293!4d67.060445!16s%2Fg%2F11ldtydjrm!19sChIJ12h7DgA_sz4RQpI-AgthVIM?authuser=0&hl=en&rclk=1,2026-06-30 01:27:43.983847+05:00,4.2,50,+92 333 2226424,,"Plot LS 16, F.B Area Block 6 Block 6 Gulberg Town, Karachi, Pakistan",24.926829299999998,67.060445
ChIJL6ArBcw-sz4RdE_dF04BXPw,arena-family-recreational-sports-complex-jl6arb,Arena - Family Recreational & Sports Complex,bowling,"bowling,board-game-paint-cafe,box-cricket,laser-tag,paintball,parks,skating",https://www.google.com/maps/place/Arena+-+Family+Recreational+%26+Sports+Complex/data=!4m7!3m6!1s0x3eb33ecc052ba02f:0xfc5c014e17dd4f74!8m2!3d24.887577!4d67.089838!16s%2Fg%2F1tzlxfjm!19sChIJL6ArBcw-sz4RdE_dF04BXPw?authuser=0&hl=en&rclk=1,2026-06-30 01:27:43.983847+05:00,4.3,13165,+92 21 99245251,https://arena.net.pk/,"Arena - Family Recreational & Sports Complex، Karsaz Road, Karsaz Faisal Cantonment, Karachi, Pakistan",24.887577,67.089838
ChIJm1UpX6Q_sz4Rr1QnDlJyIpk,art-barn-jm1upx,Art Barn,board-game-paint-cafe,"board-game-paint-cafe,pottery-art",https://www.google.com/maps/place/Art+Barn/data=!4m7!3m6!1s0x3eb33fa45f29559b:0x992272520e2754af!8m2!3d24.8619982!4d67.0683114!16s%2Fg%2F11m6lhrypy!19sChIJm1UpX6Q_sz4Rr1QnDlJyIpk?authuser=0&hl=en&rclk=1,2026-06-30 01:27:43.983847+05:00,4.9,13,,https://www.instagram.com/artbarnn,"Block-6 Block 6 P.E.C.H.S., Karachi, Pakistan",24.8619982,67.0683114
ChIJCSNN2zE_sz4RKrhdxF7UrYw,art-ishq-jcsnn2,Art Ishq,pottery-art,pottery-art,https://www.google.com/maps/place/Art+Ishq/data=!4m7!3m6!1s0x3eb33f31db4d2309:0x8cadd45ec45db82a!8m2!3d24.9191314!4d67.0695486!16s%2Fg%2F11pd7ffzlg!19sChIJCSNN2zE_sz4RKrhdxF7UrYw?authuser=0&hl=en&rclk=1,2026-06-30 01:27:43.983847+05:00,4.7,20,+92 346 2053043,,"8th St, Azizabad Block 8 Gulberg Town, Karachi, Pakistan",24.919131399999998,67.06954859999999
ChIJE71d9VM8sz4RMFG5A_gAUPA,art-scene-gallery-je71d9,Art Scene Gallery,museums-galleries,museums-galleries,https://www.google.com/maps/place/Art+Scene+Gallery/data=!4m7!3m6!1s0x3eb33c53f55dbd13:0xf05000f803b95130!8m2!3d24.8084872!4d67.0346206!16s%2Fg%2F1232pj55j!19sChIJE71d9VM8sz4RMFG5A_gAUPA?authuser=0&hl=en&rclk=1,2026-06-30 01:27:43.983847+05:00,4.4,84,+92 21 35371914,,"26th Street, Block 4 F-39/1 Clifton, Karachi, 75500, Pakistan",24.8084872,67.0346206
ChIJkzaeRr49sz4RRZIwN-Dh4KQ,artchowk-the-gallery-jkzaer,ArtChowk the Gallery,museums-galleries,museums-galleries,https://www.google.com/maps/place/ArtChowk+the+Gallery/data=!4m7!3m6!1s0x3eb33dbe469e3693:0xa4e0e1e037309245!8m2!3d24.7945073!4d67.0495466!16s%2Fg%2F11p6534jfm!19sChIJkzaeRr49sz4RRZIwN-Dh4KQ?authuser=0&hl=en&rclk=1,2026-06-30 01:27:43.983847+05:00,4.5,98,+92 21 35856030,,"1st Floor, ArtChowk the Gallery, 39-C Khayaban-e-Seher, D.H.A Phase 6 Shahbaz Commercial Area Phase 6 Defence Housing Authority, Karachi, 75500, Pakistan",24.7945073,67.0495466
ChIJlzB7Qek8sz4RssgzuglFD7s,artciti-gallery-jlzb7q,Artciti Gallery,museums-galleries,museums-galleries,https://www.google.com/maps/place/Artciti+Gallery/data=!4m7!3m6!1s0x3eb33ce9417b3097:0xbb0f4509ba33c8b2!8m2!3d24.7918853!4d67.0637893!16s%2Fg%2F1yg5786tw!19sChIJlzB7Qek8sz4RssgzuglFD7s?authuser=0&hl=en&rclk=1,2026-06-30 01:27:43.983847+05:00,4.4,121,+92 21 35250495,https://artciti.com/,"Artciti Gallery، Plot # 36C, 2nd Floor,، Lane 13 Khayaban-e-Bukhari, Bukhari Commercial Area Phase 6 Defence Housing Authority, Karachi, 75500, Pakistan",24.7918853,67.0637893
ChIJd9oSbQs-sz4R7Fw1utnez60,arts-council-of-pakistan-karachi-acpkhi-jd9osb,"Arts Council of Pakistan, Karachi (ACPKHI)",board-game-paint-cafe,"board-game-paint-cafe,museums-galleries","https://www.google.com/maps/place/Arts+Council+of+Pakistan,+Karachi+%28ACPKHI%29/data=!4m7!3m6!1s0x3eb33e0b6d12da77:0xadcfded9ba355cec!8m2!3d24.8530063!4d67.0208892!16s%2Fg%2F1td9c73j!19sChIJd9oSbQs-sz4R7Fw1utnez60?authuser=0&hl=en&rclk=1",2026-06-30 01:27:43.983847+05:00,4.4,3306,+92 21 111 227 544,https://www.acpkhi.com/,"M. R, Kiyani Road, Karachi, 74200, Pakistan",24.8530063,67.0208892
ChIJ_5Pfxpo_sz4RA7b-B-0k9Rg,asfar-ali-music-studio-j_5pfx,Asfar Ali Music Studio,music-rooms,music-rooms,https://www.google.com/maps/place/Asfar+Ali+Music+Studio/data=!4m7!3m6!1s0x3eb33f9ac6df93ff:0x18f524ed07feb603!8m2!3d24.9064904!4d67.0441801!16s%2Fg%2F11g4lgv2_2!19sChIJ_5Pfxpo_sz4RA7b-B-0k9Rg?authuser=0&hl=en&rclk=1,2026-06-30 01:27:43.983847+05:00,4.3,6,+92 320 2476173,https://asfaralimusic.blogspot.com/,"Asfar Ali Music Studio، Amjad Sabri Street 3/618, 3rd St، near furqania Masjid, Block 3 Liaquatabad Town, Karachi, 75900, Pakistan",24.9064904,67.04418009999999
ChIJfXXqm84_sz4RBpMET5GljFc,asifabad-cricket-ground-jfxxqm,Asifabad Cricket Ground,box-cricket,box-cricket,https://www.google.com/maps/place/Asifabad+Cricket+Ground/data=!4m7!3m6!1s0x3eb33fce9bea757d:0x578ca5914f049306!8m2!3d24.8980956!4d67.0147347!16s%2Fg%2F119vttplp!19sChIJfXXqm84_sz4RBpMET5GljFc?authuser=0&hl=en&rclk=1,2026-06-30 01:27:43.983847+05:00,3.9,404,,,"V2X7+6VQ Asifabad Cricket Ground, Pak Colony Sindh Industrial Trading Estate, Karachi, Pakistan",24.898095599999998,67.01473469999999
ChIJ-bfUyh44sz4R17txWQo4gBE,askari-5-park-j-bfuy,Askari 5 Park,futsal,"futsal,parks",https://www.google.com/maps/place/Askari+5+Park/data=!4m7!3m6!1s0x3eb3381ecad4b7f9:0x1180380a5971bbd7!8m2!3d24.9457315!4d67.1836807!16s%2Fg%2F11c0w07_9k!19sChIJ-bfUyh44sz4R17txWQo4gBE?authuser=0&hl=en&rclk=1,2026-06-30 01:27:43.983847+05:00,4.3,907,,,"W5WM+7FV Askari 5 Park, Malir Cantonment, Karachi, Pakistan",24.945731499999997,67.1836807
ChIJ5xFamlQ8sz4RQcDgFNuX3yQ,atelier-school-of-art-and-design-j5xfam,Atelier School of Art and Design,pottery-art,pottery-art,https://www.google.com/maps/place/Atelier+School+of+Art+and+Design/data=!4m7!3m6!1s0x3eb33c549a5a11e7:0x24df97db14e0c041!8m2!3d24.8131685!4d67.0483071!16s%2Fg%2F11gfn63lvf!19sChIJ5xFamlQ8sz4RQcDgFNuX3yQ?authuser=0&hl=en&rclk=1,2026-06-30 01:27:43.983847+05:00,5.0,59,+92 333 8555945,http://atelierschool.art/,"14th St, DHA Phase 5 Stadium Commercial Area Defence V Defence Housing Authority, Karachi, 75500, Pakistan",24.8131685,67.0483071
ChIJ4bzpcJg_sz4R7zRZBNikpFg,audizone-j4bzpc,AudiZone,music-rooms,music-rooms,https://www.google.com/maps/place/AudiZone/data=!4m7!3m6!1s0x3eb33f9870e9bce1:0x58a4a4d8045934ef!8m2!3d24.8726428!4d67.059412!16s%2Fg%2F11j2062rb_!19sChIJ4bzpcJg_sz4R7zRZBNikpFg?authuser=0&hl=en&rclk=1,2026-06-30 01:27:43.983847+05:00,4.8,46,+92 332 2224696,,"Block 2 P.E.C.H.S., Karachi, 75400, Pakistan",24.872642799999998,67.059412
ChIJdSBCbXY-sz4R0LYF-mE8_Pk,audio-lab-studio-karachi-jdsbcb,Audio Lab Studio karachi,music-rooms,music-rooms,https://www.google.com/maps/place/Audio+Lab+Studio+karachi/data=!4m7!3m6!1s0x3eb33e766d422075:0xf9fc3c61fa05b6d0!8m2!3d24.8512797!4d67.0292386!16s%2Fg%2F11f15d059j!19sChIJdSBCbXY-sz4R0LYF-mE8_Pk?authuser=0&hl=en&rclk=1,2026-06-30 01:27:43.983847+05:00,4.3,15,+92 346 3259989,,"sadar, trade tower suit#814. 8th floor near governer house gate no.4, Civil Lines, Karachi, Pakistan",24.8512797,67.0292386
ChIJo00ScAA_sz4RNAw5Fyp9xHQ,az-gaming-studio-jo00sc,Az gaming studio,arcades,arcades,https://www.google.com/maps/place/Az+gaming+studio/data=!4m7!3m6!1s0x3eb33f0070124da3:0x74c47d2a17390c34!8m2!3d24.9312062!4d67.0787095!16s%2Fg%2F11vzpxkpdy!19sChIJo00ScAA_sz4RNAw5Fyp9xHQ?authuser=0&hl=en&rclk=1,2026-06-30 01:27:43.983847+05:00,4.7,29,+92 314 8905558,,"Masoomeen Rd, Block 15 Gulberg Town, Karachi, 75950, Pakistan",24.9312062,67.0787095
ChIJBUZK0wI_sz4REhaWD0WeDXI,azam-nagar-fc-jbuzk0,Azam Nagar FC,futsal,futsal,https://www.google.com/maps/place/Azam+Nagar+FC/data=!4m7!3m6!1s0x3eb33f02d34a4605:0x720d9e450f961612!8m2!3d24.9010856!4d67.0585225!16s%2Fg%2F11c1xpy636!19sChIJBUZK0wI_sz4REhaWD0WeDXI?authuser=0&hl=en&rclk=1,2026-06-30 01:27:43.983847+05:00,3.9,358,+92 336 7778161,,"35/1 Altaf Ali Barelvi Rd, Qasim Abad Rafiqabad, Karachi, Pakistan",24.9010856,67.0585225
ChIJx0I2qZM-sz4RoLn8JMhBqHA,black8-snooker-club-jx0i2q,BLACK8 Snooker Club,billiards,billiards,https://www.google.com/maps/place/BLACK8+Snooker+Club/data=!4m7!3m6!1s0x3eb33e93a93642c7:0x70a841c824fcb9a0!8m2!3d24.8776319!4d67.0687773!16s%2Fg%2F11hb6hvsxv!19sChIJx0I2qZM-sz4RoLn8JMhBqHA?authuser=0&hl=en&rclk=1,2026-06-30 01:27:43.983847+05:00,4.5,147,+92 302 2400741,https://www.facebook.com/Black-Eight-Snooker-Club-203561243617716/,"Main Shaheed-e-Millat Rd, Delhi Mercantile Society, Karachi, 75500, Pakistan",24.877631899999997,67.0687773
ChIJv9oHHRQ8sz4RbAJbFAR_qX8,baba-snooker-zone-jv9ohh,Baba Snooker Zone,billiards,billiards,https://www.google.com/maps/place/Baba+Snooker+Zone/data=!4m7!3m6!1s0x3eb33c141d07dabf:0x7fa97f04145b026c!8m2!3d24.8401744!4d67.075482!16s%2Fg%2F11fzf64kqf!19sChIJv9oHHRQ8sz4RbAJbFAR_qX8?authuser=0&hl=en&rclk=1,2026-06-30 01:27:43.983847+05:00,4.0,46,+92 321 2204289,,"B, Street Number 10, Sector Sector B Akhtar Colony, Karachi, 07564, Pakistan",24.8401744,67.075482
ChIJ1UWQtqU_sz4R0l-KmwremeA,babara-ground-j1uwqt,Babara Ground,futsal,futsal,https://www.google.com/maps/place/Babara+Ground/data=!4m7!3m6!1s0x3eb33fa5b69045d5:0xe099de0a9b8a5fd2!8m2!3d24.8863124!4d67.0150583!16s%2Fg%2F11rd_24wpb!19sChIJ1UWQtqU_sz4R0l-KmwremeA?authuser=0&hl=en&rclk=1,2026-06-30 01:27:43.983847+05:00,4.2,5,,,"V2P8+G2F Babara Ground, Golimar Sindh Industrial Trading Estate, Karachi, Pakistan",24.886312399999998,67.01505829999999
ChIJNRFBL7M_sz4RTPLo5u6yAQk,babu-ground-jnrfbl,Babu Ground,box-cricket,box-cricket,https://www.google.com/maps/place/Babu+Ground/data=!4m7!3m6!1s0x3eb33fb32f411135:0x901b2eee6e8f24c!8m2!3d24.8693205!4d67.0547674!16s%2Fg%2F11h39yh6cv!19sChIJNRFBL7M_sz4RTPLo5u6yAQk?authuser=0&hl=en&rclk=1,2026-06-30 01:27:43.983847+05:00,3.9,138,+92 334 2586258,,"V393+PWC Babu Ground, Block 2 P.E.C.H.S., Karachi, Pakistan",24.8693205,67.0547674
ChIJue4rzV08sz4RjfHRAsmM7hI,badar-hilal-futsal-court-dha-phase-6-jue4rz,Badar/Hilal Futsal Court DHA Phase 6,futsal,futsal,https://www.google.com/maps/place/Badar%2FHilal+Futsal+Court+DHA+Phase+6/data=!4m7!3m6!1s0x3eb33c5dcd2beeb9:0x12ee8cc902d1f18d!8m2!3d24.8174232!4d67.0673295!16s%2Fg%2F11g68tn68s!19sChIJue4rzV08sz4RjfHRAsmM7hI?authuser=0&hl=en&rclk=1,2026-06-30 01:27:43.983847+05:00,4.3,77,,,"R388+XW8 Badar/Hilal Futsal Court DHA Phase 6, Phase 6 Defence Housing Authority, Karachi, 75500, Pakistan",24.8174232,67.0673295
ChIJv73nAgA9sz4RN5q3u1gTKbg,bagh-ibn-e-qasim-park-jv73na,Bagh Ibn-e-Qasim Park,adventure-parks,adventure-parks,https://www.google.com/maps/place/Bagh+Ibn-e-Qasim+Park/data=!4m7!3m6!1s0x3eb33d0002e7bdbf:0xb8291358bbb79a37!8m2!3d24.8102003!4d67.025237!16s%2Fm%2F02ps_rq!19sChIJv73nAgA9sz4RN5q3u1gTKbg?authuser=0&hl=en&rclk=1,2026-06-30 01:27:43.983847+05:00,4.2,4468,,,"near the Clifton Beach, Block 3 Clifton, Karachi, 75600, Pakistan",24.810200299999998,67.02523699999999
ChIJE_fhTnU-sz4RrXMo7ZCO7EE,bagh-e-jinnah-je_fht,Bagh-e-Jinnah,futsal,"futsal,parks",https://www.google.com/maps/place/Bagh-e-Jinnah/data=!4m7!3m6!1s0x3eb33e754ee1f713:0x41ec8e90ed2873ad!8m2!3d24.8499144!4d67.0234995!16s%2Fm%2F0n50jnj!19sChIJE_fhTnU-sz4RrXMo7ZCO7EE?authuser=0&hl=en&rclk=1,2026-06-30 01:27:43.983847+05:00,4.3,934,,,"R2XF+X99 Bagh-e-Jinnah, Dr Ziauddin Ahmed Rd, Civil Lines, Karachi, Pakistan",24.8499144,67.0234995
ChIJjzhdM-o-sz4RPVnJ236OsRw,bahadurabad-chat-house-jjzhdm,Bahadurabad Chat House,shisha,shisha,https://www.google.com/maps/place/Bahadurabad+Chat+House/data=!4m7!3m6!1s0x3eb33eea335d388f:0x1cb18e7edbc9593d!8m2!3d24.8827338!4d67.0673996!16s%2Fg%2F1v2kvy09!19sChIJjzhdM-o-sz4RPVnJ236OsRw?authuser=0&hl=en&rclk=1,2026-06-30 01:27:43.983847+05:00,3.4,25,,,"V3M8+3XR Bahadurabad Chat House, Bahadurabad BMCHS Sharafabad, Karachi, Pakistan",24.8827338,67.0673996
ChIJsQhKcgAVsz4RiyPM15swIfI,baldia-sports-indoor-cricket-and-football-court-jsqhkc,Baldia Sports (Indoor Cricket and Football Court),box-cricket,box-cricket,https://www.google.com/maps/place/Baldia+Sports+%28Indoor+Cricket+and+Football+Court%29/data=!4m7!3m6!1s0x3eb31500724a08b1:0xf221309bd7cc238b!8m2!3d24.9108125!4d66.9569375!16s%2Fg%2F11yc0wmw56!19sChIJsQhKcgAVsz4RiyPM15swIfI?authuser=0&hl=en&rclk=1,2026-06-30 01:27:43.983847+05:00,4.7,9,+92 311 0879707,,"Swat Colony Mohajir Camp Gulshan e Habib, Karachi, Pakistan",24.9108125,66.9569375
ChIJr2JP9Gw-sz4RmdOW_YkHxRI,bambino-cinema-jr2jp9,Bambino Cinema,cinemas,cinemas,https://www.google.com/maps/place/Bambino+Cinema/data=!4m7!3m6!1s0x3eb33e6cf44f62af:0x12c50789fd96d399!8m2!3d24.8641518!4d67.0253636!16s%2Fm%2F03c954g!19sChIJr2JP9Gw-sz4RmdOW_YkHxRI?authuser=0&hl=en&rclk=1,2026-06-30 01:27:43.983847+05:00,3.5,852,,,"Bridge Apartment, Bambino Cinema, Garden Rd, Saddar Town, Karachi, Sindh, Depot Rd, Preedy Quarters, Karachi, Pakistan",24.8641518,67.02536359999999
ChIJbctVFbA-sz4RlYUBU2hctcA,bangalore-town-family-park-jbctvf,Bangalore Town Family Park,parks,parks,https://www.google.com/maps/place/Bangalore+Town+Family+Park/data=!4m7!3m6!1s0x3eb33eb01555cb6d:0xc0b55c6853018595!8m2!3d24.8707745!4d67.0836712!16s%2Fg%2F11c2kk6bs7!19sChIJbctVFbA-sz4RlYUBU2hctcA?authuser=0&hl=en&rclk=1,2026-06-30 01:27:43.983847+05:00,4.3,977,,,"Bangalore Town Block A Gulshan-e-Iqbal, Karachi, Pakistan",24.8707745,67.0836712
ChIJrdTPMQA5sz4RFyohMZeMhhw,battlefield-by-sports-club-jrdtpm,Battlefield by Sports Club,futsal,futsal,https://www.google.com/maps/place/Battlefield+by+Sports+Club/data=!4m7!3m6!1s0x3eb3390031cfd4ad:0x1c868c9731212a17!8m2!3d24.9181875!4d67.1304375!16s%2Fg%2F11vz1_21g_!19sChIJrdTPMQA5sz4RFyohMZeMhhw?authuser=0&hl=en&rclk=1,2026-06-30 01:27:43.983847+05:00,4.5,58,+92 319 3008828,,"W49J+759 Battlefield by Sports Club, Block 14 Gulistan-e-Johar, Karachi, Pakistan",24.9181875,67.1304375
ChIJGb5YRN48sz4RnjkdDlB50Xo,beach-view-club-jgb5yr,Beach View Club,swimming,"swimming,billiards",https://www.google.com/maps/place/Beach+View+Club/data=!4m7!3m6!1s0x3eb33cde4458be19:0x7ad179500e1d399e!8m2!3d24.783642!4d67.0503274!16s%2Fg%2F1hd_zp63b!19sChIJGb5YRN48sz4RnjkdDlB50Xo?authuser=0&hl=en&rclk=1,2026-06-30 01:27:43.983847+05:00,4.2,2252,+92 21 35850635,https://www.dhakarachi.org/,"Sea View Rd, D.H.A Phase 6 Darakhshan Villas Phase 6 Defence Housing Authority, Karachi, 75500, Pakistan",24.783642,67.0503274
ChIJk_5vHAA9sz4RCZV1mtKJzdA,beaumont-house-jk_5vh,Beaumont House,heritage,heritage,https://www.google.com/maps/place/Beaumont+House/data=!4m7!3m6!1s0x3eb33d001c6ffe93:0xd0cd89d29a759509!8m2!3d24.8460722!4d67.0245778!16s%2Fg%2F11ylr3wvw4!19sChIJk_5vHAA9sz4RCZV1mtKJzdA?authuser=0&hl=en&rclk=1,2026-06-30 01:27:43.983847+05:00,4.6,11,+92 323 8654912,,"10/2 Beaumont Rd, Civil Lines Karachi, 75530, Pakistan",24.8460722,67.0245778
ChIJEbQ5GHs_sz4RtUKusi-EDpo,beef-smash-jebq5g,Beef Smash,board-game-paint-cafe,board-game-paint-cafe,https://www.google.com/maps/place/Beef+Smash/data=!4m7!3m6!1s0x3eb33f7b1839b411:0x9a0e842fb2ae42b5!8m2!3d24.878139!4d67.0666738!16s%2Fg%2F11r_n20wbn!19sChIJEbQ5GHs_sz4RtUKusi-EDpo?authuser=0&hl=en&rclk=1,2026-06-30 01:27:43.983847+05:00,4.6,1729,+92 332 2200676,https://beefsmash.com/,"101, Plot No. D, Beef Smash, Shop, 4, Delhi Mercantile Society Block 3, Karachi, 75100, Pakistan",24.878138999999997,67.0666738
ChIJB-4Ybho-sz4R-szGpnPTJWE,big-boss-fitness-challenge-jb-4yb,Big Boss Fitness Challenge,box-cricket,box-cricket,https://www.google.com/maps/place/Big+Boss+Fitness+Challenge/data=!4m7!3m6!1s0x3eb33e1a6e18ee07:0x6125d373a6c6ccfa!8m2!3d24.8731656!4d67.0666588!16s%2Fg%2F11dylwd040!19sChIJB-4Ybho-sz4R-szGpnPTJWE?authuser=0&hl=en&rclk=1,2026-06-30 01:27:43.983847+05:00,4.3,37,+92 321 2442677,,"Union Club St, inside Union Club، Darul Aman Society P.E.C.H.S., Karachi, Pakistan",24.8731656,67.0666588
ChIJ7zOh8hk9sz4RS6_zRAN20Sc,big-tree-house-j7zoh8,Big Tree House,shisha,shisha,https://www.google.com/maps/place/Big+Tree+House/data=!4m7!3m6!1s0x3eb33d19f2a133ef:0x27d1760344f3af4b!8m2!3d24.818019!4d67.0339692!16s%2Fg%2F11qnt5wd5b!19sChIJ7zOh8hk9sz4RS6_zRAN20Sc?authuser=0&hl=en&rclk=1,2026-06-30 01:27:43.983847+05:00,4.0,2698,+92 300 8870999,https://bigtreehouse.co/?fbclid=IwAR2n5UCe8g9R22HsfoMKrtORbUePWKYdw9Q_flSAbjM1sWbiQXYTK6hxXuI,"Bungalow No.76 Hatim Alvi Road, Old Clifton Rd, Karachi, Defence V Karachi, 75500, Pakistan",24.818019,67.0339692
ChIJb1Nklwk9sz4RuIbp-mwbCi4,boat-basin-park-jb1nkl,Boat Basin Park,parks,parks,https://www.google.com/maps/place/Boat+Basin+Park/data=!4m7!3m6!1s0x3eb33d099764536f:0x2e0a1b6cfae986b8!8m2!3d24.8232801!4d67.0194789!16s%2Fm%2F04gj4zb!19sChIJb1Nklwk9sz4RuIbp-mwbCi4?authuser=0&hl=en&rclk=1,2026-06-30 01:27:43.983847+05:00,4.5,19,,,"R2F9+8Q9 Boat Basin Park, Boat Basin, Block 6 Clifton, Karachi, Pakistan",24.823280099999998,67.0194789
ChIJX2QQqko_sz4RkX-69OMquBU,boating-area-jx2qqq,Boating Area,boating,boating,https://www.google.com/maps/place/Boating+Area/data=!4m7!3m6!1s0x3eb33f4aaa10645f:0x15b82ae3f4ba7f91!8m2!3d24.8754589!4d67.0234757!16s%2Fg%2F11g_rmm81y!19sChIJX2QQqko_sz4RkX-69OMquBU?authuser=0&hl=en&rclk=1,2026-06-30 01:27:43.983847+05:00,3.5,6,,,"V2GF+59Q Boating Area, Garden East Millat Nagar, Karachi, Pakistan",24.875458899999998,67.02347569999999
ChIJ8UYmQrc9sz4RbpvoIv-GEZA,bounce-karachi-j8uymq,Bounce Karachi,trampoline,"trampoline,laser-tag",https://www.google.com/maps/place/Bounce+Karachi/data=!4m7!3m6!1s0x3eb33db7422646f1:0x901186ff22e89b6e!8m2!3d24.823889!4d67.035556!16s%2Fg%2F11ckvkjv0p!19sChIJ8UYmQrc9sz4RbpvoIv-GEZA?authuser=0&hl=en&rclk=1,2026-06-30 01:27:43.983847+05:00,4.3,991,+92 326 8054041,https://www.facebook.com/Bouncekarachi/,"2nd Floor, Bounce Karachi, Ocean Towers, Block 9 Clifton, Karachi, 75600, Pakistan",24.823888999999998,67.035556
ChIJOx8k7ws-sz4RFMjhMQyzOHA,burns-gardens-karachi-jox8k7,Burns Gardens Karachi,parks,parks,https://www.google.com/maps/place/Burns+Gardens+Karachi/data=!4m7!3m6!1s0x3eb33e0bef241f3b:0x7038b30c31e1c814!8m2!3d24.853166!4d67.0173714!16s%2Fg%2F1vxvgbgn!19sChIJOx8k7ws-sz4RFMjhMQyzOHA?authuser=0&hl=en&rclk=1,2026-06-30 01:27:43.983847+05:00,4.2,1230,,,"Dr Ziauddin Ahmed Rd, Saddar Karachi, Pakistan",24.853165999999998,67.0173714
ChIJTyBdTY8_sz4R5NO6mDsQ-ow,c-b-r-snooker-club-jtybdt,C.B.R Snooker Club ||,billiards,billiards,https://www.google.com/maps/place/C.B.R+Snooker+Club+%7C%7C/data=!4m7!3m6!1s0x3eb33f8f4d5d204f:0x8cfa103b98bad3e4!8m2!3d24.8677895!4d67.0529465!16s%2Fg%2F11ylc17xjk!19sChIJTyBdTY8_sz4R5NO6mDsQ-ow?authuser=0&hl=en&rclk=1,2026-06-30 01:27:43.983847+05:00,4.3,6,+92 21 34388578,,"Plot# 107-G, Mezzanine Floor Portion, Spinzer's Dream, Khalid Bin Waleed Road, 2 block, near Noorani kabab House, opposite Asre Shereen, Block 2 P.E.C.H.S., Karachi, 75300, Pakistan",24.867789499999997,67.05294649999999
ChIJQ-3iZLI_sz4R6PDASPQYx0w,cafe-panchayat-jq-3iz,CAFE PANCHAYAT,board-game-paint-cafe,board-game-paint-cafe,https://www.google.com/maps/place/CAFE+PANCHAYAT/data=!4m7!3m6!1s0x3eb33fb264e2ed43:0x4cc718f448c0f0e8!8m2!3d24.9141707!4d67.0337257!16s%2Fg%2F11fl08rjmf!19sChIJQ-3iZLI_sz4R6PDASPQYx0w?authuser=0&hl=en&rclk=1,2026-06-30 01:27:43.983847+05:00,4.3,268,,,"Plot E 8, CAFE PANCHAYAT, 12, Nazimabad No. 4 Block 4 Nazimabad, Karachi, 74600, Pakistan",24.9141707,67.03372569999999
ChIJVQvXGy9Bsz4Rh6ZlV3Fo6Tk,cothm-north-nazimabad-campus-jvqvxg,COTHM (North Nazimabad Campus),cooking-classes,cooking-classes,https://www.google.com/maps/place/COTHM+%28North+Nazimabad+Campus%29/data=!4m7!3m6!1s0x3eb3412f1bd70b55:0x39e968715765a687!8m2!3d24.9400116!4d67.0438658!16s%2Fg%2F11j4snmxrm!19sChIJVQvXGy9Bsz4Rh6ZlV3Fo6Tk?authuser=0&hl=en&rclk=1,2026-06-30 01:27:43.983847+05:00,4.3,88,+92 21 36624155,http://cothm.edu.pk/,"Plot D, COTHM (North Nazimabad Campus), 19, Block D North Nazimabad Town, Karachi, 74700, Pakistan",24.9400116,67.04386579999999
ChIJyQ0XY9c-sz4RbSDMA4I0wVA,cothm-karachi-main-campus-college-of-tourism-and-hotel-management-jyq0xy,"COTHM Karachi (Main Campus), College of Tourism and Hotel Management",cooking-classes,cooking-classes,"https://www.google.com/maps/place/COTHM+Karachi+%28Main+Campus%29,+College+of+Tourism+and+Hotel+Management/data=!4m7!3m6!1s0x3eb33ed763170dc9:0x50c1348203cc206d!8m2!3d24.8700521!4d67.0801231!16s%2Fg%2F1hhx841fg!19sChIJyQ0XY9c-sz4RbSDMA4I0wVA?authuser=0&hl=en&rclk=1",2026-06-30 01:27:43.983847+05:00,4.3,433,+92 21 34824155,http://www.cothm.edu.pk/,"92,Block 7&8, COTHM Karachi (Main Campus), College of Tourism and Hotel Management, Jinnah Co operative Housing Society ltd, Shaheed-e-Millat Rd, Karachi Memon Co-operative Housing Society Jinnah Housing Society Karachi, 75400, Pakistan",24.8700521,67.0801231
ChIJ74UgNAA_sz4RWk8LyDHxLnk,cs-arena-j74ugn,CS ARENA,padel,"padel,box-cricket",https://www.google.com/maps/place/CS+ARENA/data=!4m7!3m6!1s0x3eb33f00342085ef:0x792ef131c80b4f5a!8m2!3d24.9279215!4d67.0464873!16s%2Fg%2F11yttbqz0v!19sChIJ74UgNAA_sz4RWk8LyDHxLnk?authuser=0&hl=en&rclk=1,2026-06-30 01:27:43.983847+05:00,3.9,300,+92 300 2772335,,"F-76, Karachi, Pakistan",24.9279215,67.0464873
ChIJD-A77NQ9sz4RZ0UJBPUWWMI,csp-cricket-academy-jd-a77,CSP Cricket Academy,futsal,futsal,https://www.google.com/maps/place/CSP+Cricket+Academy/data=!4m7!3m6!1s0x3eb33dd4ec3be00f:0xc25816f504094567!8m2!3d24.8120748!4d67.0123908!16s%2Fg%2F11t506rp5w!19sChIJD-A77NQ9sz4RZ0UJBPUWWMI?authuser=0&hl=en&rclk=1,2026-06-30 01:27:43.983847+05:00,4.7,61,+92 333 2220584,http://www.cspcricketacademy.com.pk/,"Noor Ali Trust Ground, Noor e Ali Trust Ground Old, Block 2 Clifton, Karachi, 74000, Pakistan",24.812074799999998,67.01239079999999
ChIJW9MhWXU9sz4RXbnJykIzAnI,cafe-295-lounge-jw9mhw,Cafe 295 Lounge,shisha,shisha,https://www.google.com/maps/place/Cafe+295+Lounge/data=!4m7!3m6!1s0x3eb33d755921d35b:0x72023342cac9b95d!8m2!3d24.8100723!4d67.0705526!16s%2Fg%2F11w_ddn98x!19sChIJW9MhWXU9sz4RXbnJykIzAnI?authuser=0&hl=en&rclk=1,2026-06-30 01:27:43.983847+05:00,4.1,11,+92 322 0258940,,"Basement,3C, Cafe 295 Lounge, Lane 2 Khayaban-e-Rahat, behind chase mini karachi, D.H.A Phase 6 Rahat Commercial Area Phase 6 Defence Housing Authority, Karachi, 74600, Pakistan",24.810072299999998,67.0705526
ChIJOfEcUMs_sz4Rg0ezCYpiXXk,cafe-barosh-jofecu,Cafe Barosh,shisha,shisha,https://www.google.com/maps/place/Cafe+Barosh/data=!4m7!3m6!1s0x3eb33fcb501cf139:0x795d628a09b34783!8m2!3d24.9109125!4d67.0762129!16s%2Fg%2F11n05tln7r!19sChIJOfEcUMs_sz4Rg0ezCYpiXXk?authuser=0&hl=en&rclk=1,2026-06-30 01:27:43.983847+05:00,4.1,9,+92 317 3551995,http://www.facebook.com/cafebarosh,"Shop #19, Cafe Barosh, apartment, Rufi Heaven, Block 13D-2 Block 13 D 2 Gulshan-e-Iqbal, Karachi, Pakistan",24.9109125,67.0762129
ChIJeYwSXlg_sz4RE2DDRndyEHo,cafe-cocktail-jeywsx,Cafe Cocktail,shisha,shisha,https://www.google.com/maps/place/Cafe+Cocktail/data=!4m7!3m6!1s0x3eb33f585e128c79:0x7a10727746c36013!8m2!3d24.9373856!4d67.0539354!16s%2Fg%2F11thcp1f0p!19sChIJeYwSXlg_sz4RE2DDRndyEHo?authuser=0&hl=en&rclk=1,2026-06-30 01:27:43.983847+05:00,4.3,100,+92 307 5508555,,"Hockey ground, Block H North Nazimabad Town, Karachi, Pakistan",24.9373856,67.0539354
ChIJIfJZ5oNAsz4RVi4O0QrmfVg,cafe-element-jifjz5,Cafe Element,shisha,shisha,https://www.google.com/maps/place/Cafe+Element/data=!4m7!3m6!1s0x3eb34083e659f221:0x587de60ad10e2e56!8m2!3d24.9474657!4d67.0529971!16s%2Fg%2F11c5bjz_5k!19sChIJIfJZ5oNAsz4RVi4O0QrmfVg?authuser=0&hl=en&rclk=1,2026-06-30 01:27:43.983847+05:00,3.4,12,+92 345 2485845,,"W3W3+X5Q Cafe Element, Block M North Nazimabad Town, Karachi, Pakistan",24.9474657,67.0529971
ChIJN1TMi0c_sz4RR9eyd4dQE0E,cafe-hawaii-jn1tmi,Cafe Hawaii,shisha,shisha,https://www.google.com/maps/place/Cafe+Hawaii/data=!4m7!3m6!1s0x3eb33f478bcc5437:0x4113508777b2d747!8m2!3d24.933631!4d67.0995095!16s%2Fg%2F11y1s_fxvw!19sChIJN1TMi0c_sz4RR9eyd4dQE0E?authuser=0&hl=en&rclk=1,2026-06-30 01:27:43.983847+05:00,4.4,992,+92 309 1358888,,"House Number C-102, Cafe Hawaii, Karachi, near Rabbani Masjid, Block 4 Gulshan-e-Iqbal, Karachi, 75300, Pakistan",24.933631,67.0995095
ChIJxe_V4II9sz4R9n7SPz4tXdc,cafe-heights-jxe_v4,Cafe Heights,shisha,shisha,https://www.google.com/maps/place/Cafe+Heights/data=!4m7!3m6!1s0x3eb33d82e0d5efc5:0xd75d2d3e3fd27ef6!8m2!3d24.8493832!4d67.0505744!16s%2Fg%2F11y2b3sj5b!19sChIJxe_V4II9sz4R9n7SPz4tXdc?authuser=0&hl=en&rclk=1,2026-06-30 01:27:43.983847+05:00,4.5,21,+92 322 2281023,,"33 Outer, Navy Heights, near Kala Pul, main Main Korangi Rd, Navy Heights Karachi Cantonment, Karachi, Pakistan",24.8493832,67.0505744
ChIJ5UWmwOxBsz4RRRkiqXMd5L0,cafe-hill-view-j5uwmw,Cafe Hill View,shisha,shisha,https://www.google.com/maps/place/Cafe+Hill+View/data=!4m7!3m6!1s0x3eb341ecc0a645e5:0xbde41d73a9221945!8m2!3d24.9706778!4d67.0465418!16s%2Fg%2F11shy7ltdh!19sChIJ5UWmwOxBsz4RRRkiqXMd5L0?authuser=0&hl=en&rclk=1,2026-06-30 01:27:43.983847+05:00,4.4,74,+92 302 2337776,,"N 276 Iqra University Rd, near iqra university, Sector 7 B North Karachi, Karachi, Pakistan",24.970677799999997,67.0465418
ChIJAXzu-ZU9sz4RxP0HBF5IDuA,cafe-jackson-five-restaurant-jaxzu-,Cafe Jackson Five Restaurant,shisha,shisha,https://www.google.com/maps/place/Cafe+Jackson+Five+Restaurant/data=!4m7!3m6!1s0x3eb33d95f9ee7c01:0xe00e485e0407fdc4!8m2!3d24.8175828!4d67.0404566!16s%2Fg%2F11pdw93v9b!19sChIJAXzu-ZU9sz4RxP0HBF5IDuA?authuser=0&hl=en&rclk=1,2026-06-30 01:27:43.983847+05:00,4.4,298,+92 300 9676080,https://www.facebook.com/cafejackson,"Plot no 9E, Cafe Jackson Five Restaurant, 7 3rd Zamzama Commercial Lane, Zamzama Commercial Area Defence V DHA Karachi, Karachi, 75500, Pakistan",24.8175828,67.0404566
ChIJEdoFJ3c5sz4RHvMhWrXjqfU,cafe-johar-jedofj,Cafe Johar کیفے جوہر,shisha,shisha,https://www.google.com/maps/place/Cafe+Johar+%DA%A9%DB%8C%D9%81%DB%92+%D8%AC%D9%88%DB%81%D8%B1%E2%80%AD/data=!4m7!3m6!1s0x3eb339772705da11:0xf5a9e3b55a21f31e!8m2!3d24.9221943!4d67.1160661!16s%2Fg%2F11lhjv6q8x!19sChIJEdoFJ3c5sz4RHvMhWrXjqfU?authuser=0&hl=en&rclk=1,2026-06-30 01:27:43.983847+05:00,4.2,48,,,"W4C8+VCG Cafe Johar کیفے جوہر, Block 16 Gulistan-e-Johar, Karachi, Pakistan",24.922194299999997,67.1160661
ChIJrbJ3tRU_sz4RnAnk5thy_l8,cafe-karachi-jrbj3t,Cafe Karachi,shisha,shisha,https://www.google.com/maps/place/Cafe+Karachi/data=!4m7!3m6!1s0x3eb33f15b577b2ad:0x5ffe72d8e6e4099c!8m2!3d24.9098777!4d67.0725564!16s%2Fg%2F11r9t7jnck!19sChIJrbJ3tRU_sz4RnAnk5thy_l8?authuser=0&hl=en&rclk=1,2026-06-30 01:27:43.983847+05:00,4.6,9,,,"W35F+X23 Cafe Karachi, Block 13D-2 Block 13 D 2 Gulshan-e-Iqbal, Karachi, Pakistan",24.9098777,67.0725564
ChIJCWWzX28-sz4RtDD83oS78lE,cafe-karachi-abdullah-jcwwzx,Cafe Karachi Abdullah,shisha,shisha,https://www.google.com/maps/place/Cafe+Karachi+Abdullah/data=!4m7!3m6!1s0x3eb33e6f5fb36509:0x51f2bb84defc30b4!8m2!3d24.8659556!4d67.0343662!16s%2Fg%2F11fyllyvn0!19sChIJCWWzX28-sz4RtDD83oS78lE?authuser=0&hl=en&rclk=1,2026-06-30 01:27:43.983847+05:00,4.3,206,+92 313 2833003,,"V28M+9PQ Cafe Karachi Abdullah, Central Jacob Lines Karachi, Pakistan",24.8659556,67.0343662
ChIJxfi0f809sz4RPXwi6QUVyH8,cafe-marina-jxfi0f,Cafe Marina,shisha,shisha,https://www.google.com/maps/place/Cafe+Marina/data=!4m7!3m6!1s0x3eb33dcd7fb4f8c5:0x7fc81505e9227c3d!8m2!3d24.8077029!4d67.0388194!16s%2Fg%2F11wqwh3511!19sChIJxfi0f809sz4RPXwi6QUVyH8?authuser=0&hl=en&rclk=1,2026-06-30 01:27:43.983847+05:00,4.9,337,+92 328 2069011,,"Building 10 c, Cafe Marina, street 34, DHA Phase 5 Tauheed Commercial Area Defence V Defence Housing Authority, Karachi, 75500, Pakistan",24.8077029,67.0388194
ChIJAw_ZTII5sz4RgeU6X-yPuZY,cafe-oasis-jaw_zt,Cafe Oasis,shisha,shisha,https://www.google.com/maps/place/Cafe+Oasis/data=!4m7!3m6!1s0x3eb339824cd90f03:0x96b98fec5f3ae581!8m2!3d24.91743!4d67.1385304!16s%2Fg%2F11xrv6b9n8!19sChIJAw_ZTII5sz4RgeU6X-yPuZY?authuser=0&hl=en&rclk=1,2026-06-30 01:27:43.983847+05:00,4.7,16,,,"B155, Near munawer chrongi, 11 Block, opposite POB clinic, Block 11 Gulistan-e-Johar, Karachi, Pakistan",24.91743,67.1385304
ChIJISJDqdg5sz4RqY_WLGz0Dq4,cafe-prague-jisjdq,Cafe Prague,shisha,shisha,https://www.google.com/maps/place/Cafe+Prague/data=!4m7!3m6!1s0x3eb339d8a9432221:0xae0ef46c2cd68fa9!8m2!3d24.9199768!4d67.14317!16s%2Fg%2F11q57y4qxd!19sChIJISJDqdg5sz4RqY_WLGz0Dq4?authuser=0&hl=en&rclk=1,2026-06-30 01:27:43.983847+05:00,4.5,57,,,"near kamran chorangi, Block 11 Gulistan-e-Johar, Karachi, 75290, Pakistan",24.9199768,67.14317
ChIJHVkCSME_sz4RafbV7vZAurM,cafe-shafe-jhvkcs,Cafe Shafe,shisha,shisha,https://www.google.com/maps/place/Cafe+Shafe/data=!4m7!3m6!1s0x3eb33fc14802591d:0xb3ba40f6eed5f669!8m2!3d24.9406814!4d67.0510059!16s%2Fg%2F11y3v06vfr!19sChIJHVkCSME_sz4RafbV7vZAurM?authuser=0&hl=en&rclk=1,2026-06-30 01:27:43.983847+05:00,4.1,102,+92 331 3255362,,"Plot no B 64, Cafe Shafe, block L, near Chughtai Lab Rooftop, Block L North Nazimabad Town, Karachi, 74200, Pakistan",24.9406814,67.05100589999999
ChIJ28EYVcw5sz4R8PFa4Yxeito,cafe-shafe-2-0-j28eyv,Cafe Shafe 2.0,shisha,shisha,https://www.google.com/maps/place/Cafe+Shafe+2.0/data=!4m7!3m6!1s0x3eb339cc5518c1db:0xda8a5e8ce15af1f0!8m2!3d24.9306979!4d67.0990873!16s%2Fg%2F11y1kssbw_!19sChIJ28EYVcw5sz4R8PFa4Yxeito?authuser=0&hl=en&rclk=1,2026-06-30 01:27:43.983847+05:00,4.1,93,+92 310 3771995,,"A, Cafe Shafe 2.0, 495 Allama Shabbir Ahmed Usmani Rd, Block 4 Gulshan-e-Iqbal, Karachi, Pakistan",24.9306979,67.0990873
ChIJ68TebwA_sz4Rx5Wdm_oIzdQ,cafe-snug-j68teb,Cafe Snug,shisha,shisha,https://www.google.com/maps/place/Cafe+Snug/data=!4m7!3m6!1s0x3eb33f006fdec4eb:0xd4cd08fa9b9d95c7!8m2!3d24.8593835!4d67.0626646!16s%2Fg%2F11mz7s7wtm!19sChIJ68TebwA_sz4Rx5Wdm_oIzdQ?authuser=0&hl=en&rclk=1,2026-06-30 01:27:43.983847+05:00,4.6,33,+92 315 9220595,,"6, Cafe Snug, Nursery Shahra-e-Faisal, PECHS Extension Block 6 P.E.C.H.S., Karachi, Pakistan",24.8593835,67.06266459999999
ChIJ0WGL-Fs9sz4RpbZOsomoYd8,cafe-strada-j0wgl-,Cafe Strada,shisha,shisha,https://www.google.com/maps/place/Cafe+Strada/data=!4m7!3m6!1s0x3eb33d5bf88b61d1:0xdf61a889b24eb6a5!8m2!3d24.80871!4d67.0314025!16s%2Fg%2F11h7sk0g6v!19sChIJ0WGL-Fs9sz4RpbZOsomoYd8?authuser=0&hl=en&rclk=1,2026-06-30 01:27:43.983847+05:00,4.2,598,+92 21 35374477,http://www.facebook.com/cafestrada.pk,"Cafe Strada، Bungalow No. F-64/1, Block No. 4, K.D.A. Scheme No. 5, Block 4 Clifton, Karachi, Pakistan",24.808709999999998,67.0314025
ChIJtxIDMEI-sz4RBdYJFnzKhWQ,cafe-tanveer-jtxidm,Cafe Tanveer کیفے تنوِیر,shisha,shisha,https://www.google.com/maps/place/Cafe+Tanveer+%DA%A9%DB%8C%D9%81%DB%92+%D8%AA%D9%86%D9%88%D9%90%DB%8C%D8%B1%E2%80%AD/data=!4m7!3m6!1s0x3eb33e42300312b7:0x6485ca7c1609d605!8m2!3d24.8741956!4d67.0293267!16s%2Fg%2F11xcctvjc!19sChIJtxIDMEI-sz4RBdYJFnzKhWQ?authuser=0&hl=en&rclk=1,2026-06-30 01:27:43.983847+05:00,4.3,8,+92 21 32259897,,"V2FH+MPG Cafe Tanveer کیفے تنوِیر, Bahadur Yar Jang Rd, Soldier Bazar, Saddar Town, Karachi, Sindh, Soldier Bazaar, Pakistan",24.8741956,67.0293267
ChIJrST4WJ85sz4RI9QMM0UlXLU,cafe-black-moon-jrst4w,Cafe black moon,shisha,shisha,https://www.google.com/maps/place/Cafe+black+moon/data=!4m7!3m6!1s0x3eb3399f58f824ad:0xb55c2545330cd423!8m2!3d24.9312976!4d67.1392743!16s%2Fg%2F11k4214c41!19sChIJrST4WJ85sz4RI9QMM0UlXLU?authuser=0&hl=en&rclk=1,2026-06-30 01:27:43.983847+05:00,4.3,41,+92 309 2478183,,"near Hascol pump, Block 4 Gulistan-e-Johar, Karachi, Pakistan",24.9312976,67.1392743
ChIJP6rKNuo9sz4ReM5u5WYZpNU,cafe-dakhaan-jp6rkn,Cafe dakhaan,shisha,shisha,https://www.google.com/maps/place/Cafe+dakhaan/data=!4m7!3m6!1s0x3eb33dea36caaa3f:0xd5a41966e56ece78!8m2!3d24.8161213!4d67.0404776!16s%2Fg%2F11y57g4brx!19sChIJP6rKNuo9sz4ReM5u5WYZpNU?authuser=0&hl=en&rclk=1,2026-06-30 01:27:43.983847+05:00,4.0,12,+92 300 9235923,,"06, Zamzama Commercial Area Defence V Karachi, 44000, Pakistan",24.8161213,67.0404776
ChIJb6m2p3E-sz4RV50szgU2wtU,cafe-quetta-jb6m2p,Cafe quetta,shisha,shisha,https://www.google.com/maps/place/Cafe+quetta/data=!4m7!3m6!1s0x3eb33e71a7b6a96f:0xd5c23605ce2c9d57!8m2!3d24.8583332!4d67.0307452!16s%2Fg%2F11ggs32hn_!19sChIJb6m2p3E-sz4RV50szgU2wtU?authuser=0&hl=en&rclk=1,2026-06-30 01:27:43.983847+05:00,4.3,463,+92 334 2388388,,"Dr Daud Pota Rd, Saddar Karachi, Pakistan",24.8583332,67.0307452
ChIJKz-wDtE9sz4RIZTvtkQYb4M,caf-crown-jkz-wd,Café Crown,shisha,shisha,https://www.google.com/maps/place/Caf%C3%A9+Crown/data=!4m7!3m6!1s0x3eb33dd10eb03f2b:0x836f1844b6ef9421!8m2!3d24.8431075!4d67.0385857!16s%2Fg%2F11c46721rz!19sChIJKz-wDtE9sz4RIZTvtkQYb4M?authuser=0&hl=en&rclk=1,2026-06-30 01:27:43.983847+05:00,3.8,97,,,"R2VQ+6CW Café Crown, Karachi Cantonment Karachi, Pakistan",24.8431075,67.0385857
ChIJIdPrFcw9sz4R3aW8GRouLo8,caf-e-street-jidprf,Café E Street,shisha,shisha,https://www.google.com/maps/place/Caf%C3%A9+E+Street/data=!4m7!3m6!1s0x3eb33dcc15ebd321:0x8f2e2e1a19bca5dd!8m2!3d24.807373!4d67.0347397!16s%2Fg%2F11fpy_wwxk!19sChIJIdPrFcw9sz4R3aW8GRouLo8?authuser=0&hl=en&rclk=1,2026-06-30 01:27:43.983847+05:00,4.2,628,+92 335 3822700,http://www.facebook.com/CafeEStreet,"R24M+WVX Café E Street, E St, F-44/2 Block-4, Scheme-5 Clifton, Karachi, 75600, Pakistan",24.807373,67.0347397
ChIJQ4hrOTA9sz4RFR7C2k7XLT0,caf-mambos-jq4hro,Café Mambos,shisha,shisha,https://www.google.com/maps/place/Caf%C3%A9+Mambos/data=!4m7!3m6!1s0x3eb33d30396b8843:0x3d2dd74edac21e15!8m2!3d24.8118997!4d67.0498578!16s%2Fg%2F11l73rr2sr!19sChIJQ4hrOTA9sz4RFR7C2k7XLT0?authuser=0&hl=en&rclk=1,2026-06-30 01:27:43.983847+05:00,4.9,37,+92 327 2740607,,"14th St, DHA Phase 5 Stadium Commercial Area Defence V Defence Housing Authority, Karachi, 75500, Pakistan",24.811899699999998,67.0498578
ChIJi-JU8Kc9sz4RaKltrqvftkU,canvas-gallery-ji-ju8,Canvas Gallery,museums-galleries,museums-galleries,https://www.google.com/maps/place/Canvas+Gallery/data=!4m7!3m6!1s0x3eb33da7f054e28b:0x45b6dfabae6da968!8m2!3d24.8076175!4d67.0331343!16s%2Fg%2F12hrbcjy1!19sChIJi-JU8Kc9sz4RaKltrqvftkU?authuser=0&hl=en&rclk=1,2026-06-30 01:27:43.983847+05:00,4.4,152,+92 318 0022023,https://canvasgallery.net/,"D-40, Canvas Gallery, 1, Kehkashan Block 4 Clifton, Karachi, 75600, Pakistan",24.8076175,67.0331343
ChIJr_-8DQA9sz4R85BFutZGdfI,capital-padel-jr_-8d,Capital Padel,padel,padel,https://www.google.com/maps/place/Capital+Padel/data=!4m7!3m6!1s0x3eb33d000dbcffaf:0xf27546d6ba4590f3!8m2!3d24.8142637!4d67.0378088!16s%2Fg%2F11md14cb2b!19sChIJr_-8DQA9sz4R85BFutZGdfI?authuser=0&hl=en&rclk=1,2026-06-30 01:27:43.983847+05:00,3.8,9,+92 303 5641111,,"R27Q+R4G Capital Padel, Khayaban-e-Shujaat, DHA Phase 5 Defence V Defence Housing Authority, Karachi, 75500, Pakistan",24.814263699999998,67.0378088
ChIJK4pzYGk-sz4RMKUwOKEx-tM,capri-cinema-jk4pzy,Capri Cinema,cinemas,cinemas,https://www.google.com/maps/place/Capri+Cinema/data=!4m7!3m6!1s0x3eb33e6960738a2b:0xd3fa31a13830a530!8m2!3d24.8680348!4d67.0290832!16s%2Fg%2F11clrs5thv!19sChIJK4pzYGk-sz4RMKUwOKEx-tM?authuser=0&hl=en&rclk=1,2026-06-30 01:27:43.983847+05:00,4.1,2966,+92 21 32259904,https://m.facebook.com/capricinema,"V28P+W64 Capri Cinema, Muhammad Ali Jinnah Rd, Central Jacob Lines Karachi, 74200, Pakistan",24.8680348,67.0290832
ChIJ9SlveKg9sz4RGD6em4cJbF0,casa-villa-j9slve,Casa Villa,shisha,shisha,https://www.google.com/maps/place/Casa+Villa/data=!4m7!3m6!1s0x3eb33da8786f29f5:0x5d6c09879b9e3e18!8m2!3d24.80761!4d67.0343765!16s%2Fg%2F11cjhnkg6r!19sChIJ9SlveKg9sz4RGD6em4cJbF0?authuser=0&hl=en&rclk=1,2026-06-30 01:27:43.983847+05:00,4.1,1087,+92 300 5972313,,"Plot D 74, Clifton Block 4 Of, 26th Street, Block 4 Clifton, Karachi, 75600, Pakistan",24.80761,67.0343765
ChIJ3c2oKwA_sz4RbEn1X2i_G4U,centerpoint-courts-j3c2ok,Centerpoint Courts,padel,"padel,futsal",https://www.google.com/maps/place/Centerpoint+Courts/data=!4m7!3m6!1s0x3eb33f002ba8cddd:0x851bbf685ff5496c!8m2!3d24.9354126!4d67.0878752!16s%2Fg%2F11ygr5n26d!19sChIJ3c2oKwA_sz4RbEn1X2i_G4U?authuser=0&hl=en&rclk=1,2026-06-30 01:27:43.983847+05:00,4.7,29,+92 301 8985550,https://www.centerpointcourts.com/,"L, Centerpoint Courts, 7, Federal B Area Block 21 Gulberg Town, Karachi, Pakistan",24.9354126,67.0878752
ChIJLWGO4MM5sz4RcGxVKRumOwA,chai-lounge-restaurant-jlwgo4,Chai Lounge Restaurant,shisha,shisha,https://www.google.com/maps/place/Chai+Lounge+Restaurant/data=!4m7!3m6!1s0x3eb339c3e08e612d:0x3ba61b29556c70!8m2!3d24.9186506!4d67.1360496!16s%2Fg%2F11gmcclzg1!19sChIJLWGO4MM5sz4RcGxVKRumOwA?authuser=0&hl=en&rclk=1,2026-06-30 01:27:43.983847+05:00,4.1,367,+92 311 1124240,,"Block 12 Gulistan-e-Johar, Karachi, Pakistan",24.9186506,67.13604959999999
ChIJbfMvgpE-sz4RG_13Pj3tmBs,chainak-cafe-jbfmvg,Chainak Cafe,shisha,shisha,https://www.google.com/maps/place/Chainak+Cafe/data=!4m7!3m6!1s0x3eb33e91822ff36d:0x1b98ed3d3e77fd1b!8m2!3d24.8713427!4d67.0611167!16s%2Fg%2F11c2q070m4!19sChIJbfMvgpE-sz4RG_13Pj3tmBs?authuser=0&hl=en&rclk=1,2026-06-30 01:27:43.983847+05:00,4.2,344,+92 302 2078135,,"V3C6+GCQ Chainak Cafe, Allama Iqbal Rd, Block 2 P.E.C.H.S., Karachi, Pakistan",24.8713427,67.0611167
ChIJRxRfTps5sz4RaQbE31w7Jds,champions-club-jrxrft,Champions Club,padel,padel,https://www.google.com/maps/place/Champions+Club/data=!4m7!3m6!1s0x3eb3399b4e5f1447:0xdb253b5cdfc40669!8m2!3d24.8637291!4d67.0766122!16s%2Fg%2F11wwm7zk4k!19sChIJRxRfTps5sz4RaQbE31w7Jds?authuser=0&hl=en&rclk=1,2026-06-30 01:27:43.983847+05:00,4.5,45,+92 300 1235123,,"Plot no. 25, Champions Club, 10 Karachi, Maqbool Housing Society Block 7/8 Umar Colony, Karachi, 75300, Pakistan",24.8637291,67.0766122
ChIJ6xSXUZM_sz4RQkx0o83XKrw,champs-2nd-inning-snooker-club-j6xsxu,Champs 2nd Inning Snooker CLUB,billiards,billiards,https://www.google.com/maps/place/Champs+2nd+Inning+Snooker+CLUB/data=!4m7!3m6!1s0x3eb33f93519714eb:0xbc2ad7cda3744c42!8m2!3d24.9219496!4d67.0231791!16s%2Fg%2F11bz0dfxmt!19sChIJ6xSXUZM_sz4RQkx0o83XKrw?authuser=0&hl=en&rclk=1,2026-06-30 01:27:43.983847+05:00,4.1,68,,,"Paposh Nagar Rd, Block 5-E Block 5 E Block 5 Nazimabad, Karachi, 74600, Pakistan",24.921949599999998,67.0231791
ChIJSbEGkSg8sz4RtgLvD_IMIjU,chanesar-mamden-football-ground-jsbegk,Chanesar Mamden Football Ground,futsal,futsal,https://www.google.com/maps/place/Chanesar+Mamden+Football+Ground/data=!4m7!3m6!1s0x3eb33c289106b149:0x35220cf20fef02b6!8m2!3d24.8504375!4d67.0574375!16s%2Fg%2F11ydk6_df!19sChIJSbEGkSg8sz4RtgLvD_IMIjU?authuser=0&hl=en&rclk=1,2026-06-30 01:27:43.983847+05:00,4.0,169,,,"Masoom Shah Colony Karachi, 75460, Pakistan",24.850437499999998,67.05743749999999
ChIJtWes6bc9sz4R2u1V-THS44s,chawkandi-art-gallery-jtwes6,Chawkandi Art Gallery,museums-galleries,museums-galleries,https://www.google.com/maps/place/Chawkandi+Art+Gallery/data=!4m7!3m6!1s0x3eb33db7e9ac67b5:0x8be3d231f955edda!8m2!3d24.8272813!4d67.035829!16s%2Fg%2F1hm2c78xn!19sChIJtWes6bc9sz4R2u1V-THS44s?authuser=0&hl=en&rclk=1,2026-06-30 01:27:43.983847+05:00,4.2,50,+92 21 35373582,http://chawkandi.co/,"105, Chawkandi Art Gallery, Marine Point, Block 9 Clifton, Karachi, 75500, Pakistan",24.8272813,67.03582899999999
ChIJV6o2lXI_sz4RCz6RlVj_5rM,chocolate-academy-karachi-jv6o2l,Chocolate Academy Karachi,cooking-classes,cooking-classes,https://www.google.com/maps/place/Chocolate+Academy+Karachi/data=!4m7!3m6!1s0x3eb33f729536aa57:0xb3e6ff5895913e0b!8m2!3d24.8894935!4d67.0679731!16s%2Fg%2F11l2m6vzbz!19sChIJV6o2lXI_sz4RCz6RlVj_5rM?authuser=0&hl=en&rclk=1,2026-06-30 01:27:43.983847+05:00,4.9,72,+92 21 34929828,,"F-22, near Tv Station, Dawood Society Liaquat National Hospital, Karachi, 74800, Pakistan",24.8894935,67.0679731
ChIJj2fdREQ8sz4RzpT2nvL7suY,chunky-monkey-amusement-park-jj2fdr,Chunky Monkey Amusement Park,adventure-parks,"adventure-parks,parks",https://www.google.com/maps/place/Chunky+Monkey+Amusement+Park/data=!4m7!3m6!1s0x3eb33c4444dd678f:0xe6b2fbf29ef694ce!8m2!3d24.8250816!4d67.0624764!16s%2Fg%2F11c1rfp93k!19sChIJj2fdREQ8sz4RzpT2nvL7suY?authuser=0&hl=en&rclk=1,2026-06-30 01:27:43.983847+05:00,4.1,2956,,http://www.chunkymonkey.com.pk/,"R3G6+2XQ Chunky Monkey Amusement Park, D.H.A. Phase 4 Phase 4 Defence Housing Authority, Karachi, 75500, Pakistan",24.825081599999997,67.0624764
ChIJ4UjQrbA9sz4RctlmsMZTPiY,cinepax-cinema-j4ujqr,Cinepax Cinema,cinemas,cinemas,https://www.google.com/maps/place/Cinepax+Cinema/data=!4m7!3m6!1s0x3eb33db0add048e1:0x263e53c6b066d972!8m2!3d24.8239128!4d67.0358475!16s%2Fg%2F124yfrqtc!19sChIJ4UjQrbA9sz4RctlmsMZTPiY?authuser=0&hl=en&rclk=1,2026-06-30 01:27:43.983847+05:00,4.3,5497,+92 21 111 246 372,http://www.cinepax.com/,"5 Khayaban-e-Jami, Block 9 Clifton, Karachi, 75600, Pakistan",24.8239128,67.0358475
ChIJ05flKyA5sz4RkRKqD-j4G6k,classy-studio-pakistan-s-1-audio-recording-studio-in-karachi-j05flk,Classy Studio: Pakistan's #1 Audio Recording Studio in Karachi,music-rooms,music-rooms,https://www.google.com/maps/place/Classy+Studio:+Pakistan%27s+%231+Audio+Recording+Studio+in+Karachi/data=!4m7!3m6!1s0x3eb339202be597d3:0xa91bf8e80faa1291!8m2!3d24.8690513!4d67.0843064!16s%2Fg%2F11x7gqmnlf!19sChIJ05flKyA5sz4RkRKqD-j4G6k?authuser=0&hl=en&rclk=1,2026-06-30 01:27:43.983847+05:00,5.0,151,+92 315 3546728,https://classy.studio/pakistan,"A/37, Central Commercial Area Shahra-e-Faisal Road, KCHSU, Block, 7/8 Block A Bangalore Town, 75600, Pakistan",24.8690513,67.0843064
ChIJCXqD8-g_sz4Rd_Fu-8SINVI,clay-arts-and-pottery-jcxqd8,Clay Arts and Pottery,board-game-paint-cafe,"board-game-paint-cafe,pottery-art",https://www.google.com/maps/place/Clay+Arts+and+Pottery/data=!4m7!3m6!1s0x3eb33fe8f3837a09:0x523588c4fb6ef177!8m2!3d24.8743534!4d67.0029643!16s%2Fg%2F11rgqhtxxv!19sChIJCXqD8-g_sz4Rd_Fu-8SINVI?authuser=0&hl=en&rclk=1,2026-06-30 01:27:43.983847+05:00,4.4,28,+92 322 2278718,https://sites.google.com/view/clay-arts-and-pottery/home,"New Kumbhar Wara Rd, Nabidad Lanes New Kumbharwara, Karachi, 76550, Pakistan",24.8743534,67.0029643
ChIJddGxdqg9sz4ReBvDo34wA4U,clifton-art-gallery-jddgxd,Clifton Art Gallery,museums-galleries,"museums-galleries,board-game-paint-cafe",https://www.google.com/maps/place/Clifton+Art+Gallery/data=!4m7!3m6!1s0x3eb33da876b1d175:0x8503307ea3c31b78!8m2!3d24.8073457!4d67.0349345!16s%2Fg%2F11bbyhth18!19sChIJddGxdqg9sz4ReBvDo34wA4U?authuser=0&hl=en&rclk=1,2026-06-30 01:27:43.983847+05:00,4.4,101,+92 300 9294108,http://www.cliftonartgallery.com/,"F-44/1 , Block، Clifton Art Gallery, 4 E St, DHA Phase 5 Defence V Clifton, Karachi, 75600, Pakistan",24.8073457,67.03493449999999
ChIJmweiSd49sz4RGugBAU4fj_w,clifton-chaseup-sheesha-bar-jmweis,Clifton Chaseup Sheesha Bar,shisha,shisha,https://www.google.com/maps/place/Clifton+Chaseup+Sheesha+Bar/data=!4m7!3m6!1s0x3eb33dde49a2079b:0xfc8f1f4e0101e81a!8m2!3d24.8057587!4d67.0266455!16s%2Fg%2F11g2xqwnp9!19sChIJmweiSd49sz4RGugBAU4fj_w?authuser=0&hl=en&rclk=1,2026-06-30 01:27:43.983847+05:00,3.9,18,,,"Unnamed Road, Block 4 Block 3 Clifton, Karachi, Karachi City, Block 3 Clifton, 75500, Pakistan",24.8057587,67.0266455
ChIJWUxCOys9sz4RhTxEARU5Dsg,clifton-courtyard-jwuxco,Clifton Courtyard,padel,padel,https://www.google.com/maps/place/Clifton+Courtyard/data=!4m7!3m6!1s0x3eb33d2b3b424c59:0xc80e391501443c85!8m2!3d24.8154928!4d67.0165398!16s%2Fg%2F11l1n1swj9!19sChIJWUxCOys9sz4RhTxEARU5Dsg?authuser=0&hl=en&rclk=1,2026-06-30 01:27:43.983847+05:00,4.3,45,+92 326 3111132,https://wa.me/message/ZS2JAFU3U7PCF1,"Kaleemullah Football Ground Block 02, Block 2 Clifton, Karachi, 75500, Pakistan",24.815492799999998,67.0165398
ChIJ54ckUqo9sz4RD-XFSp7jwJM,clifton-institute-of-fine-arts-j54cku,Clifton Institute Of Fine Arts,pottery-art,pottery-art,https://www.google.com/maps/place/Clifton+Institute+Of+Fine+Arts/data=!4m7!3m6!1s0x3eb33daa522487e7:0x93c0e39e4ac5e50f!8m2!3d24.8081002!4d67.034853!16s%2Fg%2F11v0lb3s1m!19sChIJ54ckUqo9sz4RD-XFSp7jwJM?authuser=0&hl=en&rclk=1,2026-06-30 01:27:43.983847+05:00,4.8,24,+92 326 1139144,,"F, Clifton Institute Of Fine Arts, 42/3, off 26th Street, Block 4 Clifton, Karachi, 75600, Pakistan",24.8081002,67.034853
ChIJ14WEsUM9sz4RRbhdiN42lX0,clifton-sea-view-karachi-sindh-j14wes,Clifton Sea-View Karachi Sindh,beaches,beaches,https://www.google.com/maps/place/Clifton+Sea-View+Karachi+Sindh/data=!4m7!3m6!1s0x3eb33d43b18485d7:0x7d9536de885db845!8m2!3d24.7906121!4d67.0403961!16s%2Fg%2F11ty4lzk5l!19sChIJ14WEsUM9sz4RRbhdiN42lX0?authuser=0&hl=en&rclk=1,2026-06-30 01:27:43.983847+05:00,4.3,10095,,,"Khayaban e Sahil, Main Sea View Rd, Karachi, Defence V Karachi, Pakistan",24.7906121,67.0403961
ChIJ8S34Am49sz4RW4nTKZ5DQNo,club-44-padel-court-cafe-j8s34a,Club 44 Padel Court & Cafe,padel,padel,https://www.google.com/maps/place/Club+44+Padel+Court+%26+Cafe/data=!4m7!3m6!1s0x3eb33d6e02f82df1:0xda40439e29d3895b!8m2!3d24.8146994!4d67.0175551!16s%2Fg%2F11n3z0ht03!19sChIJ8S34Am49sz4RW4nTKZ5DQNo?authuser=0&hl=en&rclk=1,2026-06-30 01:27:43.983847+05:00,4.6,11,+92 325 2582444,https://wa.me/message/DANRSVEV6BUXC1,"43, Block 2 Clifton, Karachi, 75600, Pakistan",24.8146994,67.0175551
ChIJf8G51rarg4YRufvYetb6HUg,club-vibora-jf8g51,Club Vibora,padel,padel,https://www.google.com/maps/place/Club+Vibora/data=!4m7!3m6!1s0x8683abb6d6b9c17f:0x481dfad67ad8fbb9!8m2!3d24.8631054!4d67.0660207!16s%2Fg%2F11x6wmg7v9!19sChIJf8G51rarg4YRufvYetb6HUg?authuser=0&hl=en&rclk=1,2026-06-30 01:27:43.983847+05:00,4.5,111,+92 343 5614627,https://www.clubvibora.com/,"43/1/F, 43rd St, Razi Road, 43rd Street, Block-6 Block 6 P.E.C.H.S., Karachi, 75100, Pakistan",24.8631054,67.0660207
ChIJyQ9Oxxs_sz4RZUFm-e5Hpr4,coach-emad-football-academy-jyq9ox,Coach Emad Football Academy,futsal,futsal,https://www.google.com/maps/place/Coach+Emad+Football+Academy/data=!4m7!3m6!1s0x3eb33f1bc74e0fc9:0xbea647eef9664165!8m2!3d24.8752046!4d67.0007869!16s%2Fg%2F11fj59f28r!19sChIJyQ9Oxxs_sz4RZUFm-e5Hpr4?authuser=0&hl=en&rclk=1,2026-06-30 01:27:43.983847+05:00,4.6,45,+92 333 3401525,https://coachemadfoundation.org/,"Mohammad Usman Brohi Rd, Kumhar Wara Singo Lane, Karachi, Pakistan",24.8752046,67.0007869
ChIJbyOBFQA9sz4RidB_mPbSfLY,cocoa-skyebar-jbyobf,Cocoa Skyebar,shisha,shisha,https://www.google.com/maps/place/Cocoa+Skyebar/data=!4m7!3m6!1s0x3eb33d001581236f:0xb67cd2f6987fd089!8m2!3d24.8077225!4d67.0341619!16s%2Fg%2F11lcz34y92!19sChIJbyOBFQA9sz4RidB_mPbSfLY?authuser=0&hl=en&rclk=1,2026-06-30 01:27:43.983847+05:00,4.6,348,+92 336 3019876,,"R25M+3MM Cocoa Skyebar, D-82, Block 4 Clifton, Karachi, Pakistan",24.8077225,67.0341619
ChIJH5qVMLE_sz4RMZxHRcSw6v0,commune-artist-colony-jh5qvm,Commune Artist Colony,museums-galleries,museums-galleries,https://www.google.com/maps/place/Commune+Artist+Colony/data=!4m7!3m6!1s0x3eb33fb130959a1f:0xfdeab0c445479c31!8m2!3d24.8464114!4d67.0044626!16s%2Fg%2F11h6lnk4g4!19sChIJH5qVMLE_sz4RMZxHRcSw6v0?authuser=0&hl=en&rclk=1,2026-06-30 01:27:43.983847+05:00,4.8,71,+92 300 8218002,https://www.facebook.com/communeartistcolony/,"R2W3+HQ8 Commune Artist Colony, Miskeen Gali, City Railway Colony, Karachi, Pakistan",24.846411399999997,67.0044626
ChIJd7AMaQA_sz4RGgAYE5tcb9Y,continental-tennis-academy-jd7ama,Continental Tennis Academy,tennis,tennis,https://www.google.com/maps/place/Continental+Tennis+Academy/data=!4m7!3m6!1s0x3eb33f00690cb077:0xd66f5c9b1318001a!8m2!3d24.873315!4d67.0667706!16s%2Fg%2F11yy63ldy4!19sChIJd7AMaQA_sz4RGgAYE5tcb9Y?authuser=0&hl=en&rclk=1,2026-06-30 01:27:43.983847+05:00,5.0,17,+92 312 2261702,,"2 Darul Aman Street 2, Darul Aman Society P.E.C.H.S., Karachi, Pakistan",24.873314999999998,67.0667706
ChIJHYiWHOo_sz4RQcteux6LBKE,cosy-rooftop-cafe-jhyiwh,Cosy Rooftop Cafe,shisha,shisha,https://www.google.com/maps/place/Cosy+Rooftop+Cafe/data=!4m7!3m6!1s0x3eb33fea1c96881d:0xa1048b1ebb5ecb41!8m2!3d24.9195257!4d67.0839664!16s%2Fg%2F11y_pzfwvr!19sChIJHYiWHOo_sz4RQcteux6LBKE?authuser=0&hl=en&rclk=1,2026-06-30 01:27:43.983847+05:00,4.8,57,+92 321 7236366,http://www.cosyrooftopcafe.com/,"Rooftop, Plot GPC-1, Block 1 Gulshan-e-Iqbal, Karachi, 75300, Pakistan",24.919525699999998,67.0839664
ChIJC1vDAUc_sz4RP_CNPhgLFgM,court-of-blaze-jc1vda,Court Of Blaze,futsal,futsal,https://www.google.com/maps/place/Court+Of+Blaze/data=!4m7!3m6!1s0x3eb33f4701c35b0b:0x3160b183e8df03f!8m2!3d24.9275939!4d67.0789603!16s%2Fg%2F11c1p2yr1k!19sChIJC1vDAUc_sz4RP_CNPhgLFgM?authuser=0&hl=en&rclk=1,2026-06-30 01:27:43.983847+05:00,4.0,67,,,"R1034 Block 15, Gulberg Town, Karachi, Pakistan",24.927593899999998,67.07896029999999
ChIJfQ0JNL4_sz4RtDM7INdUZhA,cover-drive-jfq0jn,Cover Drive,box-cricket,box-cricket,https://www.google.com/maps/place/Cover+Drive/data=!4m7!3m6!1s0x3eb33fbe34090d7d:0x106654d7203b33b4!8m2!3d24.9232502!4d67.0286704!16s%2Fg%2F11vqph9hst!19sChIJfQ0JNL4_sz4RtDM7INdUZhA?authuser=0&hl=en&rclk=1,2026-06-30 01:27:43.983847+05:00,4.5,50,+92 333 3666798,,"Plot No VC, Cover Drive, ST-4 Nazimabad No. 5, near Matric Board Office, Block 5-C Block 5 C Block 5 Nazimabad, Karachi, 74600, Pakistan",24.9232502,67.0286704
ChIJwzGIcfIXsz4RIZdqq1g3po8,crabbing-point-kiamari-jwzgic,Crabbing Point Kiamari,boating,boating,https://www.google.com/maps/place/Crabbing+Point+Kiamari/data=!4m7!3m6!1s0x3eb317f2718831c3:0x8fa63758ab6a9721!8m2!3d24.8175242!4d66.9745314!16s%2Fg%2F11hdqw2jm6!19sChIJwzGIcfIXsz4RIZdqq1g3po8?authuser=0&hl=en&rclk=1,2026-06-30 01:27:43.983847+05:00,4.5,13,+92 345 2511807,,"Port Of Karachi, Karachi, Pakistan",24.817524199999998,66.9745314
ChIJpaVEpNVHsz4RaZn-_eiqF3k,cricket-hub-jpavep,Cricket Hub,box-cricket,box-cricket,https://www.google.com/maps/place/Cricket+Hub/data=!4m7!3m6!1s0x3eb347d5a444a5a5:0x7917aae8fdfe9969!8m2!3d24.9474405!4d67.1027538!16s%2Fg%2F11vcwfn8_b!19sChIJpaVEpNVHsz4RaZn-_eiqF3k?authuser=0&hl=en&rclk=1,2026-06-30 01:27:43.983847+05:00,4.8,17,+92 335 2949056,,"W4W3+X4C Cricket Hub, Karachi University Housing Society Madras Chs Sector 17 A Gulzar E Hijri Scheme 33, Karachi, Pakistan",24.9474405,67.1027538
ChIJa--ipS49sz4RAoluCYLD4YI,cross-court-ja--ip,Cross Court,padel,padel,https://www.google.com/maps/place/Cross+Court/data=!4m7!3m6!1s0x3eb33d2ea5a2ef6b:0x82e1c382096e8902!8m2!3d24.8212731!4d67.0334959!16s%2Fg%2F11wxkpbn79!19sChIJa--ipS49sz4RAoluCYLD4YI?authuser=0&hl=en&rclk=1,2026-06-30 01:27:43.983847+05:00,4.4,17,+92 300 1172335,,"Do Talwar, Block 5 Clifton, Karachi, 75600, Pakistan",24.8212731,67.03349589999999
ChIJkczRgbI_sz4RqaMdbSQmUTo,cue-console-karachi-jkczrg,Cue & Console Karachi,billiards,"billiards,arcades,swimming",https://www.google.com/maps/place/Cue+%26+Console+Karachi/data=!4m7!3m6!1s0x3eb33fb281d1cc91:0x3a5126246d1da3a9!8m2!3d24.8810474!4d67.0689683!16s%2Fg%2F11yq16bqfz!19sChIJkczRgbI_sz4RqaMdbSQmUTo?authuser=0&hl=en&rclk=1,2026-06-30 01:27:43.983847+05:00,4.5,131,+92 300 1024626,https://cueandconsole.com.pk/,"PLOT NO. 106, BLOCK-03, Cue & Console Karachi, BAHADUR YAR, Alamgir Rd, Bihar Muslim Society Bahadur Yar Jang CHS, Karachi, 75400, Pakistan",24.8810474,67.0689683
ChIJvee0aIA9sz4RBi26So04XBs,cue-masters-gaming-world-jvee0a,Cue Masters Gaming world,billiards,billiards,https://www.google.com/maps/place/Cue+Masters+Gaming+world/data=!4m7!3m6!1s0x3eb33d8068b4e7bd:0x1b5c388d4aba2d06!8m2!3d24.8386756!4d67.0821419!16s%2Fg%2F11lyq2gsf_!19sChIJvee0aIA9sz4RBi26So04XBs?authuser=0&hl=en&rclk=1,2026-06-30 01:27:43.983847+05:00,4.9,15,+92 304 1198449,http://sportswala.pk/,"2nd Floor, Cue Masters Gaming world, karachi, D- 24/ii, Defence View Society Rd, near Iqra University, Phase 2 Defence View Housing Society, Karachi, 75500, Pakistan",24.8386756,67.0821419
ChIJQaz6xDA_sz4RxRDZJAcSJDE,cues-savours-jqaz6x,Cues & Savours,billiards,billiards,https://www.google.com/maps/place/Cues+%26+Savours/data=!4m7!3m6!1s0x3eb33f30c4faac41:0x3124120724d910c5!8m2!3d24.9331355!4d67.0530139!16s%2Fg%2F11pcrz_bmq!19sChIJQaz6xDA_sz4RxRDZJAcSJDE?authuser=0&hl=en&rclk=1,2026-06-30 01:27:43.983847+05:00,4.6,222,+92 316 2030603,,"H, Cues & Savours, Plot #D-60/1, Block Allama Rasheed Turabi Rd, Kausar Niazi Colony, Karachi, 74600, Pakistan",24.9331355,67.0530139
ChIJp04PGgM_sz4RjjP1LVxnWXc,cues-and-savours-chapter-2-jp04pg,Cues and Savours Chapter 2,billiards,billiards,https://www.google.com/maps/place/Cues+and+Savours+Chapter+2/data=!4m7!3m6!1s0x3eb33f031a0f4ea7:0x7759675c2df5338e!8m2!3d24.9110359!4d67.077882!16s%2Fg%2F11wvx3gwt3!19sChIJp04PGgM_sz4RjjP1LVxnWXc?authuser=0&hl=en&rclk=1,2026-06-30 01:27:43.983847+05:00,4.6,73,+92 317 8430603,,"B-13 KDA Scheme 24, Block 13 D/2 Block 13 D 2 Gulshan-e-Iqbal, Karachi, 75300, Pakistan",24.911035899999998,67.077882
ChIJYVC65H8_sz4RNGp8e5xk1D0,cyber-xtreme-gaming-gulshan-branch-jyvc65,Cyber Xtreme Gaming Gulshan Branch,arcades,arcades,https://www.google.com/maps/place/Cyber+Xtreme+Gaming+Gulshan+Branch/data=!4m7!3m6!1s0x3eb33f7fe4ba5061:0x3dd4649c7b7c6a34!8m2!3d24.9087038!4d67.0802789!16s%2Fg%2F11kk8g18p8!19sChIJYVC65H8_sz4RNGp8e5xk1D0?authuser=0&hl=en&rclk=1,2026-06-30 01:27:43.983847+05:00,4.5,30,+92 300 2645950,https://www.facebook.com/CyberXtremeGamingArena?mibextid=ZbWKwL,"Plot 46-A, Near Tuesday Bazar Block 13-B Block 13 B Gulshan-e-Iqbal, Karachi Gulshan, 13 B, Block 13 B Gulshan-e-Iqbal, Karachi, 75300, Pakistan",24.908703799999998,67.0802789
ChIJ-bwK7vU9sz4RzqT5U-PhUIs,d-snooker-club-j-bwk7,D. Snooker Club,billiards,billiards,https://www.google.com/maps/place/D.+Snooker+Club/data=!4m7!3m6!1s0x3eb33df5ee0abcf9:0x8b50e1e353f9a4ce!8m2!3d24.8519681!4d67.0636194!16s%2Fg%2F11qn51c0j7!19sChIJ-bwK7vU9sz4RzqT5U-PhUIs?authuser=0&hl=en&rclk=1,2026-06-30 01:27:43.983847+05:00,4.2,39,,,"Masoom Shah Bukhari Rd, Block 6 P.E.C.H.S., Karachi, Pakistan",24.8519681,67.0636194
ChIJIY7s-ag8sz4RkOaoGw_npy0,dha-sports-club-moin-khan-academy-jiy7s-,DHA Sports Club (Moin Khan Academy),box-cricket,"box-cricket,billiards,futsal",https://www.google.com/maps/place/DHA+Sports+Club+%28Moin+Khan+Academy%29/data=!4m7!3m6!1s0x3eb33ca8f9ec8e21:0x2da7e70f1ba8e690!8m2!3d24.7799673!4d67.0898719!16s%2Fg%2F11c53bmpm_!19sChIJIY7s-ag8sz4RkOaoGw_npy0?authuser=0&hl=en&rclk=1,2026-06-30 01:27:43.983847+05:00,4.4,1947,+92 21 35250506,https://www.dhakarachi.org/clubs/sports-club/,"Khayaban-e-Shaheen, D.H.A. Phase 8 Zone B Phase 8 Defence Housing Authority, Karachi, 75500, Pakistan",24.7799673,67.08987189999999
ChIJh39RiSk5sz4RsaWaKL83ecM,dalmia-football-ground-jh39ri,Dalmia Football Ground,futsal,futsal,https://www.google.com/maps/place/Dalmia+Football+Ground/data=!4m7!3m6!1s0x3eb3392989517f87:0xc37937bf289aa5b1!8m2!3d24.9041291!4d67.100426!16s%2Fg%2F11cnbqlvky!19sChIJh39RiSk5sz4RsaWaKL83ecM?authuser=0&hl=en&rclk=1,2026-06-30 01:27:43.983847+05:00,4.2,122,,,"W432+M53 Dalmia Football Ground, Dalmia Cement Factory Road, Shanti Nagar Karachi, Pakistan",24.9041291,67.100426
ChIJi-WGKQA_sz4RSrdAvSOIPp8,danish-o-ramish-ji-wgk,Danish o Ramish,pottery-art,pottery-art,https://www.google.com/maps/place/Danish+o+Ramish/data=!4m7!3m6!1s0x3eb33f002986e58b:0x9f3e8823bd40b74a!8m2!3d24.8611693!4d67.0679201!16s%2Fg%2F11xfh3nxs9!19sChIJi-WGKQA_sz4RSrdAvSOIPp8?authuser=0&hl=en&rclk=1,2026-06-30 01:27:43.983847+05:00,4.9,33,+92 331 3801071,https://danishoramish.com/,"605, Danish o Ramish, Business Center, Shahra-e-Faisal, Shahrah-e-Faisal Block 6 P.E.C.H.S., Karachi, 75400, Pakistan",24.8611693,67.0679201
ChIJb-abIN8_sz4RqeR5zDE_GHU,darbar-e-shireen-4-minar-jb-abi,Darbar e Shireen 4 Minar,shisha,shisha,https://www.google.com/maps/place/Darbar+e+Shireen+4+Minar/data=!4m7!3m6!1s0x3eb33fdf209be66f:0x75183f31cc79e4a9!8m2!3d24.882158!4d67.0667797!16s%2Fg%2F11fmddwxd1!19sChIJb-abIN8_sz4RqeR5zDE_GHU?authuser=0&hl=en&rclk=1,2026-06-30 01:27:43.983847+05:00,4.4,289,+92 335 3550784,https://darbareshireen.com/,"Bahadurabad Block 3 BMCHS Sharafabad, Karachi, Pakistan",24.882158,67.0667797
ChIJ-3bLaDc8sz4RP5TwGM0mSmI,defence-authority-club-j-3bla,Defence Authority Club,padel,"padel,billiards,futsal,swimming,tennis",https://www.google.com/maps/place/Defence+Authority+Club/data=!4m7!3m6!1s0x3eb33c3768cb76fb:0x624a26cd18f0943f!8m2!3d24.835938!4d67.0561189!16s%2Fg%2F1hd_cw_mx!19sChIJ-3bLaDc8sz4RP5TwGM0mSmI?authuser=0&hl=en&rclk=1,2026-06-30 01:27:43.983847+05:00,4.3,2234,+92 21 35803073,https://m.facebook.com/defenceauthorityclub/,"S Central Ave, D.H.A. Phase 2 Phase 2 Defence Housing Authority, Karachi, 75500, Pakistan",24.835938,67.0561189
ChIJzUMppJE8sz4Rvki_okEtB14,defence-authority-creek-club-jzumpp,Defence Authority Creek Club,box-cricket,"box-cricket,billiards,squash,tennis",https://www.google.com/maps/place/Defence+Authority+Creek+Club/data=!4m7!3m6!1s0x3eb33c91a42943cd:0x5e072d41a2bf48be!8m2!3d24.7975533!4d67.0790219!16s%2Fg%2F11xd66wjw!19sChIJzUMppJE8sz4Rvki_okEtB14?authuser=0&hl=en&rclk=1,2026-06-30 01:27:43.983847+05:00,4.3,4764,+92 21 35841901,https://www.dhakarachi.org/clubs/da-creek-club/,"Q3XH+2JC Defence Authority Creek Club, DHA Karachi Phase VIII Zone A Zone A Phase 8 Defence Housing Authority, Karachi, 75500, Pakistan",24.7975533,67.0790219
ChIJkaUULpc8sz4Rj3lC9twGOmY,defence-authority-marina-club-jkauul,Defence Authority Marina Club,boating,boating,https://www.google.com/maps/place/Defence+Authority+Marina+Club/data=!4m7!3m6!1s0x3eb33c972e14a591:0x663a06dcf642798f!8m2!3d24.796253!4d67.0802256!16s%2Fg%2F1tj87xkc!19sChIJkaUULpc8sz4Rj3lC9twGOmY?authuser=0&hl=en&rclk=1,2026-06-30 01:27:43.983847+05:00,4.3,2320,+92 21 35841891,http://www.damarinaclub.com/,"44/2 Zulfiqar Street 1, DHA Karachi Phase VIII Zone A Zone A Phase 8 Defence Housing Authority, Karachi, 75500, Pakistan",24.796253,67.08022559999999
ChIJ-dMFDxA_sz4R3lhLI4sz_5w,denso-hall-j-dmfd,Denso Hall,heritage,"heritage,parks",https://www.google.com/maps/place/Denso+Hall/data=!4m7!3m6!1s0x3eb33f100f05d3f9:0x9cff338b234b58de!8m2!3d24.8536022!4d67.004828!16s%2Fg%2F11rj_h3j2l!19sChIJ-dMFDxA_sz4R3lhLI4sz_5w?authuser=0&hl=en&rclk=1,2026-06-30 01:27:43.983847+05:00,4.3,200,,,"V233+CWW Denso Hall, Mariott Rd, Market Quarter, Karachi, Pakistan",24.853602199999997,67.004828
ChIJUxfg3605sz4RQMXjpq6VrWM,dexter-the-institution-of-skills-development-juxfg3,Dexter The Institution of Skills Development,cooking-classes,cooking-classes,https://www.google.com/maps/place/Dexter+The+Institution+of+Skills+Development/data=!4m7!3m6!1s0x3eb339addfe01753:0x63ad95aea6e3c540!8m2!3d24.9207265!4d67.0861736!16s%2Fg%2F11fd4w7mtl!19sChIJUxfg3605sz4RQMXjpq6VrWM?authuser=0&hl=en&rclk=1,2026-06-30 01:27:43.983847+05:00,4.6,72,+92 332 4433005,http://www.dexter.edu.pk/,"Plot-A 507, Block 1 Gulshan-e-Iqbal, Karachi, 75300, Pakistan",24.920726499999997,67.0861736
ChIJQ9ftBzw8sz4RL4E6AvS-CYM,divers-reef-karachi-jq9ftb,Divers Reef Karachi,boating,boating,https://www.google.com/maps/place/Divers+Reef+Karachi/data=!4m7!3m6!1s0x3eb33c3c07edd743:0x8309bef4023a812f!8m2!3d24.839127!4d67.064387!16s%2Fg%2F1tgqgx9w!19sChIJQ9ftBzw8sz4RL4E6AvS-CYM?authuser=0&hl=en&rclk=1,2026-06-30 01:27:43.983847+05:00,4.5,98,+92 334 3322573,,"Service Rd, D.H.A. Phase 1 Phase 1 Defence Housing Authority, Karachi, 75500, Pakistan",24.839126999999998,67.064387
ChIJd7gU6AY9sz4R4jHD5nDCVIE,do-talwar-monument-jd7gu6,Do Talwar Monument,heritage,heritage,https://www.google.com/maps/place/Do+Talwar+Monument/data=!4m7!3m6!1s0x3eb33d06e814b877:0x8154c270e6c331e2!8m2!3d24.8208807!4d67.034102!16s%2Fg%2F11kj6qrvtb!19sChIJd7gU6AY9sz4R4jHD5nDCVIE?authuser=0&hl=en&rclk=1,2026-06-30 01:27:43.983847+05:00,4.5,1138,,,"R2CM+9J5 Do Talwar Monument, 3rd Ave, Block 5 Clifton, Karachi, 74000, Pakistan",24.8208807,67.03410199999999
ChIJPSp0QrtBsz4RtUsoyWTCs-Y,dr-snooker-club-academy-north-karachi-chapter-jpsp0q,Dr Snooker Club (Academy) North Karachi Chapter,billiards,billiards,https://www.google.com/maps/place/Dr+Snooker+Club+%28Academy%29+North+Karachi+Chapter/data=!4m7!3m6!1s0x3eb341bb42742a3d:0xe6b3c264c9284bb5!8m2!3d24.9854956!4d67.0673758!16s%2Fg%2F11l6gyqbqq!19sChIJPSp0QrtBsz4RtUsoyWTCs-Y?authuser=0&hl=en&rclk=1,2026-06-30 01:27:43.983847+05:00,3.9,35,+92 346 8282228,,"Street 10, 11 L, Sector 11 L North Karachi, Karachi, Pakistan",24.9854956,67.0673758
ChIJ5VdEpQg9sz4REQ-RytiwIfA,dream-station-productions-j5vdep,Dream Station Productions,music-rooms,music-rooms,https://www.google.com/maps/place/Dream+Station+Productions/data=!4m7!3m6!1s0x3eb33d08a54457e5:0xf021b0d8ca910f11!8m2!3d24.812235!4d67.0307032!16s%2Fg%2F11bw5y2hlh!19sChIJ5VdEpQg9sz4REQ-RytiwIfA?authuser=0&hl=en&rclk=1,2026-06-30 01:27:43.983847+05:00,4.8,68,+92 21 35178206,http://www.dreamstationproductions.com/,"F19/1/1, KDA Scheme 5 Block 4 Clifton, Karachi, 75500, Pakistan",24.812234999999998,67.03070319999999
ChIJkQNqtdRBsz4REyXw3jT8BFY,dribbling-arena-jkqnqt,Dribbling Arena,box-cricket,"box-cricket,futsal",https://www.google.com/maps/place/Dribbling+Arena/data=!4m7!3m6!1s0x3eb341d4b56a0391:0x5604fc34def02513!8m2!3d24.9419488!4d67.0345316!16s%2Fg%2F11tk3mf_l0!19sChIJkQNqtdRBsz4REyXw3jT8BFY?authuser=0&hl=en&rclk=1,2026-06-30 01:27:43.983847+05:00,4.4,85,+92 370 0028410,,"C-19, Block Q North Nazimabad Town, Karachi, 74600, Pakistan",24.9419488,67.0345316
ChIJ9Zj0l0A-sz4R4bxic8gCe-Q,duck-boating-lake-j9zj0l,Duck & Boating Lake,boating,boating,https://www.google.com/maps/place/Duck+%26+Boating+Lake/data=!4m7!3m6!1s0x3eb33e4097f498f5:0xe47b02c87362bce1!8m2!3d24.8752277!4d67.0234209!16s%2Fg%2F11gz7vmyc!19sChIJ9Zj0l0A-sz4R4bxic8gCe-Q?authuser=0&hl=en&rclk=1,2026-06-30 01:27:43.983847+05:00,3.0,6,,,"Garden East Millat Nagar, Karachi, Pakistan",24.8752277,67.02342089999999
ChIJAy8ckVM_sz4RXv6kxHjzC5o,elite-indoor-jay8ck,ELITE INDOOR,box-cricket,box-cricket,https://www.google.com/maps/place/ELITE+INDOOR/data=!4m7!3m6!1s0x3eb33f53911c2f03:0x9a0bf378c4a4fe5e!8m2!3d24.9168812!4d67.0772641!16s%2Fg%2F11t82qs8dx!19sChIJAy8ckVM_sz4RXv6kxHjzC5o?authuser=0&hl=en&rclk=1,2026-06-30 01:27:43.983847+05:00,4.0,83,,,"Karachi, Federal B Area Block 8 Gulberg Town, Karachi, Pakistan",24.9168812,67.0772641
ChIJBxvPewBBsz4RPqXdvbIfLfU,eman-sports-complex-jbxvpe,EMAN Sports Complex,box-cricket,box-cricket,https://www.google.com/maps/place/EMAN+Sports+Complex/data=!4m7!3m6!1s0x3eb341007bcf1b07:0xf52d1fb2bddda53e!8m2!3d25.0069504!4d67.0519286!16s%2Fg%2F11ytp0pj2d!19sChIJBxvPewBBsz4RPqXdvbIfLfU?authuser=0&hl=en&rclk=1,2026-06-30 01:27:43.983847+05:00,4.5,11,+92 311 9223626,,"Babr Mor, Sector 2 New Karachi Town, Karachi, Pakistan",25.006950399999997,67.0519286
ChIJFxoYn0Q_sz4Rwq-z6BqCDz8,east-junction-jfxoyn,East Junction,heritage,heritage,https://www.google.com/maps/place/East+Junction/data=!4m7!3m6!1s0x3eb33f449f181a17:0x3f0f821ae8b3afc2!8m2!3d24.8820732!4d67.0289984!16s%2Fg%2F11fktzl5bl!19sChIJFxoYn0Q_sz4Rwq-z6BqCDz8?authuser=0&hl=en&rclk=1,2026-06-30 01:27:43.983847+05:00,4.4,51,,,"V2JH+RHH East Junction, Garden East Soldier Bazaar, Karachi, Pakistan",24.882073199999997,67.02899839999999
ChIJ47lwAX0_sz4RjLXdI6WLi9k,eastern-star-cricket-ground-j47lwa,Eastern Star Cricket Ground,box-cricket,box-cricket,https://www.google.com/maps/place/Eastern+Star+Cricket+Ground/data=!4m7!3m6!1s0x3eb33f7d0170b9e3:0xd98b8ba523ddb58c!8m2!3d24.940906!4d67.0557997!16s%2Fg%2F1ttyv6d4!19sChIJ47lwAX0_sz4RjLXdI6WLi9k?authuser=0&hl=en&rclk=1,2026-06-30 01:27:43.983847+05:00,4.3,1037,+92 333 2191288,,"W3R4+987 Eastern Star Cricket Ground, Block L North Nazimabad Town, Karachi, 74700, Pakistan",24.940906,67.0557997
ChIJQ0i9GGE_sz4RFzAfOLl-ecg,edward-house-jq0i9g,Edward House,heritage,heritage,https://www.google.com/maps/place/Edward+House/data=!4m7!3m6!1s0x3eb33f6118bd4843:0xc8797eb9381f3017!8m2!3d24.8501473!4d67.0299492!16s%2Fg%2F11h8w2mfs3!19sChIJQ0i9GGE_sz4RFzAfOLl-ecg?authuser=0&hl=en&rclk=1,2026-06-30 01:27:43.983847+05:00,4.0,28,+92 313 3934310,,"Civil Lines, Karachi, Pakistan",24.8501473,67.02994919999999
ChIJ4yAMArE_sz4RiXbFFGb0qAw,elite-esports-gaming-lounge-j4yama,Elite eSports & Gaming Lounge,arcades,arcades,https://www.google.com/maps/place/Elite+eSports+%26+Gaming+Lounge/data=!4m7!3m6!1s0x3eb33fb1020c20e3:0xca8f46614c57689!8m2!3d24.823889!4d67.035556!16s%2Fg%2F11sb36w_vp!19sChIJ4yAMArE_sz4RiXbFFGb0qAw?authuser=0&hl=en&rclk=1,2026-06-30 01:27:43.983847+05:00,4.1,14,+92 329 8344446,,"2nd Floor, Elite eSports & Gaming Lounge, Near Bounce, Ocean Towers, Block 9 Clifton, Karachi, 75600, Pakistan",24.823888999999998,67.035556
ChIJJTp888s9sz4RKJ3ear1ycqA,ember-lounge-jjtp88,Ember Lounge,shisha,shisha,https://www.google.com/maps/place/Ember+Lounge/data=!4m7!3m6!1s0x3eb33dcbf37c3a25:0xa07272bd6ade9d28!8m2!3d24.8254635!4d67.0329778!16s%2Fg%2F11w4rxb10b!19sChIJJTp888s9sz4RKJ3ear1ycqA?authuser=0&hl=en&rclk=1,2026-06-30 01:27:43.983847+05:00,5.0,21,+92 312 2367576,,"a-8 fl, 3, Block 5 Clifton, Karachi, Karachi City, Sindh 75540, Block 5 Clifton, Karachi, 75600, Pakistan",24.825463499999998,67.0329778
ChIJQ3bwz3A9sz4REmGmQQty3u8,emdrawsart-studio-jq3bwz,Emdrawsart Studio,board-game-paint-cafe,board-game-paint-cafe,https://www.google.com/maps/place/Emdrawsart+Studio/data=!4m7!3m6!1s0x3eb33d70cff07643:0xefde720b41a66112!8m2!3d24.7905144!4d67.0775517!16s%2Fg%2F11svtc39v8!19sChIJQ3bwz3A9sz4REmGmQQty3u8?authuser=0&hl=en&rclk=1,2026-06-30 01:27:43.983847+05:00,4.4,9,,,"2, Phase, Emdrawsart Studio, 8 Zulfiqar Street No. 3, DHA Karachi Phase VIII Zone A Zulfiqar & Al Murtaza Commercial Area Phase 8 Defence Housing Authority, Karachi, 75500, Pakistan",24.7905144,67.0775517
ChIJY51NbG4-sz4R5erCbF881Ss,empress-market-jy51nb,Empress Market,heritage,heritage,https://www.google.com/maps/place/Empress+Market/data=!4m7!3m6!1s0x3eb33e6e6c4d9d63:0x2bd53c5f6cc2eae5!8m2!3d24.8624842!4d67.0295321!16zL20vMDltOWJr!19sChIJY51NbG4-sz4R5erCbF881Ss?authuser=0&hl=en&rclk=1,2026-06-30 01:27:43.983847+05:00,4.2,7693,,,"near Rainbow Center, Empress Market Saddar, Karachi, 74400, Pakistan",24.862484199999997,67.0295321
ChIJc_yceM04sz4R0hApZoX0c6U,english-snooker-club-jcycem,English Snooker Club,billiards,billiards,"https://www.google.com/maps/place/English+Snooker+Club/@24.9170457,67.0970857",2026-07-11T00:00:00+05:00,4.2,178,+92 21 34810974,,"W38W+RR8 English Snooker Club, Block 10 Gulshan-e-Iqbal, Karachi, Pakistan",24.9170457,67.0970857
ChIJDTlO5IQ9sz4RxqYfX-0Amcs,epic-arena-jdtlo5,Epic Arena,box-cricket,box-cricket,https://www.google.com/maps/place/Epic+Arena/data=!4m7!3m6!1s0x3eb33d84e44e390d:0xcb9900ed5f1fa6c6!8m2!3d24.8268726!4d67.0382196!16s%2Fg%2F11y5ygzm_3!19sChIJDTlO5IQ9sz4RxqYfX-0Amcs?authuser=0&hl=en&rclk=1,2026-06-30 01:27:43.983847+05:00,4.5,39,+92 311 1103742,https://www.epicarena.pk/,"Block, Epic Arena, 9 Forum St, Block 9 Clifton, Karachi, 75600, Pakistan",24.826872599999998,67.03821959999999
ChIJYcZDKeo9sz4RIfLBHjn16dM,escapistan-jyczdk,Escapistan,escape-rooms,"escape-rooms,laser-tag",https://www.google.com/maps/place/Escapistan/data=!4m7!3m6!1s0x3eb33dea2943c661:0xd3e9f5391ec1f221!8m2!3d24.793432!4d67.0663957!16s%2Fg%2F11ff2d2fyh!19sChIJYcZDKeo9sz4RIfLBHjn16dM?authuser=0&hl=en&rclk=1,2026-06-30 01:27:43.983847+05:00,4.4,245,+92 300 2236009,http://www.escapistan.pk/,"7th Commercial Ln, D.H.A Phase 6 Bukhari Commercial Area Phase 6 Defence Housing Authority, Karachi, 75500, Pakistan",24.793432,67.0663957
ChIJLdO0EQA_sz4RilozbCb76oE,etihad-arena-indoor-court-jldo0e,Etihad Arena Indoor Court,box-cricket,"box-cricket,futsal",https://www.google.com/maps/place/Etihad+Arena+Indoor+Court/data=!4m7!3m6!1s0x3eb33f0011b4d32d:0x81eafb266c335a8a!8m2!3d24.8816875!4d67.0631875!16s%2Fg%2F11ln_yfn2c!19sChIJLdO0EQA_sz4RilozbCb76oE?authuser=0&hl=en&rclk=1,2026-06-30 01:27:43.983847+05:00,3.9,28,+92 336 8323552,,"Karachi, Bahadurabad BMCHS Sharafabad, Karachi, 70484, Pakistan",24.881687499999998,67.0631875
ChIJ4U6o-609sz4RrVaJohGP2zA,euphoria-restaurant-j4u6o-,Euphoria restaurant,shisha,shisha,https://www.google.com/maps/place/Euphoria+restaurant/data=!4m7!3m6!1s0x3eb33dadfba84ee1:0x30db8f11a28956ad!8m2!3d24.8173828!4d67.0409926!16s%2Fg%2F119wwcktm!19sChIJ4U6o-609sz4RrVaJohGP2zA?authuser=0&hl=en&rclk=1,2026-06-30 01:27:43.983847+05:00,4.1,591,+92 333 3761061,https://www.facebook.com/euphoriakarachi,"6-C 6th Commercial Ln, Zamzama Commercial Area Defence V Karachi, 75600, Pakistan",24.817382799999997,67.0409926
ChIJ5SuZqBw5sz4R_wYQiiIJjtc,executive-champions-field-j5suzq,Executive Champions Field,futsal,futsal,https://www.google.com/maps/place/Executive+Champions+Field/data=!4m7!3m6!1s0x3eb3391ca8992be5:0xd78e09228a1006ff!8m2!3d24.9119059!4d67.1105158!16s%2Fg%2F11svb5jg1x!19sChIJ5SuZqBw5sz4R_wYQiiIJjtc?authuser=0&hl=en&rclk=1,2026-06-30 01:27:43.983847+05:00,4.3,142,+92 335 2028341,,"W466+Q66 Executive Champions Field, Block 10A Block 10 A Gulshan-e-Iqbal, Karachi, Pakistan",24.911905899999997,67.1105158
ChIJ-ZcoEgA_sz4RoOOCblEa7j0,extenders-futsal-cricket-arena-j-zcoe,Extenders Futsal & Cricket Arena,box-cricket,"box-cricket,futsal",https://www.google.com/maps/place/Extenders+Futsal+%26+Cricket+Arena/data=!4m7!3m6!1s0x3eb33f00122897f9:0x3dee1a516e82e3a0!8m2!3d24.9279667!4d67.0787333!16s%2Fg%2F11vrznr6fb!19sChIJ-ZcoEgA_sz4RoOOCblEa7j0?authuser=0&hl=en&rclk=1,2026-06-30 01:27:43.983847+05:00,4.6,74,+92 318 2294182,,"W3HH+5FQ Extenders Futsal & Cricket Arena, Block 15 Gulberg Town, Karachi, Pakistan",24.9279667,67.0787333
ChIJcU4VQRAwsz4RgVLA-HWDjBU,far-adventures-hawksbay-jcu4vq,FAR Adventures - Hawksbay,boating,boating,https://www.google.com/maps/place/FAR+Adventures+-+Hawksbay/data=!4m7!3m6!1s0x3eb3301041154e71:0x158c8375f8c05281!8m2!3d24.8619116!4d66.8522516!16s%2Fg%2F1hm5j2v7r!19sChIJcU4VQRAwsz4RgVLA-HWDjBU?authuser=0&hl=en&rclk=1,2026-06-30 01:27:43.983847+05:00,4.2,89,+92 345 8240111,https://faradventures.com/,"Hut # A20, Hawksbay Road،, Keamari, Karachi, 74700, Pakistan",24.8619116,66.8522516
ChIJ0cWdDrw9sz4RupEb5Ec8M_M,fc-karachi-j0cwdd,FC Karachi,futsal,futsal,https://www.google.com/maps/place/FC+Karachi/data=!4m7!3m6!1s0x3eb33dbc0e9dc5d1:0xf3333c47e41b91ba!8m2!3d24.8199779!4d67.035695!16s%2Fg%2F11f7l751mv!19sChIJ0cWdDrw9sz4RupEb5Ec8M_M?authuser=0&hl=en&rclk=1,2026-06-30 01:27:43.983847+05:00,3.6,12,+92 304 3362915,https://www.facebook.com/FC.Karachi/,"Link Road, DHA Phase 5 Defence V Defence Housing Authority, Karachi, 75600, Pakistan",24.819977899999998,67.035695
ChIJ2WyJ7rE9sz4RmyI5FQB9FUY,floc-for-the-love-of-coffee-j2wyj7,FLOC - for the love of coffee,board-game-paint-cafe,board-game-paint-cafe,https://www.google.com/maps/place/FLOC+-+for+the+love+of+coffee/data=!4m7!3m6!1s0x3eb33db1ee896cd9:0x46157d001539229b!8m2!3d24.8188218!4d67.0394046!16s%2Fg%2F11dyyxmgjz!19sChIJ2WyJ7rE9sz4RmyI5FQB9FUY?authuser=0&hl=en&rclk=1,2026-06-30 01:27:43.983847+05:00,4.1,1547,+92 303 3263333,http://www.floccoffee.com/,"10th Commercial Ln, DHA Phase 5 Zamzama Commercial Area Defence V Karachi, 75500, Pakistan",24.8188218,67.0394046
ChIJozoqCgA_sz4RbDS9AV_VScA,futflick-jozoqc,FUTFLICK,box-cricket,"box-cricket,futsal",https://www.google.com/maps/place/FUTFLICK/data=!4m7!3m6!1s0x3eb33f000a2a3aa3:0xc049d55f01bd346c!8m2!3d24.8766615!4d67.068908!16s%2Fg%2F11lds6b23x!19sChIJozoqCgA_sz4RbDS9AV_VScA?authuser=0&hl=en&rclk=1,2026-06-30 01:27:43.983847+05:00,4.6,57,,http://www.futflick.com/,"V3G9+HM2 FUTFLICK, Shaheed-e-Millat Rd, Darul Aman Society P.E.C.H.S., Karachi, Pakistan",24.876661499999997,67.068908
ChIJA7T8At89sz4RA6_O_Cy8e4k,fanoos-lounge-ja7t8a,Fanoos Lounge,shisha,shisha,https://www.google.com/maps/place/Fanoos+Lounge/data=!4m7!3m6!1s0x3eb33ddf02fcb403:0x897bbc2cfcceaf03!8m2!3d24.846486!4d67.026212!16s%2Fg%2F1hc4ctssf!19sChIJA7T8At89sz4RA6_O_Cy8e4k?authuser=0&hl=en&rclk=1,2026-06-30 01:27:43.983847+05:00,4.1,66,+92 21 35633333,,"Shapes Health Club Compound Old Railway Club, 139 McNiel Road, Cantt, Civil Lines Karachi, 75530, Pakistan",24.846486,67.026212
ChIJ07S-9nk_sz4RxaWQdsph9lo,far-adventures-corporate-booking-office-j07s-9,Far Adventures - Corporate Booking Office,boating,boating,https://www.google.com/maps/place/Far+Adventures+-+Corporate+Booking+Office/data=!4m7!3m6!1s0x3eb33f79f6beb4d3:0x5af661ca7690a5c5!8m2!3d24.9327211!4d67.052295!16s%2Fg%2F11gfdtncr0!19sChIJ07S-9nk_sz4RxaWQdsph9lo?authuser=0&hl=en&rclk=1,2026-06-30 01:27:43.983847+05:00,3.7,10,+92 345 8240100,https://faradventures.com/adventure-activities-services/,"Corner Shop، opposite The Renaissance & Spice Nation، Block H North Nazimabad Town, Karachi, 74700, Pakistan",24.9327211,67.052295
ChIJbVv97iE-sz4RpqpQ3_qG5T4,fareed-memorial-football-club-lyari-karachi-jbvv97,"Fareed Memorial Football Club, Lyari, Karachi",futsal,futsal,"https://www.google.com/maps/place/Fareed+Memorial+Football+Club,+Lyari,+Karachi/data=!4m7!3m6!1s0x3eb33e21eefd5b6d:0x3ee586fadf50aaa6!8m2!3d24.868732!4d67.0037901!16s%2Fg%2F11f5584bbl!19sChIJbVv97iE-sz4RpqpQ3_qG5T4?authuser=0&hl=en&rclk=1",2026-06-30 01:27:43.983847+05:00,4.6,8,,,"Benazir Bhutto Shaheed University, Afshani St, Rexer Lanes Kalan Kot, Karachi, 75660, Pakistan",24.868731999999998,67.0037901
ChIJQ8R6tUI-sz4RXEPzycVfYxE,fatimiyah-sports-complex-fsc-jq8r6t,Fatimiyah Sports Complex (FSC),tennis,"tennis,billiards,squash,swimming",https://www.google.com/maps/place/Fatimiyah+Sports+Complex+%28FSC%29/data=!4m7!3m6!1s0x3eb33e42b57ac443:0x11635fc5c9f3435c!8m2!3d24.8741269!4d67.0343712!16s%2Fg%2F1tcxsqkh!19sChIJQ8R6tUI-sz4RXEPzycVfYxE?authuser=0&hl=en&rclk=1,2026-06-30 01:27:43.983847+05:00,4.7,140,+92 332 2534523,,"Soldier Bazaar Parsi Colony Saddar, Karachi, Pakistan",24.8741269,67.0343712
ChIJCdDy4i4_sz4RH2_QkmRCvOQ,fighters-arena-jcddy4,Fighters Arena,arcades,"arcades,laser-tag",https://www.google.com/maps/place/Fighters+Arena/data=!4m7!3m6!1s0x3eb33f2ee2f2d009:0xe4bc426492d06f1f!8m2!3d24.8681816!4d67.036525!16s%2Fg%2F11qn0zsfqs!19sChIJCdDy4i4_sz4RH2_QkmRCvOQ?authuser=0&hl=en&rclk=1,2026-06-30 01:27:43.983847+05:00,4.5,10,+92 334 3487595,,"Saqib Shaheed Rd, Central Jacob Lines Karachi, 74400, Pakistan",24.8681816,67.036525
ChIJubA8uZs9sz4Roe0XMNor3cY,fine-arts-pakistan-juba8u,Fine Arts Pakistan,museums-galleries,museums-galleries,https://www.google.com/maps/place/Fine+Arts+Pakistan/data=!4m7!3m6!1s0x3eb33d9bb93cb0b9:0xc6dd2bda3017eda1!8m2!3d24.8143488!4d67.0505645!16s%2Fg%2F11rgp2w3hv!19sChIJubA8uZs9sz4Roe0XMNor3cY?authuser=0&hl=en&rclk=1,2026-06-30 01:27:43.983847+05:00,4.5,10,,,"Plot No 20-C, Fine Arts Pakistan, Shop#4 Stadium Lane 1, DHA Phase 5 Stadium Commercial Area Commercial Area Khadda Market, Karachi, 74800, Pakistan",24.814348799999998,67.0505645
ChIJDy2PVO45sz4R56MGXiO62mM,fireball-sports-arena-and-padel-court-gaming-zone-cafe-jdy2pv,Fireball Sports Arena and Padel court + Gaming zone + Cafe,padel,"padel,arcades,box-cricket,futsal",https://www.google.com/maps/place/Fireball+Sports+Arena+and+Padel+court+%2B+Gaming+zone+%2B+Cafe/data=!4m7!3m6!1s0x3eb339ee548f2d0f:0x63daba235e06a3e7!8m2!3d24.9061444!4d67.0950222!16s%2Fg%2F11t4dwk8vy!19sChIJDy2PVO45sz4R56MGXiO62mM?authuser=0&hl=en&rclk=1,2026-06-30 01:27:43.983847+05:00,4.5,415,+92 307 3833225,,"W34V+RWP Fireball Sports Arena and Padel court + Gaming zone + Cafe, A-410, Block 19 Gulshan-e-Iqbal, Karachi, 73500, Pakistan",24.9061444,67.0950222
ChIJH_5KDAA5sz4R04MYfHNdh4Y,fireball-x-shender-5-snooker-club-jh_5kd,Fireball X Shender 5 Snooker Club,billiards,billiards,https://www.google.com/maps/place/Fireball+X+Shender+5+Snooker+Club/data=!4m7!3m6!1s0x3eb339000c4afe1f:0x86875d737c1883d3!8m2!3d24.9061206!4d67.0949643!16s%2Fg%2F11x8s0_z4j!19sChIJH_5KDAA5sz4R04MYfHNdh4Y?authuser=0&hl=en&rclk=1,2026-06-30 01:27:43.983847+05:00,4.9,13,+92 346 3055952,,"Plot A-410, Block 19 Gulshan-e-Iqbal, Karachi, Pakistan",24.906120599999998,67.0949643
ChIJZ_UdHSc_sz4RtVan5pMjUy8,first-national-snooker-academy-jz_udh,First National Snooker Academy,billiards,billiards,https://www.google.com/maps/place/First+National+Snooker+Academy/data=!4m7!3m6!1s0x3eb33f271d1df567:0x2f532393e6a756b5!8m2!3d24.904975!4d67.078359!16s%2Fg%2F1263r71ww!19sChIJZ_UdHSc_sz4RtVan5pMjUy8?authuser=0&hl=en&rclk=1,2026-06-30 01:27:43.983847+05:00,3.9,204,+92 330 8147147,http://www.facebook.com/fnsnooker,"Plot Number BS 25, Block 13A, University Road, Gulshan-e-Iqbal, Karachi, Mazenine Floor, Osif Centre, Block 13 A Gulshan-e-Iqbal, Karachi, Pakistan",24.904975,67.07835899999999
ChIJK1VKmyo_sz4RN456ZCS-r1M,flex-pakistan-jk1vkm,Flex Pakistan,box-cricket,"box-cricket,futsal",https://www.google.com/maps/place/Flex+Pakistan/data=!4m7!3m6!1s0x3eb33f2a9b4a552b:0x53afbe24647a8e37!8m2!3d24.8639722!4d67.0679547!16s%2Fg%2F11rsvqznv1!19sChIJK1VKmyo_sz4RN456ZCS-r1M?authuser=0&hl=en&rclk=1,2026-06-30 01:27:43.983847+05:00,4.4,94,+92 324 1027055,https://instagram.com/flex_pakistan,"Plot 41-G, Flex Pakistan, Dr. Mahmood Husain Road, Block-6 Block 6 P.E.C.H.S., Karachi, Pakistan",24.8639722,67.0679547
ChIJkUSLNwA5sz4RLiCZPrMJGqU,flip-factory-jkusln,Flip factory,trampoline,trampoline,https://www.google.com/maps/place/Flip+factory/data=!4m7!3m6!1s0x3eb33900378b4491:0xa51a09b33e99202e!8m2!3d24.9241875!4d67.1085625!16s%2Fg%2F11y0_8tjzt!19sChIJkUSLNwA5sz4RLiCZPrMJGqU?authuser=0&hl=en&rclk=1,2026-06-30 01:27:43.983847+05:00,3.9,87,,,"Gulshan-e-Iqbal, Karachi, Pakistan",24.9241875,67.10856249999999
ChIJwzEzFgA5sz4RfW94uL683qk,fly-safari-karachi-jwzezf,Fly Safari Karachi,adventure-parks,adventure-parks,https://www.google.com/maps/place/Fly+Safari+Karachi/data=!4m7!3m6!1s0x3eb33900163331c3:0xa9debcbeb8786f7d!8m2!3d24.9252293!4d67.1091331!16s%2Fg%2F11w9fb0w8d!19sChIJwzEzFgA5sz4RfW94uL683qk?authuser=0&hl=en&rclk=1,2026-06-30 01:27:43.983847+05:00,4.7,188,+92 311 2856001,http://www.flysafari.pk/,"Safari park, Main University Rd, Gulshan-e-Iqbal, Karachi, Pakistan",24.925229299999998,67.1091331
ChIJpYhYon0_sz4RB5J-yrwwNnE,football-ground-jpyhyo,Football Ground,futsal,futsal,https://www.google.com/maps/place/Football+Ground/data=!4m7!3m6!1s0x3eb33f7da25888a5:0x713630bcca7e9207!8m2!3d24.9418223!4d67.0548398!16s%2Fg%2F11gcb0l6rb!19sChIJpYhYon0_sz4RB5J-yrwwNnE?authuser=0&hl=en&rclk=1,2026-06-30 01:27:43.983847+05:00,4.3,25,+92 334 3238075,,"W3R3+PWG Football Ground, Block L North Nazimabad Town, Karachi, Pakistan",24.9418223,67.0548398
ChIJIzn9hgBAsz4R9r3s76BVZfs,football-stadium-jizn9h,Football Stadium,futsal,futsal,https://www.google.com/maps/place/Football+Stadium/data=!4m7!3m6!1s0x3eb3400086fd3923:0xfb6555a0efecbdf6!8m2!3d24.9352577!4d67.0019725!16s%2Fg%2F11g8_hrz6d!19sChIJIzn9hgBAsz4R9r3s76BVZfs?authuser=0&hl=en&rclk=1,2026-06-30 01:27:43.983847+05:00,4.0,121,,,"W2P2+4Q5 Football Stadium, Sector 4 Hanifabad, Karachi, Pakistan",24.935257699999998,67.0019725
ChIJi1OqxMc9sz4RA0563v3H-sI,football-ground-tekri-colony-ji1oqx,Football ground tekri colony,futsal,futsal,https://www.google.com/maps/place/Football+ground+tekri+colony/data=!4m7!3m6!1s0x3eb33dc7c4aa538b:0xc2fac7fdde7a4e03!8m2!3d24.8307885!4d67.0226801!16s%2Fg%2F11nxqqxphr!19sChIJi1OqxMc9sz4RA0563v3H-sI?authuser=0&hl=en&rclk=1,2026-06-30 01:27:43.983847+05:00,3.8,14,,,"R2JF+837 Football ground tekri colony, Kehkashan Tekri Colony Bath Island, Karachi, 75600, Pakistan",24.8307885,67.0226801
ChIJM4dwPQA_sz4R5CtaoSrOMFA,free-hit-padel-jm4dwp,Free Hit Padel,padel,"padel,box-cricket",https://www.google.com/maps/place/Free+Hit+Padel/data=!4m7!3m6!1s0x3eb33f003d708733:0x5030ce2aa15a2be4!8m2!3d24.8741147!4d67.0585946!16s%2Fg%2F11wmhfqb7v!19sChIJM4dwPQA_sz4R5CtaoSrOMFA?authuser=0&hl=en&rclk=1,2026-06-30 01:27:43.983847+05:00,4.3,43,+92 346 2489225,,"Dr. Abdus Salam Rd, Block 2 P.E.C.H.S., Karachi, Pakistan",24.8741147,67.05859459999999
ChIJZ_ZsUQA_sz4RLvmi1ACwe3A,freehit-pechs-jz_zsu,FreeHit PECHS,box-cricket,"box-cricket,futsal",https://www.google.com/maps/place/FreeHit+PECHS/data=!4m7!3m6!1s0x3eb33f00516cf667:0x707bb000d4a2f92e!8m2!3d24.8621662!4d67.0649695!16s%2Fg%2F11y373hy26!19sChIJZ_ZsUQA_sz4RLvmi1ACwe3A?authuser=0&hl=en&rclk=1,2026-06-30 01:27:43.983847+05:00,3.6,60,+92 321 8348068,,"Main, 45E Shahra-e-Faisal, behind Fortune Center, Block 6 P.E.C.H.S., Karachi, Pakistan",24.862166199999997,67.0649695
ChIJe-h6qnMSsz4RBwhVMghM0Q8,french-beach-karachi-je-h6q,"French Beach, Karachi",beaches,beaches,"https://www.google.com/maps/place/French+Beach,+Karachi/@24.8607,67.0011,15z/data=!4m6!3m5!1s0x3eb31273aa7ae87b:0xfd14c0832550807!8m2!3d24.8394776!4d66.8182481!16s%2Fm%2F04lj0bg?hl=en&entry=ttu&g_ep=EgoyMDI2MDYyNC4wIKXMDSoASAFQAw%3D%3D",2026-06-30 01:27:43.983847+05:00,4.5,1110,,,Pakistan,24.8394776,66.81824809999999
ChIJe01bS9g9sz4Rbwn4ZiMC3jc,frere-hall-je01bs,Frere Hall,heritage,heritage,https://www.google.com/maps/place/Frere+Hall/data=!4m7!3m6!1s0x3eb33dd84b5b4d7b:0x37de022366f8096f!8m2!3d24.847367!4d67.0329298!16zL20vMGJsNzh4!19sChIJe01bS9g9sz4Rbwn4ZiMC3jc?authuser=0&hl=en&rclk=1,2026-06-30 01:27:43.983847+05:00,4.4,10452,+92 312 2549193,,"Fatima Jinnah Rd, Civil Lines Karachi, Pakistan",24.847367,67.03292979999999
ChIJ7TziaEc9sz4RNBoTLPviqnI,funparay-j7tzia,Funparay,pottery-art,pottery-art,https://www.google.com/maps/place/Funparay/data=!4m7!3m6!1s0x3eb33d4768e23ced:0x72aae2fb2c131a34!8m2!3d24.8022677!4d67.0752336!16s%2Fg%2F11hdx1698n!19sChIJ7TziaEc9sz4RNBoTLPviqnI?authuser=0&hl=en&rclk=1,2026-06-30 01:27:43.983847+05:00,4.3,7,+92 300 8291781,,"18-C, Funparay, Lane-1 Khayaban-e-Ittehad Road, D.H.A Phase 6 Ittehad Commercial Area Phase 6 Defence Housing Authority, Karachi, 75500, Pakistan",24.802267699999998,67.07523359999999
ChIJl89lxo85sz4RM6FvN92Tf5M,futsal-ground-jl89lx,Futsal Ground,futsal,futsal,https://www.google.com/maps/place/Futsal+Ground/data=!4m7!3m6!1s0x3eb3398fc665cf97:0x937f93dd376fa133!8m2!3d24.9121622!4d67.094802!16s%2Fg%2F11tnm0x8j8!19sChIJl89lxo85sz4RM6FvN92Tf5M?authuser=0&hl=en&rclk=1,2026-06-30 01:27:43.983847+05:00,4.2,5,+92 316 7090600,,"ST/G 22, Block 10 Gulshan-e-Iqbal, Karachi, Pakistan",24.912162199999997,67.094802
ChIJh8Y6p7k9sz4RBqYgr5i6lkE,futsal-ground-dmc-south-jh8y6p,Futsal Ground DMC (South),futsal,futsal,https://www.google.com/maps/place/Futsal+Ground+DMC+%28South%29/data=!4m7!3m6!1s0x3eb33db9a73ac687:0x4196ba98af20a606!8m2!3d24.8133394!4d67.0029461!16s%2Fg%2F11k9gl8j81!19sChIJh8Y6p7k9sz4RBqYgr5i6lkE?authuser=0&hl=en&rclk=1,2026-06-30 01:27:43.983847+05:00,4.4,14,,,"R273+85P Futsal Ground DMC (South), ST 19, Block-1 Block 1 Clifton, Karachi, 75600, Pakistan",24.8133394,67.0029461
ChIJx3NdLVw8sz4RT_aQOLfN2t4,futsal-court-6th-lane-jx3ndl,Futsal court 6th Lane,futsal,futsal,https://www.google.com/maps/place/Futsal+court+6th+Lane/data=!4m7!3m6!1s0x3eb33c5c2d5d73c7:0xdedacdb73890f64f!8m2!3d24.8172141!4d67.0672219!16s%2Fg%2F11bwlcp6yj!19sChIJx3NdLVw8sz4RT_aQOLfN2t4?authuser=0&hl=en&rclk=1,2026-06-30 01:27:43.983847+05:00,4.3,68,,,"R388+VVQ Futsal court 6th Lane, 6th Commercial St, Phase 6 Defence Housing Authority, Karachi, 75500, Pakistan",24.817214099999998,67.06722189999999
ChIJpeGe7yM-sz4RpbZrgyxufdw,gabol-park-jpege7,Gabol Park,futsal,"futsal,parks",https://www.google.com/maps/place/Gabol+Park/data=!4m7!3m6!1s0x3eb33e23ef9ee1a5:0xdc7d6e2c836bb6a5!8m2!3d24.8729111!4d67.0058345!16s%2Fg%2F1txc5j04!19sChIJpeGe7yM-sz4RpbZrgyxufdw?authuser=0&hl=en&rclk=1,2026-06-30 01:27:43.983847+05:00,4.2,527,+92 312 2964124,,"Gabol Road, Kalakot Kalan Kot, Karachi, Pakistan",24.8729111,67.00583449999999
ChIJH7UXVNI_sz4RwJe9kH_aXMk,garrison-futsal-court-karachi-jh7uxv,Garrison Futsal Court Karachi,futsal,futsal,https://www.google.com/maps/place/Garrison+Futsal+Court+Karachi/data=!4m7!3m6!1s0x3eb33fd25417b51f:0xc95cda7f90bd97c0!8m2!3d24.8579292!4d67.0390677!16s%2Fg%2F11fpr6bhs7!19sChIJH7UXVNI_sz4RwJe9kH_aXMk?authuser=0&hl=en&rclk=1,2026-06-30 01:27:43.983847+05:00,4.3,19,+92 315 2654286,,"V25Q+5JG Garrison Futsal Court Karachi, Unnamed Road, Karachi Cantonment Fowler Lines, Karachi, Pakistan",24.857929199999997,67.0390677
ChIJ0YH-LQA_sz4RV5Z6ODdKK_E,genz-sports-arena-j0yh-l,GenZ Sports Arena,padel,"padel,box-cricket",https://www.google.com/maps/place/GenZ+Sports+Arena/data=!4m7!3m6!1s0x3eb33f002dfe81d1:0xf12b4a37387a9657!8m2!3d24.9375625!4d67.0485625!16s%2Fg%2F11ltqbnc_q!19sChIJ0YH-LQA_sz4RV5Z6ODdKK_E?authuser=0&hl=en&rclk=1,2026-06-30 01:27:43.983847+05:00,4.5,49,+92 323 9515018,https://www.onspotapp.com/book-now/127/Gen-Z-Sports-Arena,"H, block, Block H North Nazimabad Town, Karachi, 74770, Pakistan",24.9375625,67.0485625
ChIJ51erb4k_sz4Rjf53YEEPzvU,ghani-eleven-football-club-j51erb,Ghani Eleven Football Club,futsal,futsal,https://www.google.com/maps/place/Ghani+Eleven+Football+Club/data=!4m7!3m6!1s0x3eb33f896fab57e7:0xf5ce0f416077fe8d!8m2!3d24.8985928!4d67.0654533!16s%2Fg%2F11gxmw1qc0!19sChIJ51erb4k_sz4Rjf53YEEPzvU?authuser=0&hl=en&rclk=1,2026-06-30 01:27:43.983847+05:00,3.7,6,,,"V3X8+C5P Ghani Eleven Football Club, Essa Nagri Gulshan-e-Iqbal, Karachi, Pakistan",24.8985928,67.0654533
ChIJEf1I8KBBsz4RiD8UBDntZYM,ghous-al-azam-sports-ground-jef1i8,Ghous Al-Azam Sports Ground,futsal,futsal,https://www.google.com/maps/place/Ghous+Al-Azam+Sports+Ground/data=!4m7!3m6!1s0x3eb341a0f048fd11:0x8365ed3904143f88!8m2!3d24.9538422!4d67.0667518!16s%2Fg%2F11s_b7btm3!19sChIJEf1I8KBBsz4RiD8UBDntZYM?authuser=0&hl=en&rclk=1,2026-06-30 01:27:43.983847+05:00,3.9,113,,,"X338+GPJ Ghous Al-Azam Sports Ground, Ghous-Ul, Sector 15-A/5 Sector 15 A 5 Buffer Zone, Karachi, 75850, Pakistan",24.9538422,67.06675179999999
ChIJR18k4aw9sz4RcZdlAULcaqc,gizri-football-stadium-jr18k4,Gizri Football STADIUM,futsal,futsal,https://www.google.com/maps/place/Gizri+Football+STADIUM/data=!4m7!3m6!1s0x3eb33dace1245f47:0xa76adc4201659771!8m2!3d24.8155554!4d67.0447836!16s%2Fg%2F1tlmltf8!19sChIJR18k4aw9sz4RcZdlAULcaqc?authuser=0&hl=en&rclk=1,2026-06-30 01:27:43.983847+05:00,4.2,448,,,"11 30th St, Defence V Defence Housing Authority, Karachi, 75500, Pakistan",24.815555399999997,67.0447836
ChIJZZIPYmJGsz4R1JL_GhVFoEA,go-cart-track-jzzipy,Go Cart Track,karting,karting,https://www.google.com/maps/place/Go+Cart+Track/data=!4m7!3m6!1s0x3eb34662620f9265:0x40a045151aff92d4!8m2!3d25.0331292!4d67.1428505!16s%2Fg%2F11gdjpm8vv!19sChIJZZIPYmJGsz4R1JL_GhVFoEA?authuser=0&hl=en&rclk=1,2026-06-30 01:27:43.983847+05:00,4.0,23,+92 340 1111501,,"24MV+745 Go Cart Track, Dream World Family Resort Hotel And Golf Club Taiser Town, Karachi, Pakistan",25.033129199999998,67.1428505
ChIJWbTWpK09sz4Rb-uK1lifRfM,grandeur-art-gallery-jwbtwp,Grandeur Art Gallery,museums-galleries,museums-galleries,https://www.google.com/maps/place/Grandeur+Art+Gallery/data=!4m7!3m6!1s0x3eb33dada4d6b459:0xf3459f58d68aeb6f!8m2!3d24.8173107!4d67.0407247!16s%2Fg%2F11_tqq7mb!19sChIJWbTWpK09sz4Rb-uK1lifRfM?authuser=0&hl=en&rclk=1,2026-06-30 01:27:43.983847+05:00,4.7,12,+92 21 35435744,http://www.grandeur.com.pk/,"Zamzama Blvd, Zamzama Commercial Area Defence V Karachi, 75600, Pakistan",24.8173107,67.0407247
ChIJqyruOwA9sz4ROf5cpEePV40,greenwich-padel-jqyruo,Greenwich PADEL,padel,padel,https://www.google.com/maps/place/Greenwich+PADEL/data=!4m7!3m6!1s0x3eb33d003bee2aab:0x8d578f47a45cfe39!8m2!3d24.7880906!4d67.0488853!16s%2Fg%2F11wnn0m3hg!19sChIJqyruOwA9sz4ROf5cpEePV40?authuser=0&hl=en&rclk=1,2026-06-30 01:27:43.983847+05:00,4.6,37,+92 339 0000215,http://www.greenwichpadel.pk/,"DK-10 38th St, D.H.A Phase 6 Darakhshan Villas Phase 6 Darakshan, Karachi, 75500, Pakistan",24.7880906,67.0488853
ChIJI04vaco9sz4RZ9KApkrEcb8,ground-zero-khi-ji04va,Ground Zero Khi,box-cricket,"box-cricket,futsal,skating",https://www.google.com/maps/place/Ground+Zero+Khi/data=!4m7!3m6!1s0x3eb33dca692f4e23:0xbf71c44aa680d267!8m2!3d24.8140209!4d67.038543!16s%2Fg%2F11jp00vscq!19sChIJI04vaco9sz4RZ9KApkrEcb8?authuser=0&hl=en&rclk=1,2026-06-30 01:27:43.983847+05:00,4.5,228,+92 321 4768630,,"Zamzama Park, Roller Skating Rink Zamzama Park, Khayaban-e-Shujaat, DHA Phase 5 Defence V Defence Housing Authority, Karachi, 75500, Pakistan",24.8140209,67.03854299999999
ChIJA2ZAEHc5sz4RMzAup3kwQ8Q,gulshan-futsal-academy-ja2zae,Gulshan Futsal Academy,futsal,futsal,https://www.google.com/maps/place/Gulshan+Futsal+Academy/data=!4m7!3m6!1s0x3eb3397710406603:0xc4433079a72e3033!8m2!3d24.9246514!4d67.0961801!16s%2Fg%2F11ql1bdxld!19sChIJA2ZAEHc5sz4RMzAup3kwQ8Q?authuser=0&hl=en&rclk=1,2026-06-30 01:27:43.983847+05:00,4.6,32,+92 333 3917997,https://www.facebook.com/groups/Gulshan.Futsal.Academy,"near Shahfaisal Masjid, Block 6 Gulshan-e-Iqbal, Karachi, 75300, Pakistan",24.9246514,67.0961801
ChIJ6aNkI785sz4RNnG6SbYNAWo,gulshan-indoor-arena-j6anki,Gulshan Indoor Arena,box-cricket,box-cricket,https://www.google.com/maps/place/Gulshan+Indoor+Arena/data=!4m7!3m6!1s0x3eb339bf2364a3e9:0x6a010db649ba7136!8m2!3d24.9087246!4d67.1051215!16s%2Fg%2F11svk3ld3v!19sChIJ6aNkI785sz4RNnG6SbYNAWo?authuser=0&hl=en&rclk=1,2026-06-30 01:27:43.983847+05:00,3.0,14,+92 345 2325932,https://www.facebook.com/Gulshanindoorarena?mibextid=kFxxJD,"W454+F2Q Gulshan Indoor Arena, PB 1, National Cement Employees Housing Society Block 10 A Gulshan-e-Iqbal, Karachi, Pakistan",24.9087246,67.1051215
ChIJw4Q73mo5sz4ROIelWXTtyJg,gulshan-soccer-academy-jw4q73,Gulshan Soccer Academy,futsal,futsal,https://www.google.com/maps/place/Gulshan+Soccer+Academy/data=!4m7!3m6!1s0x3eb3396ade3b84c3:0x98c8ed7459a58738!8m2!3d24.9270408!4d67.1044317!16s%2Fg%2F11hf95v__w!19sChIJw4Q73mo5sz4ROIelWXTtyJg?authuser=0&hl=en&rclk=1,2026-06-30 01:27:43.983847+05:00,4.6,291,+92 333 3917997,,"Soccer street, Block 7 Gulshan-e-Iqbal, Karachi, 75300, Pakistan",24.9270408,67.10443169999999
ChIJC_7zS4s9sz4RxpvTyKAtlJc,h-h-snooker-club-jc_7zs,H&H Snooker Club,billiards,billiards,https://www.google.com/maps/place/H%26H+Snooker+Club/data=!4m7!3m6!1s0x3eb33d8b4bf3fe0b:0x97942da0c8d39bc6!8m2!3d24.7987753!4d67.0434403!16s%2Fg%2F11y3bx3b77!19sChIJC_7zS4s9sz4RxpvTyKAtlJc?authuser=0&hl=en&rclk=1,2026-06-30 01:27:43.983847+05:00,4.4,30,,,"7A Building, H&H Snooker Club, 39C, DHA Phase 5 Badar Commercial Area Defence V Defence Housing Authority, Karachi, 75600, Pakistan",24.7987753,67.0434403
ChIJtXwaNHxLsz4RHanSr3AjmaU,hd-snooker-club-jtxwan,HD Snooker & Club,billiards,billiards,https://www.google.com/maps/place/HD+Snooker+%26+Club/data=!4m7!3m6!1s0x3eb34b7c341a7cb5:0xa5992370afd2a91d!8m2!3d24.8674079!4d66.9986227!16s%2Fg%2F11lzsc2vzc!19sChIJtXwaNHxLsz4RHanSr3AjmaU?authuser=0&hl=en&rclk=1,2026-06-30 01:27:43.983847+05:00,5.0,6,,,"Nomaish beside salanin,mcb building 3rd floor clhub no 008 48, Gul Muhammadi Line, Karachi, 70241, Pakistan",24.8674079,66.9986227
ChIJqb0iEKY_sz4RHLLmwMiNn7k,habib-elevan-football-club-haji-pincher-road-kalakot-jqb0ie,Habib Elevan Football club Haji pincher Road kalakot,futsal,futsal,https://www.google.com/maps/place/Habib+Elevan+Football+club+Haji+pincher+Road+kalakot/data=!4m7!3m6!1s0x3eb33fa61022bda9:0xb99f8dc8c0e6b21c!8m2!3d24.8710973!4d67.004648!16s%2Fg%2F11jv45twgf!19sChIJqb0iEKY_sz4RHLLmwMiNn7k?authuser=0&hl=en&rclk=1,2026-06-30 01:27:43.983847+05:00,4.7,7,,,"V2C3+CVJ Habib Elevan Football club Haji pincher Road kalakot, Sardar St, Kalakot Kalan Kot, Karachi, Pakistan",24.8710973,67.004648
ChIJD2luKWE4sz4RLlV4RF7mghY,hafeez-qasmani-s-art-studio-jd2luk,Hafeez Qasmani's Art Studio,pottery-art,pottery-art,https://www.google.com/maps/place/Hafeez+Qasmani%27s+Art+Studio/data=!4m7!3m6!1s0x3eb33861296e690f:0x1682e65e4478552e!8m2!3d24.810261!4d67.080465!16s%2Fg%2F11gdn5_qk0!19sChIJD2luKWE4sz4RLlV4RF7mghY?authuser=0&hl=en&rclk=1,2026-06-30 01:27:43.983847+05:00,5.0,6,+92 344 2288592,,"S-148 Ayyubia lane 7، D.H.A. Phase 7 Phase 7 Ext Karachi, 75500, Pakistan",24.810261,67.080465
ChIJ2Wi42Sg_sz4R5JuNpT2NcUA,hakeem-muhammad-saeed-play-ground-j2wi42,Hakeem Muhammad Saeed Play Ground,futsal,"futsal,parks",https://www.google.com/maps/place/Hakeem+Muhammad+Saeed+Play+Ground/data=!4m7!3m6!1s0x3eb33f28d9b868d9:0x40718d3da58d9be4!8m2!3d24.9081875!4d67.0851875!16s%2Fg%2F1tlvm_tp!19sChIJ2Wi42Sg_sz4R5JuNpT2NcUA?authuser=0&hl=en&rclk=1,2026-06-30 01:27:43.983847+05:00,4.3,665,,,"W34P+RPF Hakeem Muhammad Saeed Play Ground, Main University Rd, Block 8 Gulshan-e-Iqbal, Karachi, Pakistan",24.9081875,67.0851875
ChIJuxJEOA8-sz4Rm0u_9QvNaME,hamid-snooker-club-juxjeo,Hamid Snooker Club,billiards,billiards,https://www.google.com/maps/place/Hamid+Snooker+Club/data=!4m7!3m6!1s0x3eb33e0f384412bb:0xc168cd0bf5bf4b9b!8m2!3d24.8533109!4d67.0123382!16s%2Fg%2F11c7sqvz9b!19sChIJuxJEOA8-sz4Rm0u_9QvNaME?authuser=0&hl=en&rclk=1,2026-06-30 01:27:43.983847+05:00,3.5,44,,,"V236+8WG Hamid Snooker Club, Kanji Tulsidas St, New Chali, Karachi, Pakistan",24.8533109,67.0123382
ChIJTwPZHvcVsz4RaNOISYK1L-I,hamkalaam-studio-jtwpzh,Hamkalaam Studio,music-rooms,music-rooms,https://www.google.com/maps/place/Hamkalaam+Studio/data=!4m7!3m6!1s0x3eb315f71ed9034f:0xe22fb5824988d368!8m2!3d24.8620477!4d66.9968465!16s%2Fg%2F11kj26b7tp!19sChIJTwPZHvcVsz4RaNOISYK1L-I?authuser=0&hl=en&rclk=1,2026-06-30 01:27:43.983847+05:00,5.0,5,+92 329 2589434,,"Magribi Yousuf Haroon Road, Street Number 6, Block A Lyari Town, Karachi, 75660, Pakistan",24.862047699999998,66.9968465
ChIJP7st9j0_sz4RgoPAKx2vUrQ,hamza-akram-qawwal-studio-jp7st9,Hamza Akram Qawwal Studio,music-rooms,music-rooms,https://www.google.com/maps/place/Hamza+Akram+Qawwal+Studio/data=!4m7!3m6!1s0x3eb33f3df62dbb3f:0xb452af1d2bc08382!8m2!3d24.8708538!4d67.0179482!16s%2Fg%2F11jv7l9p11!19sChIJP7st9j0_sz4RgoPAKx2vUrQ?authuser=0&hl=en&rclk=1,2026-06-30 01:27:43.983847+05:00,4.2,9,+92 331 2466640,,"Razi manzil, Nishter Rd, behind Shoe Market, garden, Karachi, 74400, Pakistan",24.8708538,67.01794819999999
ChIJ-5Sxyq8Tsz4RRWGOEp9ckcU,hawke-s-bay-beach-j-5sxy,Hawke's Bay Beach,beaches,beaches,https://www.google.com/maps/place/Hawke%27s+Bay+Beach/data=!4m7!3m6!1s0x3eb313afcab194fb:0xc5915c9f128e6145!8m2!3d24.8601703!4d66.8636615!16zL20vMGI1NjNn!19sChIJ-5Sxyq8Tsz4RRWGOEp9ckcU?authuser=0&hl=en&rclk=1,2026-06-30 01:27:43.983847+05:00,4.4,1747,,,Pakistan,24.8601703,66.86366149999999
ChIJ_eBojb0-sz4Ri6Qs9OoeS38,hill-park-j_eboj,Hill Park,adventure-parks,"adventure-parks,parks",https://www.google.com/maps/place/Hill+Park/data=!4m7!3m6!1s0x3eb33ebd8d68e0fd:0x7f4b1eeaf42ca48b!8m2!3d24.8715176!4d67.0709538!16zL20vMDliZDJr!19sChIJ_eBojb0-sz4Ri6Qs9OoeS38?authuser=0&hl=en&rclk=1,2026-06-30 01:27:43.983847+05:00,4.1,4777,+92 309 2893448,,"187 Osman Issa Bhai Memon Road, Karachi Memon Society P.E.C.H.S., Karachi, Pakistan",24.871517599999997,67.0709538
ChIJVc5kx7w-sz4RXHN6jcCqo80,hill-park-cricket-club-jvc5kx,Hill Park Cricket Club,box-cricket,box-cricket,https://www.google.com/maps/place/Hill+Park+Cricket+Club/data=!4m7!3m6!1s0x3eb33ebcc764ce55:0xcda3aac08d7a735c!8m2!3d24.8689382!4d67.0750305!16s%2Fg%2F11dxf1lq9x!19sChIJVc5kx7w-sz4RXHN6jcCqo80?authuser=0&hl=en&rclk=1,2026-06-30 01:27:43.983847+05:00,4.3,659,,,"V39G+H2C Hill Park Cricket Club, Karachi Memon Co-operative Housing Society Karachi Memon Society P.E.C.H.S., Karachi, Pakistan",24.8689382,67.0750305
ChIJacYvFAA_sz4R0jzg0qNqfX8,hilltop-sports-arena-jacyvf,Hilltop sports arena,box-cricket,"box-cricket,futsal",https://www.google.com/maps/place/Hilltop+sports+arena/data=!4m7!3m6!1s0x3eb33f00142fc669:0x7f7d6aa3d2e03cd2!8m2!3d24.8681153!4d67.0704023!16s%2Fg%2F11vt1_wz_b!19sChIJacYvFAA_sz4R0jzg0qNqfX8?authuser=0&hl=en&rclk=1,2026-06-30 01:27:43.983847+05:00,4.4,38,+92 316 2431680,,"Hill park, Block 6 P.E.C.H.S., Karachi, Pakistan",24.8681153,67.0704023
ChIJud7UhzA8sz4RBq5PGAnT_LM,honeymoon-lodge-jud7uh,Honeymoon Lodge,heritage,heritage,https://www.google.com/maps/place/Honeymoon+Lodge/data=!4m7!3m6!1s0x3eb33c3087d4deb9:0xb3fcd309184fae06!8m2!3d24.8400422!4d67.0582838!16s%2Fg%2F1td9z4nf!19sChIJud7UhzA8sz4RBq5PGAnT_LM?authuser=0&hl=en&rclk=1,2026-06-30 01:27:43.983847+05:00,4.0,1034,,http://ismaili.net/heritage/node/10388,"Service Rd, Phase 2 Defence Housing Authority, Karachi, 75500, Pakistan",24.8400422,67.0582838
ChIJl0Jb8M49sz4Ryojv-WCAvzs,house-of-padel-jl0jb8,House of Padel,padel,padel,https://www.google.com/maps/place/House+of+Padel/data=!4m7!3m6!1s0x3eb33dcef05b4297:0x3bbf8060f9ef88ca!8m2!3d24.8139883!4d67.0110078!16s%2Fg%2F11m62t43kb!19sChIJl0Jb8M49sz4Ryojv-WCAvzs?authuser=0&hl=en&rclk=1,2026-06-30 01:27:43.983847+05:00,4.1,41,+92 312 8888575,,"Plot D, House of Padel, 118, Block 2 Clifton, Karachi, Pakistan",24.8139883,67.0110078
ChIJ9XMjUbk9sz4RtLDE_yRqfOE,house-of-pool-j9xmju,House of Pool,billiards,billiards,https://www.google.com/maps/place/House+of+Pool/data=!4m7!3m6!1s0x3eb33db9512373f5:0xe17c6a24ffc4b0b4!8m2!3d24.8086742!4d67.062384!16s%2Fg%2F11vf02cshp!19sChIJ9XMjUbk9sz4RtLDE_yRqfOE?authuser=0&hl=en&rclk=1,2026-06-30 01:27:43.983847+05:00,4.7,20,,,"Shop #1 building 19C lane# 2 Shahbaz commedcial.Phase 6, DHA Phase 6, Shahbaz Commercial Area Phase 6 Defence Housing Authority, Karachi, 75500, Pakistan",24.8086742,67.062384
ChIJeRVVOFI_sz4R-hB5vJvt5vA,hyderi-futsal-court-jervvo,Hyderi Futsal Court,futsal,futsal,https://www.google.com/maps/place/Hyderi+Futsal+Court/data=!4m7!3m6!1s0x3eb33f5238551579:0xf0e6ed9bbc7910fa!8m2!3d24.9366957!4d67.0485403!16s%2Fg%2F11rxp6sjrd!19sChIJeRVVOFI_sz4R-hB5vJvt5vA?authuser=0&hl=en&rclk=1,2026-06-30 01:27:43.983847+05:00,4.6,10,+92 308 1603347,,"W2PX+MCF Hyderi Futsal Court, Tariq Bin Ziyad Rd, Block H North Nazimabad Town, Karachi, Pakistan",24.936695699999998,67.0485403
ChIJE1PXLQA9sz4RAICIJld_964,ignite-sports-pavilion-je1pxl,IGNITE Sports Pavilion,padel,"padel,futsal",https://www.google.com/maps/place/IGNITE+Sports+Pavilion/data=!4m7!3m6!1s0x3eb33d002dd75313:0xaef77f5726888000!8m2!3d24.813153!4d67.0234167!16s%2Fg%2F11l_4dhczv!19sChIJE1PXLQA9sz4RAICIJld_964?authuser=0&hl=en&rclk=1,2026-06-30 01:27:43.983847+05:00,4.5,51,+92 319 3446483,https://www.ignitesportspavilion.com/,"ST 13, Block 3 Clifton, Karachi, 75600, Pakistan",24.813153,67.0234167
ChIJffhTUpo_sz4Rwslc5eImcoI,iu-arena-by-sportefy-jffhtu,IU Arena By Sportefy,box-cricket,"box-cricket,futsal",https://www.google.com/maps/place/IU+Arena+By+Sportefy/data=!4m7!3m6!1s0x3eb33f9a5253f87d:0x827226e2e55cc9c2!8m2!3d24.9311875!4d67.0695625!16s%2Fg%2F11wj4hj4cx!19sChIJffhTUpo_sz4Rwslc5eImcoI?authuser=0&hl=en&rclk=1,2026-06-30 01:27:43.983847+05:00,4.5,41,+92 339 4120006,,"W3J9+FRH IU Arena By Sportefy, Federal B Area Naseerabad Block 14 Gulberg Town, Karachi, 75950, Pakistan",24.9311875,67.0695625
ChIJFydBA8s4sz4RC_V0Du4Ck-M,iftikhar-syed-sports-academy-jfydba,Iftikhar Syed Sports Academy,tennis,"tennis,futsal,skating",https://www.google.com/maps/place/Iftikhar+Syed+Sports+Academy/data=!4m7!3m6!1s0x3eb338cb03412717:0xe39302ee0e74f50b!8m2!3d24.9247335!4d67.0963648!16s%2Fg%2F1th61vs0!19sChIJFydBA8s4sz4RC_V0Du4Ck-M?authuser=0&hl=en&rclk=1,2026-06-30 01:27:43.983847+05:00,4.5,1637,+92 300 9230055,,"Block 6 Gulshan-e-Iqbal, Karachi, Pakistan",24.9247335,67.0963648
ChIJq6paKnI-sz4RtWv73dMwQJ8,ilaco-house-jq6pak,Ilaco House,heritage,heritage,https://www.google.com/maps/place/Ilaco+House/data=!4m7!3m6!1s0x3eb33e722a5aaaab:0x9f4030d3ddfb6bb5!8m2!3d24.8581069!4d67.0284474!16s%2Fg%2F11kj904sr4!19sChIJq6paKnI-sz4RtWv73dMwQJ8?authuser=0&hl=en&rclk=1,2026-06-30 01:27:43.983847+05:00,4.2,5,,,"V25H+69W Ilaco House, Old Police Line, Saddar Karachi, Pakistan",24.8581069,67.02844739999999
ChIJ0U6XUs45sz4RzE6ILp_XP50,imran-khan-cricket-ground-j0u6xu,Imran Khan Cricket Ground,box-cricket,box-cricket,https://www.google.com/maps/place/Imran+Khan+Cricket+Ground/data=!4m7!3m6!1s0x3eb339ce52974ed1:0x9d3fd79f2e884ecc!8m2!3d24.9204062!4d67.0966866!16s%2Fg%2F11ny07_wdj!19sChIJ0U6XUs45sz4RzE6ILp_XP50?authuser=0&hl=en&rclk=1,2026-06-30 01:27:43.983847+05:00,4.3,432,+92 312 8870614,https://www.facebook.com/Imran-Khan-Cricket-Ground-109585455009279/,"Plot ST 16, Block 6 Gulshan-e-Iqbal, Karachi, Pakistan",24.9204062,67.0966866
ChIJzVuEhB85sz4RvDSo0523KIE,indus-snooker-club-jzvueh,Indus Snooker Club,billiards,billiards,https://www.google.com/maps/place/Indus+Snooker+Club/data=!4m7!3m6!1s0x3eb3391f84845bcd:0x8128b79dd3a834bc!8m2!3d24.9062919!4d67.1187591!16s%2Fg%2F11cssn3s5_!19sChIJzVuEhB85sz4RvDSo0523KIE?authuser=0&hl=en&rclk=1,2026-06-30 01:27:43.983847+05:00,4.1,321,+92 315 0206377,,"Johar Mor Rd Service Ln, Block-19 Block 19 Gulistan-e-Johar, Karachi, Pakistan",24.9062919,67.11875909999999
ChIJe6NHW1c5sz4RgNsMY3HqOD4,insitute-of-culinary-arts-of-pakistan-je6nhw,Insitute of culinary Arts of pakistan,cooking-classes,cooking-classes,https://www.google.com/maps/place/Insitute+of+culinary+Arts+of+pakistan/data=!4m7!3m6!1s0x3eb339575b47a37b:0x3e38ea71630cdb80!8m2!3d24.9286326!4d67.1107972!16s%2Fg%2F11z2wwfkns!19sChIJe6NHW1c5sz4RgNsMY3HqOD4?authuser=0&hl=en&rclk=1,2026-06-30 01:27:43.983847+05:00,2.6,5,+92 325 5015437,,"Backside of islamic arcade apartment near samama mall gulnab society internal street, e iqbal, Gulshan, Karachi, 75300, Pakistan",24.9286326,67.1107972
ChIJT3-h2B45sz4RCDYWvqcb6Cc,inswing-sports-complex-academy-jt3-h2,Inswing Sports Complex & Academy,box-cricket,"box-cricket,futsal",https://www.google.com/maps/place/Inswing+Sports+Complex+%26+Academy/data=!4m7!3m6!1s0x3eb3391ed8a17f4f:0x27e81ba7be163608!8m2!3d24.9371871!4d67.1489687!16s%2Fg%2F11vsyq7sy6!19sChIJT3-h2B45sz4RCDYWvqcb6Cc?authuser=0&hl=en&rclk=1,2026-06-30 01:27:43.983847+05:00,4.7,147,+92 334 3062480,https://linktr.ee/Inswing,"Plot # C1 & C2, Main Karachi University Road, Karachi, Block 7 Gulistan-e-Johar, Karachi, 75290, Pakistan",24.9371871,67.1489687
ChIJp8lqskk_sz4RwkeyiR0t_74,ion-studios-jp8lqs,Ion Studios,music-rooms,music-rooms,https://www.google.com/maps/place/Ion+Studios/data=!4m7!3m6!1s0x3eb33f49b26ac9a7:0xbeff2d1d89b247c2!8m2!3d24.8466512!4d67.0048634!16s%2Fg%2F11hz8rv9vj!19sChIJp8lqskk_sz4RwkeyiR0t_74?authuser=0&hl=en&rclk=1,2026-06-30 01:27:43.983847+05:00,4.8,23,+92 21 32413049,http://www.ion.com.pk/ion-studios/,"Sadiq Godown، Miskeen Gali, off Old Queens Road, City Railway Colony, Karachi, Pakistan",24.8466512,67.00486339999999
ChIJR8AWe709sz4RkTpK6S-vE4Q,irish-night-jr8awe,Irish Night,shisha,shisha,https://www.google.com/maps/place/Irish+Night/data=!4m7!3m6!1s0x3eb33dbd7b16c047:0x8413af2fe94a3a91!8m2!3d24.8171125!4d67.0230563!16s%2Fg%2F11bw2gnszq!19sChIJR8AWe709sz4RkTpK6S-vE4Q?authuser=0&hl=en&rclk=1,2026-06-30 01:27:43.983847+05:00,4.1,572,+92 21 35148201,http://fb.com/irishnightpakistan,"Irish Night، Bunglow D، 151 Astrik St, Block A Clifton, Karachi, 75600, Pakistan",24.8171125,67.0230563
ChIJK8uDfeg_sz4RPRfom6EwlLY,jafa-soccer-academy-jk8udf,JAFA Soccer Academy.,futsal,futsal,https://www.google.com/maps/place/JAFA+Soccer+Academy./data=!4m7!3m6!1s0x3eb33fe87d83cb2b:0xb69430a19be8173d!8m2!3d24.8548172!4d66.9983822!16s%2Fg%2F11m_ywx_qd!19sChIJK8uDfeg_sz4RPRfom6EwlLY?authuser=0&hl=en&rclk=1,2026-06-30 01:27:43.983847+05:00,4.9,7,+92 300 9283253,http://jafasocceracademy.com/,"Molana Muhammad Ali Johar Park, Karachi, Kakri Football Ground, opposite Bantva Hospital, Mithadar Karachi, Pakistan",24.8548172,66.9983822
ChIJj_BYv4MVsz4R8NdEONvyQK4,jaq-productions-studio-jj_byv,JAQ Productions (Studio),music-rooms,music-rooms,https://www.google.com/maps/place/JAQ+Productions+%28Studio%29/data=!4m7!3m6!1s0x3eb31583bf58f08f:0xae40f2db3844d7f0!8m2!3d24.8703917!4d66.9826743!16s%2Fg%2F11rfs15spx!19sChIJj_BYv4MVsz4R8NdEONvyQK4?authuser=0&hl=en&rclk=1,2026-06-30 01:27:43.983847+05:00,4.2,13,+92 324 2871153,http://www.facebook.com/javedalireal,"Second floor, JAQ Productions (Studio), Street E#01 Hanfia Masij Road, Agra Taj Colony Kachi Colony, Karachi, Pakistan",24.8703917,66.9826743
ChIJg-DG3Gc_sz4RkT1uYyNvYak,jabal-e-tariq-jg-dg3,Jabal-e-Tariq,parks,parks,https://www.google.com/maps/place/Jabal-e-Tariq/data=!4m7!3m6!1s0x3eb33f67dcc6e083:0xa9616f23636e3d91!8m2!3d24.8770627!4d67.0757543!16s%2Fg%2F11m2lwznrt!19sChIJg-DG3Gc_sz4RkT1uYyNvYak?authuser=0&hl=en&rclk=1,2026-06-30 01:27:43.983847+05:00,4.3,23,,,"28 Major Nazeer Bhatti Rd, Kokan CHS, Karachi, Pakistan",24.8770627,67.0757543
ChIJxV3JCKQ9sz4RxuBe_10pV_E,jabees-funland-jxv3jc,Jabees Funland,adventure-parks,adventure-parks,https://www.google.com/maps/place/Jabees+Funland/data=!4m7!3m6!1s0x3eb33da408c95dc5:0xf157295dff5ee0c6!8m2!3d24.8105671!4d67.0288274!16s%2Fg%2F11gcf2kgw4!19sChIJxV3JCKQ9sz4RxuBe_10pV_E?authuser=0&hl=en&rclk=1,2026-06-30 01:27:43.983847+05:00,4.1,176,+92 35215359,http://www.facebook.com/funlandkarachi,"R26H+6GG Jabees Funland, Block 3 Clifton, Karachi, 75600, Pakistan",24.8105671,67.0288274
ChIJ1w-MeQA5sz4RzM0fl9_qBRU,jauhar-sports-arena-j1w-me,Jauhar Sports Arena,padel,padel,https://www.google.com/maps/place/Jauhar+Sports+Arena/data=!4m7!3m6!1s0x3eb33900798c0fd7:0x1505eadf971fcdcc!8m2!3d24.9205625!4d67.1173125!16s%2Fg%2F11mt59hb1b!19sChIJ1w-MeQA5sz4RzM0fl9_qBRU?authuser=0&hl=en&rclk=1,2026-06-30 01:27:43.983847+05:00,4.2,24,+92 304 2419999,,"H.A, Jauhar Sports Arena, Family Park, W4C8+6WV A.P, Block 16 Gulistan-e-Johar, Karachi, Pakistan",24.9205625,67.1173125
ChIJm2YOfQQ-sz4RHVEW5HqAUk0,jehangir-kothari-building-jm2yof,Jehangir Kothari Building,heritage,heritage,https://www.google.com/maps/place/Jehangir+Kothari+Building/data=!4m7!3m6!1s0x3eb33e047d0e669b:0x4d52807ae416511d!8m2!3d24.8540389!4d67.0053535!16s%2Fg%2F11f_3l4p6s!19sChIJm2YOfQQ-sz4RHVEW5HqAUk0?authuser=0&hl=en&rclk=1,2026-06-30 01:27:43.983847+05:00,4.2,26,+92 321 5998775,,"Jehangir Kothari Building (1890), Jehangir Kothari Building, Muhammad Ali Jinnah Rd, Adhumal Oodharam Quarter, Karachi, Pakistan",24.8540389,67.0053535
ChIJgahwogo-sz4RyPX_ynd_aDE,jinnah-courts-jgahwo,Jinnah Courts,heritage,heritage,https://www.google.com/maps/place/Jinnah+Courts/data=!4m7!3m6!1s0x3eb33e0aa270a881:0x31687f77cafff5c8!8m2!3d24.848654!4d67.0211264!16s%2Fg%2F12mkz5ytb!19sChIJgahwogo-sz4RyPX_ynd_aDE?authuser=0&hl=en&rclk=1,2026-06-30 01:27:43.983847+05:00,4.4,105,+92 317 9701786,,"R2XC+FF6 Jinnah Courts, Dr Zia-ud-Din Ahmed Rd, Saddar Town, Civil Lines, Karachi, 75530, Pakistan",24.848654,67.0211264
ChIJqW2znsg_sz4RTJ3GuuQp5Lc,jinnah-ground-family-cricket-ground-sports-complex-kda-sch-1-jqw2zn,Jinnah Ground Family Cricket Ground & Sports Complex KDA Sch 1,futsal,futsal,https://www.google.com/maps/place/Jinnah+Ground+Family+Cricket+Ground+%26+Sports+Complex+KDA+Sch+1/data=!4m7!3m6!1s0x3eb33fc89eb36da9:0xb7e429e4bac69d4c!8m2!3d24.8773125!4d67.0918125!16s%2Fg%2F11h5vjt41b!19sChIJqW2znsg_sz4RTJ3GuuQp5Lc?authuser=0&hl=en&rclk=1,2026-06-30 01:27:43.983847+05:00,3.6,281,+92 300 5046570,,"KDA Scheme #1 KDA Scheme 1, Karachi, Pakistan",24.8773125,67.0918125
ChIJnW5OCWo_sz4R3JHzwLXVlxs,jinnah-sports-jnw5oc,Jinnah Sports,futsal,futsal,https://www.google.com/maps/place/Jinnah+Sports/data=!4m7!3m6!1s0x3eb33f6a094e6e9d:0x1b97d5b5c0f391dc!8m2!3d24.8565115!4d67.0106521!16s%2Fg%2F11scsp743w!19sChIJnW5OCWo_sz4R3JHzwLXVlxs?authuser=0&hl=en&rclk=1,2026-06-30 01:27:43.983847+05:00,3.9,14,+92 303 2712712,https://www.instagram.com/jinnahsports?igsh=MW5hbmhnaXhqam8zMg==,"Muhammad Ali Jinnah Rd, near light house, opposite Malik sports, Saddar Karachi, Pakistan",24.8565115,67.0106521
ChIJCYo8ZgA9sz4RwDpz_CZeJI8,k-a-m-padel-arena-jcyo8z,K.A.M Padel Arena,padel,padel,https://www.google.com/maps/place/K.A.M+Padel+Arena/data=!4m7!3m6!1s0x3eb33d00663c8a09:0x8f245e26fc733ac0!8m2!3d24.8333999!4d67.0277895!16s%2Fg%2F11xz_0bdcm!19sChIJCYo8ZgA9sz4RwDpz_CZeJI8?authuser=0&hl=en&rclk=1,2026-06-30 01:27:43.983847+05:00,4.0,12,+92 322 3087743,,"Bath Is Rd, GOR Colony Clifton, Karachi, Pakistan",24.8333999,67.0277895
ChIJKS5IT1U-sz4R7_NVKk2ko0o,k-k-snooker-and-dabbu-club-jks5it,K.K Snooker and Dabbu Club,billiards,billiards,https://www.google.com/maps/place/K.K+Snooker+and+Dabbu+Club/data=!4m7!3m6!1s0x3eb33e554f482e29:0x4aa3a44d2a55f3ef!8m2!3d24.8964047!4d67.045379!16s%2Fg%2F11cllbw3zd!19sChIJKS5IT1U-sz4R7_NVKk2ko0o?authuser=0&hl=en&rclk=1,2026-06-30 01:27:43.983847+05:00,3.8,34,+92 322 2187076,,"V2WW+H56 K.K Snooker and Dabbu Club, S M Taufiq Rd, B 1 Area, Karachi, Pakistan",24.896404699999998,67.045379
ChIJx1BkaAA_sz4Ra0lpHKiA8jE,karachi-147-snooker-academy-jx1bka,KARACHI 147 SNOOKER ACADEMY,billiards,billiards,https://www.google.com/maps/place/KARACHI+147+SNOOKER+ACADEMY/data=!4m7!3m6!1s0x3eb33f00686450c7:0x31f280a81c69496b!8m2!3d24.870576!4d67.0342702!16s%2Fg%2F11vs04pvbn!19sChIJx1BkaAA_sz4Ra0lpHKiA8jE?authuser=0&hl=en&rclk=1,2026-06-30 01:27:43.983847+05:00,4.4,12,+92 329 6147147,,"V2CM+6PJ KARACHI 147 SNOOKER ACADEMY, Central Jacob Lines Karachi, Pakistan",24.870576,67.0342702
ChIJZ32FgJ5Asz4R4hRIPSL6C0Y,kcca-cricket-ground-jz32fg,KCCA Cricket Ground,box-cricket,box-cricket,https://www.google.com/maps/place/KCCA+Cricket+Ground/data=!4m7!3m6!1s0x3eb3409e80857d67:0x460bfa223d4814e2!8m2!3d24.9477093!4d67.0645652!16s%2Fg%2F1tdgys43!19sChIJZ32FgJ5Asz4R4hRIPSL6C0Y?authuser=0&hl=en&rclk=1,2026-06-30 01:27:43.983847+05:00,4.1,1091,+92 300 9271405,http://pcb.com.pk/,"W3X7+3RP KCCA Cricket Ground، Allama Rasheed Turabi Road, Block N North Nazimabad Town, Karachi, Pakistan",24.9477093,67.06456519999999
ChIJI-B6u4I9sz4Rh6RfxxRZgvg,kda-football-ground-ji-b6u,KDA Football Ground,futsal,futsal,https://www.google.com/maps/place/KDA+Football+Ground/data=!4m7!3m6!1s0x3eb33d82bb7ae023:0xf8825914c75fa487!8m2!3d24.8532279!4d67.0736398!16s%2Fg%2F11hfp7nh32!19sChIJI-B6u4I9sz4Rh6RfxxRZgvg?authuser=0&hl=en&rclk=1,2026-06-30 01:27:43.983847+05:00,4.2,50,+92 340 8311190,,"KDA ground, TP2 Main Rd, Mehmoodabad Karachi, Pakistan",24.8532279,67.0736398
ChIJP4xk6CY_sz4RniXMTHr-MH0,kha-futsal-court-jp4xk6,KHA Futsal Court,futsal,futsal,https://www.google.com/maps/place/KHA+Futsal+Court/data=!4m7!3m6!1s0x3eb33f26e8648c3f:0x7d30fe7a4ccc259e!8m2!3d24.9165804!4d67.0933754!16s%2Fg%2F11kqbqx778!19sChIJP4xk6CY_sz4RniXMTHr-MH0?authuser=0&hl=en&rclk=1,2026-06-30 01:27:43.983847+05:00,4.7,12,+92 333 3290841,,"W38V+J9J KHA Futsal Court, Block 5 Gulshan-e-Iqbal, Karachi, Pakistan",24.916580399999997,67.0933754
ChIJSYyiRJA_sz4RGsbHWAIvUgc,kick-off-indoor-jsyyir,KICK OFF indoor,padel,"padel,box-cricket,futsal",https://www.google.com/maps/place/KICK+OFF+indoor/data=!4m7!3m6!1s0x3eb33f9044a28c49:0x7522f0258c7c61a!8m2!3d24.8667642!4d67.0773126!16s%2Fg%2F11sv1w9fz3!19sChIJSYyiRJA_sz4RGsbHWAIvUgc?authuser=0&hl=en&rclk=1,2026-06-30 01:27:43.983847+05:00,4.3,39,+92 320 7847467,,"V38G+PW4 KICK OFF indoor, Tipu Sultan Rd, Karachi Memon Co-operative Housing Society Karachi Memon Society P.E.C.H.S., Karachi, Pakistan",24.8667642,67.0773126
ChIJPSYxfnU_sz4RmAlsaj3jyNk,kickstart-soccer-school-jpsyxf,KICKSTART SOCCER SCHOOL,futsal,futsal,https://www.google.com/maps/place/KICKSTART+SOCCER+SCHOOL/data=!4m7!3m6!1s0x3eb33f757e31263d:0xd9c8e33d6a6c0998!8m2!3d24.9238062!4d67.0914703!16s%2Fg%2F11xdxrc1z6!19sChIJPSYxfnU_sz4RmAlsaj3jyNk?authuser=0&hl=en&rclk=1,2026-06-30 01:27:43.983847+05:00,5.0,43,+92 345 2328683,https://www.instagram.com/kickstartsoccerschool?igsh=MXN4a3l3bjgzcDdyeA%3D%3D&utm_source=qr,"Isports futsal court, Gulshan chorangi, near pioneer broast, Block 5 Gulshan-e-Iqbal, Karachi, 75300, Pakistan",24.923806199999998,67.0914703
ChIJPc9jL3w_sz4Rl27T-zrNrGo,kk-snooker-jpc9jl,KK Snooker,billiards,billiards,https://www.google.com/maps/place/KK+Snooker/data=!4m7!3m6!1s0x3eb33f7c2f63cf3d:0x6aaccd3afbd36e97!8m2!3d24.9395585!4d67.0529235!16s%2Fg%2F11hbklg2nn!19sChIJPc9jL3w_sz4Rl27T-zrNrGo?authuser=0&hl=en&rclk=1,2026-06-30 01:27:43.983847+05:00,4.2,50,+92 345 0055555,,"Hall G1 and G2, Ground floor، KK Snooker, Ali Ali Heights، Block L North Nazimabad Town, Karachi, Pakistan",24.9395585,67.05292349999999
ChIJ7xpSgPM-sz4Rp3NcYNwAfVs,kmc-football-ground-j7xpsg,KMC Football Ground,futsal,futsal,https://www.google.com/maps/place/KMC+Football+Ground/data=!4m7!3m6!1s0x3eb33ef380521aef:0x5b7d00dc605c73a7!8m2!3d24.8786563!4d67.0521744!16s%2Fg%2F11xd885fp!19sChIJ7xpSgPM-sz4Rp3NcYNwAfVs?authuser=0&hl=en&rclk=1,2026-06-30 01:27:43.983847+05:00,4.1,198,+92 302 1580081,,"V3H2+FV7 KMC Football Ground, Kashmir Rd, PECHS, Karachi, Sindh, Muslimabad, Pakistan",24.8786563,67.0521744
ChIJ3cDIQBo-sz4R_lT0f8Wp2CE,kmc-football-stadium-j3cdiq,KMC Football Stadium,box-cricket,"box-cricket,futsal",https://www.google.com/maps/place/KMC+Football+Stadium/data=!4m7!3m6!1s0x3eb33e1a40c8c0dd:0x21d8a9c57ff454fe!8m2!3d24.8616132!4d67.0089766!16s%2Fm%2F02rj8w2!19sChIJ3cDIQBo-sz4R_lT0f8Wp2CE?authuser=0&hl=en&rclk=1,2026-06-30 01:27:43.983847+05:00,4.2,811,,,"Faiz and Co, Ruby Plaza, Preedy St, KMC Work Area, Karachi, 74400, Pakistan",24.861613199999997,67.0089766
ChIJjyGJ6Eo_sz4RRADLVQ9Nu_4,kmc-women-sports-complex-jjygj6,KMC WOMEN SPORTS COMPLEX,swimming,swimming,https://www.google.com/maps/place/KMC+WOMEN+SPORTS+COMPLEX/data=!4m7!3m6!1s0x3eb33f4ae889218f:0xfebb4d0f55cb0044!8m2!3d24.9286875!4d67.0928125!16s%2Fm%2F02qbx1b!19sChIJjyGJ6Eo_sz4RRADLVQ9Nu_4?authuser=0&hl=en&rclk=1,2026-06-30 01:27:43.983847+05:00,4.3,487,+92 310 2323579,,"Block 3 Gulshan-e-Iqbal, Karachi, Pakistan",24.9286875,67.0928125
ChIJn_xWvvQ-sz4RzRce2U1-7fA,kmc-skating-club-jn_xwv,KMC skating club,skating,skating,https://www.google.com/maps/place/KMC+skating+club/data=!4m7!3m6!1s0x3eb33ef4be56fc9f:0xf0ed7e4dd91e17cd!8m2!3d24.8767935!4d67.0511468!16s%2Fg%2F11xd_r6p3!19sChIJn_xWvvQ-sz4RzRce2U1-7fA?authuser=0&hl=en&rclk=1,2026-06-30 01:27:43.983847+05:00,4.3,10,+92 344 2059331,,"Kashmir Rd, Jamshed Quarters Muslimabad, Karachi, Pakistan",24.876793499999998,67.0511468
ChIJQfqzxFgVsz4R1_l4ZK8JPG8,kpt-football-stadium-jqfqzx,KPT Football Stadium,futsal,futsal,https://www.google.com/maps/place/KPT+Football+Stadium/data=!4m7!3m6!1s0x3eb31558c4b3fa41:0x6f3c09af6478f9d7!8m2!3d24.850873!4d66.9914525!16s%2Fg%2F11ptxx4jbg!19sChIJQfqzxFgVsz4R1_l4ZK8JPG8?authuser=0&hl=en&rclk=1,2026-06-30 01:27:43.983847+05:00,4.2,347,,,"UC-4 Khada Memon, Karachi, West Wharf, Pakistan",24.850873,66.9914525
ChIJQyQ0olcVsz4R2Kvk18XmJps,kt-sports-club-jqyq0o,KT Sports Club,tennis,tennis,https://www.google.com/maps/place/KT+Sports+Club/data=!4m7!3m6!1s0x3eb31557a2342443:0x9b26e6c5d7e4abd8!8m2!3d24.9336601!4d67.0962841!16s%2Fg%2F11c73bqwk0!19sChIJQyQ0olcVsz4R2Kvk18XmJps?authuser=0&hl=en&rclk=1,2026-06-30 01:27:43.983847+05:00,4.3,46,,http://www.ssgc.com.pk/,"New Dhoraji Colony Apartments, Block 4 Gulshan-e-Iqbal, Karachi, Pakistan",24.933660099999997,67.09628409999999
ChIJo_EF_vcVsz4RjwS254fT6W8,kakri-ground-jo_ef_,Kakri Ground,futsal,futsal,https://www.google.com/maps/place/Kakri+Ground/data=!4m7!3m6!1s0x3eb315f7fe05f1a3:0x6fe9d387e7b6048f!8m2!3d24.8561267!4d66.9986827!16s%2Fg%2F12hmp6g1r!19sChIJo_EF_vcVsz4RjwS254fT6W8?authuser=0&hl=en&rclk=1,2026-06-30 01:27:43.983847+05:00,4.2,274,,,"A.k.a, Kakri Ground, Sunar hotel, Embankment Rd, Moosa Lane Musa Lane, Karachi, Pakistan",24.856126699999997,66.9986827
ChIJkShRIzkSaUsRalpTE1pHbXw,karachi-boat-service-jkshri,Karachi Boat service,boating,boating,https://www.google.com/maps/place/Karachi+Boat+service/data=!4m7!3m6!1s0x4b69123923512891:0x7c6d475a13535a6a!8m2!3d25.1996146!4d67.1156324!16s%2Fg%2F11lywzrr59!19sChIJkShRIzkSaUsRalpTE1pHbXw?authuser=0&hl=en&rclk=1,2026-06-30 01:27:43.983847+05:00,4.9,28,+92 323 7099523,,,25.1996146,67.1156324
ChIJpUBvA8U9sz4RlX1Xw4bSm2w,karachi-champs-football-club-jpubva,Karachi Champs Football Club,futsal,futsal,https://www.google.com/maps/place/Karachi+Champs+Football+Club/data=!4m7!3m6!1s0x3eb33dc5036f40a5:0x6c9bd286c3577d95!8m2!3d24.8120476!4d67.0238554!16s%2Fg%2F11rk4lqjx3!19sChIJpUBvA8U9sz4RlX1Xw4bSm2w?authuser=0&hl=en&rclk=1,2026-06-30 01:27:43.983847+05:00,4.6,8,+92 321 5242677,http://www.karachichamps.com/,"Sport On, 3 Block, Block 3 Clifton, Karachi, 75500, Pakistan",24.8120476,67.0238554
ChIJEUR3i7I_sz4RB4xAVm_DcHw,karachi-champs-football-club-tipu-sultan-jeur3i,Karachi Champs Football Club - Tipu Sultan,futsal,futsal,https://www.google.com/maps/place/Karachi+Champs+Football+Club+-+Tipu+Sultan/data=!4m7!3m6!1s0x3eb33fb28b774411:0x7c70c36f56408c07!8m2!3d24.8667771!4d67.0774194!16s%2Fg%2F11t_dlrm17!19sChIJEUR3i7I_sz4RB4xAVm_DcHw?authuser=0&hl=en&rclk=1,2026-06-30 01:27:43.983847+05:00,3.4,5,+92 321 5242677,https://www.instagram.com/reels/audio/192995410223214/,"Main Tipu Sultan Rd, opposite Xanders restaurant, Karachi Memon Co-operative Housing Society Karachi Memon Society Karachi, Pakistan",24.8667771,67.0774194
ChIJy0pBqNs-sz4RrUY2Pa4FL0w,karachi-city-football-academy-jy0pbq,Karachi City Football Academy,futsal,futsal,https://www.google.com/maps/place/Karachi+City+Football+Academy/data=!4m7!3m6!1s0x3eb33edba8414acb:0x4c2f05ae3d3646ad!8m2!3d24.8943714!4d67.0786884!16s%2Fg%2F1tf9wx7v!19sChIJy0pBqNs-sz4RrUY2Pa4FL0w?authuser=0&hl=en&rclk=1,2026-06-30 01:27:43.983847+05:00,4.4,759,+92 300 2226288,http://www.sports.gov.pk/,"Sir Shah Muhammad Suleman Rd, Block 14 Gulshan-e-Iqbal, Karachi, 74800, Pakistan",24.894371399999997,67.07868839999999
ChIJXdsSPf89sz4RtidSNO65pSQ,karachi-club-annexe-jxdssp,Karachi Club Annexe,swimming,"swimming,billiards",https://www.google.com/maps/place/Karachi+Club+Annexe/data=!4m7!3m6!1s0x3eb33dff3d12db5d:0x24a5b9ee345227b6!8m2!3d24.840789!4d67.000953!16s%2Fg%2F1tdkw4h_!19sChIJXdsSPf89sz4RtidSNO65pSQ?authuser=0&hl=en&rclk=1,2026-06-30 01:27:43.983847+05:00,4.4,3708,+92 21 35610411,,"Lalazar Karachi, Pakistan",24.840788999999997,67.000953
ChIJ1VICXd89sz4RAqSYHvEqIBc,karachi-gymkhana-j1vicx,Karachi Gymkhana,padel,"padel,billiards,futsal,squash,swimming,tennis",https://www.google.com/maps/place/Karachi+Gymkhana/data=!4m7!3m6!1s0x3eb33ddf5d0252d5:0x17202af11e98a402!8m2!3d24.8490586!4d67.0281166!16s%2Fm%2F043nkw4!19sChIJ1VICXd89sz4RAqSYHvEqIBc?authuser=0&hl=en&rclk=1,2026-06-30 01:27:43.983847+05:00,4.4,4950,+92 21 35689186,http://www.kg.com.pk/,"4 Club Rd, Civil Lines, Karachi, Pakistan",24.8490586,67.02811659999999
ChIJNYKV9AY9sz4RG-fWQRg9yrE,karachi-gymkhana-cricket-ground-jnykv9,Karachi Gymkhana Cricket Ground,box-cricket,box-cricket,https://www.google.com/maps/place/Karachi+Gymkhana+Cricket+Ground/data=!4m7!3m6!1s0x3eb33d06f4958235:0xb1ca3d1841d6e71b!8m2!3d24.8483035!4d67.0271339!16s%2Fg%2F11n62tnzq_!19sChIJNYKV9AY9sz4RG-fWQRg9yrE?authuser=0&hl=en&rclk=1,2026-06-30 01:27:43.983847+05:00,4.5,36,+92 325 6978933,,"4 Club Rd, Civil Lines, Karachi, Pakistan",24.8483035,67.0271339
ChIJp8Gx3ONHsz4RAztNGj56OmQ,karachi-highway-nights-jp8gx3,Karachi Highway Nights,shisha,shisha,https://www.google.com/maps/place/Karachi+Highway+Nights/data=!4m7!3m6!1s0x3eb347e3dcb1c1a7:0x643a7a3e1a4d3b03!8m2!3d24.9184261!4d67.1362308!16s%2Fg%2F11ll1nwczm!19sChIJp8Gx3ONHsz4RAztNGj56OmQ?authuser=0&hl=en&rclk=1,2026-06-30 01:27:43.983847+05:00,4.1,154,+92 311 1124240,,"C28, Karachi Highway Nights, Block 12 Gulistan-e-Johar, Karachi, 75600, Pakistan",24.918426099999998,67.13623079999999
ChIJeyrobd85sz4R1ZRGF00Huu4,karachi-institute-of-culinary-arts-kica-jeyrob,Karachi Institute Of Culinary Arts (KICA),cooking-classes,cooking-classes,https://www.google.com/maps/place/Karachi+Institute+Of+Culinary+Arts+%28KICA%29/data=!4m7!3m6!1s0x3eb339df6de82a7b:0xeeba074d174694d5!8m2!3d24.90181!4d67.1885955!16s%2Fg%2F11c1rfqd7y!19sChIJeyrobd85sz4R1ZRGF00Huu4?authuser=0&hl=en&rclk=1,2026-06-30 01:27:43.983847+05:00,4.4,43,+92 21 34492409,https://kica.com.pk/,"5-128, Karachi Institute Of Culinary Arts (KICA), Main Liaquat Ali Khan Rd, Model Colony Malir, Karachi, Pakistan",24.901809999999998,67.18859549999999
ChIJ0ejvnP4Vsz4RiBP17nGXEx4,karachi-port-trust-building-j0ejvn,Karachi Port Trust Building,heritage,heritage,https://www.google.com/maps/place/Karachi+Port+Trust+Building/data=!4m7!3m6!1s0x3eb315fe9cefe8d1:0x1e139771eef51388!8m2!3d24.8473612!4d66.9931896!16s%2Fg%2F11d_d2df2r!19sChIJ0ejvnP4Vsz4RiBP17nGXEx4?authuser=0&hl=en&rclk=1,2026-06-30 01:27:43.983847+05:00,4.6,581,+92 21 111 578 111,http://kpt.gov.pk/,"La Maison, Eduljee Dinshaw Road, West Wharf, Karachi, Pakistan",24.847361199999998,66.9931896
ChIJN3Z1ndk-sz4R35MefbqO3-s,karachi-school-of-art-jn3z1n,Karachi School of Art,board-game-paint-cafe,"board-game-paint-cafe,pottery-art",https://www.google.com/maps/place/Karachi+School+of+Art/data=!4m7!3m6!1s0x3eb33ed99d757637:0xebdf8eba7d1e93df!8m2!3d24.8978274!4d67.0791319!16s%2Fm%2F02qkf2t!19sChIJN3Z1ndk-sz4R35MefbqO3-s?authuser=0&hl=en&rclk=1,2026-06-30 01:27:43.983847+05:00,4.3,196,+92 21 34984167,https://www.ksa.edu.pk/,"2B Sir Shah Muhammad Suleman Rd, Block 17 Gulshan-e-Iqbal, Karachi, 75400, Pakistan",24.8978274,67.0791319
ChIJLe76ZrU_sz4RDKYi3uLK9m4,karachi-sport-football-ground-khajji-ground-jle76z,Karachi Sport Football Ground Khajji Ground,futsal,futsal,https://www.google.com/maps/place/Karachi+Sport+Football+Ground+Khajji+Ground/data=!4m7!3m6!1s0x3eb33fb566faee2d:0x6ef6cae2de22a60c!8m2!3d24.8952068!4d67.0227991!16s%2Fg%2F1v1tlklq!19sChIJLe76ZrU_sz4RDKYi3uLK9m4?authuser=0&hl=en&rclk=1,2026-06-30 01:27:43.983847+05:00,3.9,248,,,"V2WF+34M Karachi Sport Football Ground Khajji Ground, Gulbahar Eidgah Colony, Karachi, 74600, Pakistan",24.8952068,67.0227991
ChIJ6er1u_Q-sz4RMFo272tdDTc,karachi-sports-complex-j6er1u,Karachi Sports Complex,tennis,"tennis,skating,swimming",https://www.google.com/maps/place/Karachi+Sports+Complex/data=!4m7!3m6!1s0x3eb33ef4bbf5eae9:0x370d5d6bef365a30!8m2!3d24.8767395!4d67.0511587!16s%2Fg%2F1vzqqr2w!19sChIJ6er1u_Q-sz4RMFo272tdDTc?authuser=0&hl=en&rclk=1,2026-06-30 01:27:43.983847+05:00,4.2,249,+92 312 8809477,,"V3G2+MFV Karachi Sports Complex, Kashmir Rd, Jamshed Quarters Muslimabad, Karachi, Pakistan",24.8767395,67.0511587
ChIJdcVJUog9sz4RIBMUUDbLPL8,karachi-united-futsal-jdcvju,Karachi United Futsal,futsal,futsal,https://www.google.com/maps/place/Karachi+United+Futsal/data=!4m7!3m6!1s0x3eb33d885249c575:0xbf3ccb3650141320!8m2!3d24.8148804!4d67.0046457!16s%2Fg%2F11gfgrt8l8!19sChIJdcVJUog9sz4RIBMUUDbLPL8?authuser=0&hl=en&rclk=1,2026-06-30 01:27:43.983847+05:00,4.4,34,+92 323 2329412,http://www.karachiunited.com/,"Karachi United Futsal، ST 20، Scheme 5 Block 1 Clifton, Karachi, Pakistan",24.8148804,67.0046457
ChIJ96gaUYg9sz4Rxs4vFMkx20o,karachi-united-stadium-j96gau,Karachi United Stadium,futsal,futsal,https://www.google.com/maps/place/Karachi+United+Stadium/data=!4m7!3m6!1s0x3eb33d88511aa8f7:0x4adb31c9142fcec6!8m2!3d24.8133188!4d67.0012861!16s%2Fg%2F11byhjzt5l!19sChIJ96gaUYg9sz4Rxs4vFMkx20o?authuser=0&hl=en&rclk=1,2026-06-30 01:27:43.983847+05:00,4.4,883,+92 323 2329412,http://karachiunited.com/,"Plot ST 20, Scheme 5 Block 1 Clifton, Karachi, 75600, Pakistan",24.813318799999998,67.0012861
ChIJ8ZObbEQWsz4RcTXbMZ4NAsg,karachi-yacht-club-j8zobb,Karachi Yacht Club,boating,boating,https://www.google.com/maps/place/Karachi+Yacht+Club/data=!4m7!3m6!1s0x3eb316446c9b93f1:0xc8020d9e31db3571!8m2!3d24.8106635!4d66.967434!16s%2Fg%2F1tdkq883!19sChIJ8ZObbEQWsz4RcTXbMZ4NAsg?authuser=0&hl=en&rclk=1,2026-06-30 01:27:43.983847+05:00,4.3,151,+92 307 5805912,,"RX68+7X7 Karachi Yacht Club, Manora, Karachi, Pakistan",24.8106635,66.967434
ChIJrakF35Y9sz4RNoIhjzMDkbM,karachi-yacht-club-jrakf3,Karachi Yacht Club (ڪراچي ٻيڙي راني ڪلب),tennis,"tennis,boating",https://www.google.com/maps/place/Karachi+Yacht+Club+%28%DA%AA%D8%B1%D8%A7%DA%86%D9%8A+%D9%BB%D9%8A%DA%99%D9%8A+%D8%B1%D8%A7%D9%86%D9%8A+%DA%AA%D9%84%D8%A8%29%E2%80%AD/data=!4m7!3m6!1s0x3eb33d96df05a9ad:0xb39103338f218236!8m2!3d24.8171766!4d67.0179756!16s%2Fg%2F1v7pwz1n!19sChIJrakF35Y9sz4RNoIhjzMDkbM?authuser=0&hl=en&rclk=1,2026-06-30 01:27:43.983847+05:00,4.1,252,+92 21 32412127,,"R289+V5H Karachi Yacht Club (ڪراچي ٻيڙي راني ڪلب), Dr Ziauddin Hospital Rd, Block 6 Clifton, Karachi, 75600, Pakistan",24.8171766,67.0179756
ChIJp6c3aT8Wsz4R-UxsjPR2zuk,karachi-yacht-club-pier-jp6c3a,Karachi Yacht Club Pier,boating,boating,https://www.google.com/maps/place/Karachi+Yacht+Club+Pier/data=!4m7!3m6!1s0x3eb3163f6937a7a7:0xe9ce76f48c6c4cf9!8m2!3d24.8147236!4d66.9759859!16s%2Fg%2F11c1m_xf_2!19sChIJp6c3aT8Wsz4R-UxsjPR2zuk?authuser=0&hl=en&rclk=1,2026-06-30 01:27:43.983847+05:00,4.3,157,+92 311 9391500,,"RX7G+V9Q Karachi Yacht Club Pier, Port Of Karachi, Karachi, Pakistan",24.814723599999997,66.9759859
ChIJG_kWkP0Vsz4RemX17P0UVu4,karaoke-studio-port-grand-jg_kwk,Karaoke Studio Port Grand,music-rooms,music-rooms,https://www.google.com/maps/place/Karaoke+Studio+Port+Grand/data=!4m7!3m6!1s0x3eb315fd9016f91b:0xee5614fdecf5657a!8m2!3d24.8446001!4d66.9909429!16s%2Fg%2F11c1qc9b_9!19sChIJG_kWkP0Vsz4RemX17P0UVu4?authuser=0&hl=en&rclk=1,2026-06-30 01:27:43.983847+05:00,4.2,17,+92 334 2660356,,"Port Grand - Karachi, Port Grand Food St, West Wharf, Karachi, Pakistan",24.844600099999997,66.9909429
ChIJt8Cq9FE_sz4RfwHDTqnJaw0,karsaz-cricket-ground-jt8cq9,Karsaz Cricket Ground,box-cricket,box-cricket,https://www.google.com/maps/place/Karsaz+Cricket+Ground/data=!4m7!3m6!1s0x3eb33f51f4aac0b7:0xd6bc9a94ec3017f!8m2!3d24.8876087!4d67.0934308!16s%2Fg%2F11ng17z_br!19sChIJt8Cq9FE_sz4RfwHDTqnJaw0?authuser=0&hl=en&rclk=1,2026-06-30 01:27:43.983847+05:00,4.6,48,+92 345 2754842,,"V3QV+29V Karsaz Cricket Ground, Transport Yard PNS Karsaz, Karsaz Faisal Cantonment, Karachi, Pakistan",24.887608699999998,67.0934308
ChIJkRuDWJc5sz4RQfoNVgR7aY8,karsaz-npt-sc-swimming-pool-jkrudw,Karsaz NPT & SC Swimming Pool,swimming,swimming,https://www.google.com/maps/place/Karsaz+NPT+%26+SC+Swimming+Pool/data=!4m7!3m6!1s0x3eb3399758831b91:0x8f697b04560dfa41!8m2!3d24.8871956!4d67.0958977!16s%2Fg%2F11ptgw28ww!19sChIJkRuDWJc5sz4RQfoNVgR7aY8?authuser=0&hl=en&rclk=1,2026-06-30 01:27:43.983847+05:00,4.3,7,,,"Karsaz Faisal Cantonment, Karachi, Pakistan",24.8871956,67.0958977
ChIJMd7Vpzg_sz4Rh8LkpQZA3r0,karsaz-swimming-pool-jmd7vp,Karsaz Swimming Pool,swimming,swimming,https://www.google.com/maps/place/Karsaz+Swimming+Pool/data=!4m7!3m6!1s0x3eb33f38a7d5de31:0xbdde4006a5e4c287!8m2!3d24.8825919!4d67.0925343!16s%2Fg%2F11fj45flkv!19sChIJMd7Vpzg_sz4Rh8LkpQZA3r0?authuser=0&hl=en&rclk=1,2026-06-30 01:27:43.983847+05:00,3.8,44,+92 312 1112105,,"V3MV+22M Karsaz Swimming Pool, Karsaz Faisal Cantonment, Karachi, Pakistan",24.882591899999998,67.0925343
ChIJn3aZFaE_sz4RTEbCjjLBbIc,kashmir-amusement-park-jn3azf,Kashmir Amusement Park,adventure-parks,adventure-parks,https://www.google.com/maps/place/Kashmir+Amusement+Park/data=!4m7!3m6!1s0x3eb33fa11599769f:0x876cc1328ec2464c!8m2!3d24.8942265!4d67.0633575!16s%2Fg%2F11h4ypfkf3!19sChIJn3aZFaE_sz4RTEbCjjLBbIc?authuser=0&hl=en&rclk=1,2026-06-30 01:27:43.983847+05:00,3.9,1210,+92 21 34896611,https://www.facebook.com/kashmiramusementpark,"Old Sabzi Mandi, Main Main University Rd, Eissa Nagri, Karachi, 75300, Pakistan",24.8942265,67.0633575
ChIJh17e5_M-sz4R1VTpei7MeAc,kashmir-park-jh17e5,Kashmir Park,box-cricket,"box-cricket,billiards,swimming,tennis",https://www.google.com/maps/place/Kashmir+Park/data=!4m7!3m6!1s0x3eb33ef3e7de5e87:0x778cc2e7ae954d5!8m2!3d24.8811905!4d67.0535335!16s%2Fg%2F11b6b8fk6k!19sChIJh17e5_M-sz4R1VTpei7MeAc?authuser=0&hl=en&rclk=1,2026-06-30 01:27:43.983847+05:00,4.1,1787,,,"V3J3+FCF Kashmir Park, Kashmir Rd, Jamshed Quarters Muslimabad, Karachi, Pakistan",24.8811905,67.0535335
ChIJv7gA3f4Vsz4RXh3FTZQNRXU,katrak-mansion-jv7ga3,Katrak Mansion,heritage,heritage,https://www.google.com/maps/place/Katrak+Mansion/data=!4m7!3m6!1s0x3eb315fedd00b8bf:0x75450d944dc51d5e!8m2!3d24.8485313!4d66.9953015!16s%2Fg%2F11cs3fc21_!19sChIJv7gA3f4Vsz4RXh3FTZQNRXU?authuser=0&hl=en&rclk=1,2026-06-30 01:27:43.983847+05:00,4.6,7,,,"RXXW+C47 Katrak Mansion, Kharadar Ghulam Hussain Kasim Quarters, Karachi, Pakistan",24.848531299999998,66.9953015
ChIJJYFCsLc-sz4R3hn_k5e2j78,kchs-sports-complex-jjyfcs,Kchs Sports Complex,box-cricket,box-cricket,https://www.google.com/maps/place/Kchs+Sports+Complex/data=!4m7!3m6!1s0x3eb33eb7b0428125:0xbf8fb69793ff19de!8m2!3d24.8790102!4d67.0846014!16s%2Fg%2F1tlbh0xk!19sChIJJYFCsLc-sz4R3hn_k5e2j78?authuser=0&hl=en&rclk=1,2026-06-30 01:27:43.983847+05:00,4.3,46,+92 316 1019879,,"V3HM+JR5 Kchs Sports Complex, Adamjee Nagar Society Block B Adamjee Nagar Society, Karachi, Pakistan",24.8790102,67.0846014
ChIJC78cR9MVsz4Rd-vs-aZ3lQ4,kea-kruise-boating-area-port-grand-jc78cr,Kea Kruise Boating Area (Port Grand),boating,boating,https://www.google.com/maps/place/Kea+Kruise+Boating+Area+%28Port+Grand%29/data=!4m7!3m6!1s0x3eb315d3471cbf0b:0xe9577a6f9eceb77!8m2!3d24.8442041!4d66.9918165!16s%2Fg%2F11s1tx33fy!19sChIJC78cR9MVsz4Rd-vs-aZ3lQ4?authuser=0&hl=en&rclk=1,2026-06-30 01:27:43.983847+05:00,4.2,13,,,"Port Grand Food St, West Wharf, Karachi, Pakistan",24.8442041,66.9918165
ChIJbXYn9j8Wsz4RM18Hnh8xtis,keamari-passenger-boat-service-jbxyn9,Keamari Passenger Boat Service,boating,boating,https://www.google.com/maps/place/Keamari+Passenger+Boat+Service/data=!4m7!3m6!1s0x3eb3163ff627766d:0x2bb6311f9e075f33!8m2!3d24.8176392!4d66.9754253!16s%2Fg%2F1wn_4l5d!19sChIJbXYn9j8Wsz4RM18Hnh8xtis?authuser=0&hl=en&rclk=1,2026-06-30 01:27:43.983847+05:00,4.1,394,+92 311 1231906,,"Port Of Karachi, Karachi, Pakistan",24.8176392,66.9754253
ChIJOYgTEQA9sz4RI0GlAmjr9fo,kenneyz-music-joygte,Kenneyz Music,music-rooms,music-rooms,https://www.google.com/maps/place/Kenneyz+Music/data=!4m7!3m6!1s0x3eb33d0011138839:0xfaf5eb6802a54123!8m2!3d24.8000793!4d67.0573521!16s%2Fg%2F11msmqhyf8!19sChIJOYgTEQA9sz4RI0GlAmjr9fo?authuser=0&hl=en&rclk=1,2026-06-30 01:27:43.983847+05:00,5.0,11,+92 324 2266203,,"Plot no. C-9-C, Kenneyz Music, 2 Khayaban-e-Nishat, opposite Meezan bank, D.H.A Phase 6 Nishat Commercial Area Phase 6 Defence Housing Authority, Karachi, 75500, Pakistan",24.8000793,67.0573521
ChIJOWbb7mY_sz4RpgWjme9HA-M,khadwi-ground-jowbb7,Khadwi Ground,futsal,futsal,https://www.google.com/maps/place/Khadwi+Ground/data=!4m7!3m6!1s0x3eb33f66eedb6639:0xe30347ef99a305a6!8m2!3d24.8763817!4d67.0089955!16s%2Fg%2F11qnlmgw7m!19sChIJOWbb7mY_sz4RpgWjme9HA-M?authuser=0&hl=en&rclk=1,2026-06-30 01:27:43.983847+05:00,4.3,9,,,"V2G5+HH5 Khadwi Ground, Street 5, Noor Muhammad Village, Karachi, Pakistan",24.8763817,67.0089955
ChIJG4494g8-sz4RrqGqUwRAQoM,khalikdina-hall-jg4494,Khalikdina Hall,heritage,heritage,https://www.google.com/maps/place/Khalikdina+Hall/data=!4m7!3m6!1s0x3eb33e0fe23d8e1b:0x8342400453aaa1ae!8m2!3d24.8579447!4d67.0117877!16zL20vMGNoOHBs!19sChIJG4494g8-sz4RrqGqUwRAQoM?authuser=0&hl=en&rclk=1,2026-06-30 01:27:43.983847+05:00,4.4,597,,,"Muhammad Ali Jinnah Rd, New Labour Colony Nanakwara, Karachi, Pakistan",24.857944699999997,67.0117877
ChIJvQh3FqMVsz4Rttmc-LE2dXs,khrad-masheen-gulbai-football-ground-jvqh3f,Khrad masheen Gulbai Football Ground,futsal,futsal,https://www.google.com/maps/place/Khrad+masheen+Gulbai+Football+Ground/data=!4m7!3m6!1s0x3eb315a3167708bd:0x7b7536b1f89cd9b6!8m2!3d24.875281!4d66.9708905!16s%2Fg%2F11c1q5dq5m!19sChIJvQh3FqMVsz4Rttmc-LE2dXs?authuser=0&hl=en&rclk=1,2026-06-30 01:27:43.983847+05:00,3.8,192,,,"VXGC+496 Khrad masheen Gulbai Football Ground, Football Ground، Gulbai Karachi, Pakistan",24.875280999999998,66.9708905
ChIJU_n-mUw_sz4R-_sK8mYBudg,khulafa-e-rashidin-park-ju_n-m,Khulafa E Rashidin Park,parks,parks,https://www.google.com/maps/place/Khulafa+E+Rashidin+Park/data=!4m7!3m6!1s0x3eb33f4c99fef953:0xd8b90166f20afbfb!8m2!3d24.9145039!4d67.0847401!16s%2Fg%2F11grs9j8tx!19sChIJU_n-mUw_sz4R-_sK8mYBudg?authuser=0&hl=en&rclk=1,2026-06-30 01:27:43.983847+05:00,4.2,355,,,"Block 13D-1 Block 13 D 1 Gulshan-e-Iqbal, Karachi, 75300, Pakistan",24.9145039,67.08474009999999
ChIJjcJJ4UI9sz4RIHDa8879N7k,kick-off-academy-jjcjj4,Kick Off Academy,futsal,futsal,https://www.google.com/maps/place/Kick+Off+Academy/data=!4m7!3m6!1s0x3eb33d42e149c28d:0xb937fdcef3da7020!8m2!3d24.8008529!4d67.0773469!16s%2Fg%2F11ssvd3m60!19sChIJjcJJ4UI9sz4RIHDa8879N7k?authuser=0&hl=en&rclk=1,2026-06-30 01:27:43.983847+05:00,4.9,9,+92 330 5425633,https://timetokickoff.com/,"DA Creek Club, D.H.A. Phase 8 Zone A Phase 8 Defence Housing Authority, Karachi, 75500, Pakistan",24.8008529,67.0773469
ChIJvxIT2Cg_sz4RoU99b4teo20,kidney-hill-park-jvxit2,Kidney Hill Park,parks,parks,https://www.google.com/maps/place/Kidney+Hill+Park/data=!4m7!3m6!1s0x3eb33f28d81312bf:0x6da35e8b6f7d4fa1!8m2!3d24.88131!4d67.0779906!16s%2Fg%2F11qmqz09p7!19sChIJvxIT2Cg_sz4RoU99b4teo20?authuser=0&hl=en&rclk=1,2026-06-30 01:27:43.983847+05:00,4.6,16,,,"Ahmad Ali Park kidney Hill, Cp & Berar Chs, 74800, Pakistan",24.88131,67.07799059999999
ChIJHbu9nCg9sz4RuMLKrVJzQX0,kids-swimming-pool-jhbu9n,Kids Swimming Pool,swimming,swimming,https://www.google.com/maps/place/Kids+Swimming+Pool/data=!4m7!3m6!1s0x3eb33d289cbdbb1d:0x7d417352adcac2b8!8m2!3d24.7985761!4d67.0786785!16s%2Fg%2F11qj_0m_55!19sChIJHbu9nCg9sz4RuMLKrVJzQX0?authuser=0&hl=en&rclk=1,2026-06-30 01:27:43.983847+05:00,4.5,14,,,"Q3XH+CFM Kids Swimming Pool, D.H.A. Phase 8 Zone A Phase 8 Defence Housing Authority, Karachi, 75500, Pakistan",24.7985761,67.0786785
ChIJPwU7nLE9sz4RIft4Z2gB_XA,klay-jpwu7n,Klay,shisha,shisha,https://www.google.com/maps/place/Klay/data=!4m7!3m6!1s0x3eb33db19c3b053f:0x70fd01686778fb21!8m2!3d24.8182942!4d67.0222953!16s%2Fg%2F11y3jfn22_!19sChIJPwU7nLE9sz4RIft4Z2gB_XA?authuser=0&hl=en&rclk=1,2026-06-30 01:27:43.983847+05:00,4.3,1513,+92 305 1115529,http://www.klay.com.pk/,"F9, Klay, 2 Khayaban-e-Saadi, Main Block 5 Clifton, Karachi, 75500, Pakistan",24.8182942,67.0222953
ChIJ0ftgawA_sz4R9g_BzUIdxWk,knockout-indoor-j0ftga,Knockout indoor,box-cricket,"box-cricket,futsal",https://www.google.com/maps/place/Knockout+indoor/data=!4m7!3m6!1s0x3eb33f006b60fbd1:0x69c51d42cdc10ff6!8m2!3d24.9098638!4d67.0924843!16s%2Fg%2F11vz4y2b4p!19sChIJ0ftgawA_sz4R9g_BzUIdxWk?authuser=0&hl=en&rclk=1,2026-06-30 01:27:43.983847+05:00,4.7,33,+92 300 2874788,,"W35R+WXX Knockout indoor, Block 9 Gulshan-e-Iqbal, Karachi, Pakistan",24.9098638,67.0924843
ChIJa3xCdr8-sz4RanOi6H1h2sY,kokan-family-park-ja3xcd,Kokan Family Park,parks,parks,https://www.google.com/maps/place/Kokan+Family+Park/data=!4m7!3m6!1s0x3eb33ebf76427c6b:0xc6da617de8a2736a!8m2!3d24.8782831!4d67.0734541!16s%2Fg%2F1tqcjpm9!19sChIJa3xCdr8-sz4RanOi6H1h2sY?authuser=0&hl=en&rclk=1,2026-06-30 01:27:43.983847+05:00,4.4,4337,+92 334 0255009,,"74 Haider Ali Rd, Kokan CHS, Karachi, Pakistan",24.878283099999997,67.07345409999999
ChIJg8iA4Uc9sz4REBFVWhB8_bg,kumbhar-clay-studio-jg8ia4,Kumbhar Clay Studio,pottery-art,pottery-art,https://www.google.com/maps/place/Kumbhar+Clay+Studio/data=!4m7!3m6!1s0x3eb33d47e180c883:0xb8fd7c105a551110!8m2!3d24.789711!4d67.078143!16s%2Fg%2F11ymkwwwdj!19sChIJg8iA4Uc9sz4REBFVWhB8_bg?authuser=0&hl=en&rclk=1,2026-06-30 01:27:43.983847+05:00,5.0,15,+92 323 3235199,,"Phase 8, Kumbhar Clay Studio, 8 Creek walk, phase Zulfiqar & Al Murtaza Commercial Area Phase 8 Defence Housing Authority, Karachi, 75500, Pakistan",24.789711,67.078143
ChIJhxvN43k5sz4Rxp2fibN_IU4,l-a-lounge-and-restaurant-jhxvn4,L A Lounge And Restaurant,shisha,shisha,https://www.google.com/maps/place/L+A+Lounge+And+Restaurant/data=!4m7!3m6!1s0x3eb33979e3cd1b87:0x4e217fb3899f9dc6!8m2!3d24.9239506!4d67.1299222!16s%2Fg%2F11wth23jxt!19sChIJhxvN43k5sz4Rxp2fibN_IU4?authuser=0&hl=en&rclk=1,2026-06-30 01:27:43.983847+05:00,4.2,1361,+92 311 1147647,https://www.facebook.com/laloungeandrestaurant,"B 159 Johar Hill Road, Niaz Siddiqui St, Block 14 Gulistan-e-Johar, Karachi, 75300, Pakistan",24.923950599999998,67.1299222
ChIJyYc1sYw_sz4RvbNJdZ8A2qc,light-of-baloch-foot-ball-club-dfa-south-jyyc1s,LIGHT OF BALOCH FOOT BALL CLUB DFA SOUTH,futsal,futsal,https://www.google.com/maps/place/LIGHT+OF+BALOCH+FOOT+BALL+CLUB+DFA+SOUTH/data=!4m7!3m6!1s0x3eb33f8cb13587c9:0xa7da009f7549b3bd!8m2!3d24.8721407!4d67.0045443!16s%2Fg%2F11fnqbtb01!19sChIJyYc1sYw_sz4RvbNJdZ8A2qc?authuser=0&hl=en&rclk=1,2026-06-30 01:27:43.983847+05:00,5.0,6,,,"V2C3+VR6 LIGHT OF BALOCH FOOT BALL CLUB DFA SOUTH, New Kumbhar Wara Rd, Kalakot New Kumbharwara, Karachi, Pakistan",24.8721407,67.00454429999999
ChIJE1nipQI9sz4RFnZlVB8ESt8,leeka-institute-of-art-je1nip,Leeka Institute Of Art,pottery-art,pottery-art,https://www.google.com/maps/place/Leeka+Institute+Of+Art/data=!4m7!3m6!1s0x3eb33d02a5e25913:0xdf4a041f54657616!8m2!3d24.7974501!4d67.0454606!16s%2Fg%2F11c3v_th91!19sChIJE1nipQI9sz4RFnZlVB8ESt8?authuser=0&hl=en&rclk=1,2026-06-30 01:27:43.983847+05:00,4.9,35,+92 345 2348588,,"1st floor, Building C, Leeka Institute Of Art, 103, 17C Street 5, DHA Phase 5 Badar Commercial Area Defence V Defence Housing Authority, Karachi, 75500, Pakistan",24.7974501,67.0454606
ChIJX8xtHwA5sz4RXncO4yvcvRI,legends-arena-jx8xth,Legends Arena,padel,padel,https://www.google.com/maps/place/Legends+Arena/data=!4m7!3m6!1s0x3eb339001f6dcc5f:0x12bddc2be30e775e!8m2!3d24.917358!4d67.094898!16s%2Fg%2F11yvthhdrl!19sChIJX8xtHwA5sz4RXncO4yvcvRI?authuser=0&hl=en&rclk=1,2026-06-30 01:27:43.983847+05:00,4.6,16,+92 336 3110786,https://legendsarena.pk/,"Plot ST, Legends Arena, KHA Sports Marriage garden, 18 A, Block 5 Gulshan-e-Iqbal, Karachi, 75300, Pakistan",24.917358,67.094898
ChIJo_hK5sU9sz4R1x0-ASXpbUI,legends-arena-jo_hk5,Legends Arena,padel,"padel,box-cricket,futsal,skating",https://www.google.com/maps/place/Legends+Arena/data=!4m7!3m6!1s0x3eb33dc5e64af8a3:0x426de925013e1dd7!8m2!3d24.8129168!4d67.0507428!16s%2Fg%2F11t_rn86w7!19sChIJo_hK5sU9sz4R1x0-ASXpbUI?authuser=0&hl=en&rclk=1,2026-06-30 01:27:43.983847+05:00,4.6,712,+92 300 1127362,https://legendsarena.pk/,"R372+47W Legends Arena, Stadium Lane 3, Khayaban-e-Mujahid, DHA Phase 5 Stadium Commercial Area Defence V Defence Housing Authority, Karachi, 75500, Pakistan",24.8129168,67.0507428
ChIJ3V31n_s4sz4RyxLEGhG6Yoc,legends-snooker-club-karachi-j3v31n,Legends Snooker Club Karachi,billiards,billiards,https://www.google.com/maps/place/Legends+Snooker+Club+Karachi/data=!4m7!3m6!1s0x3eb338fb9ff55ddd:0x8762ba111ac412cb!8m2!3d24.9188065!4d67.1254013!16s%2Fg%2F11g8_0zh11!19sChIJ3V31n_s4sz4RyxLEGhG6Yoc?authuser=0&hl=en&rclk=1,2026-06-30 01:27:43.983847+05:00,4.4,204,+92 313 8890905,https://web.facebook.com/Legendssnooker/,"C 244, Block 14 Gulistan-e-Johar, Karachi, Pakistan",24.9188065,67.1254013
ChIJTZbqYABBsz4R0MjZTnEY6nQ,legends-field-jtzbqy,Legends field,box-cricket,box-cricket,https://www.google.com/maps/place/Legends+field/data=!4m7!3m6!1s0x3eb3410060ea964d:0x74ea18714ed9c8d0!8m2!3d24.9576747!4d67.0730081!16s%2Fg%2F11vy8fm3_k!19sChIJTZbqYABBsz4R0MjZTnEY6nQ?authuser=0&hl=en&rclk=1,2026-06-30 01:27:43.983847+05:00,4.5,40,+92 335 7047044,,"1-D-3, Legends field, 16 A, Sector 16-A/4 Sector 16 A Buffer Zone, Karachi, 75850, Pakistan",24.9576747,67.0730081
ChIJvZJlG4wVsz4Rg8W4zhDhKt4,lyari-international-football-stadium-jvzjlg,Lyari International Football Stadium,futsal,futsal,https://www.google.com/maps/place/Lyari+International+Football+Stadium/data=!4m7!3m6!1s0x3eb3158c1b6592bd:0xde2ae110ceb8c583!8m2!3d24.8711875!4d66.9919375!16s%2Fg%2F11d__txbk7!19sChIJvZJlG4wVsz4Rg8W4zhDhKt4?authuser=0&hl=en&rclk=1,2026-06-30 01:27:43.983847+05:00,4.4,159,+92 314 8523556,,"Panjguri Mohalla Karachi, Pakistan",24.871187499999998,66.99193749999999
ChIJT8YL130_sz4RqVn2AyQj4TI,lyari-mini-brazil-football-academy-jt8yl1,Lyari Mini Brazil Football Academy,futsal,futsal,https://www.google.com/maps/place/Lyari+Mini+Brazil+Football+Academy/data=!4m7!3m6!1s0x3eb33f7dd70bc64f:0x32e1232403f659a9!8m2!3d24.8683034!4d67.0020474!16s%2Fg%2F11nntx509c!19sChIJT8YL130_sz4RqVn2AyQj4TI?authuser=0&hl=en&rclk=1,2026-06-30 01:27:43.983847+05:00,4.5,8,+92 322 3334599,,"V292+8RF Lyari Mini Brazil Football Academy, Rexer Ln, Chakiwara Lyari, Karachi, 74660, Pakistan",24.8683034,67.0020474
ChIJk_d3mJs9sz4R-ymJ2kYFQ-Y,mr-rahimoon-art-studio-jk_d3m,MR Rahimoon Art Studio,pottery-art,pottery-art,https://www.google.com/maps/place/MR+Rahimoon+Art+Studio/data=!4m7!3m6!1s0x3eb33d9b9877f793:0xe6430546da8929fb!8m2!3d24.8151231!4d67.0714141!16s%2Fg%2F11h4wks1vc!19sChIJk_d3mJs9sz4R-ymJ2kYFQ-Y?authuser=0&hl=en&rclk=1,2026-06-30 01:27:43.983847+05:00,5.0,7,+92 300 2249723,,"10-C, MR Rahimoon Art Studio, 1 floor Ln Number 2, D.H.A. Phase 7 Seher Commercial Area Phase 7 Defence Housing Authority, Karachi, 75500, Pakistan",24.815123099999997,67.0714141
ChIJdbN6voc_sz4R8TGhJwAm-Ak,msb-nadil-e-burhani-jdbn6v,MSB Nadil E Burhani,futsal,futsal,https://www.google.com/maps/place/MSB+Nadil+E+Burhani/data=!4m7!3m6!1s0x3eb33f87be7ab375:0x9f8260027a131f1!8m2!3d24.9388138!4d67.0363601!16s%2Fg%2F11cspl4_82!19sChIJdbN6voc_sz4R8TGhJwAm-Ak?authuser=0&hl=en&rclk=1,2026-06-30 01:27:43.983847+05:00,4.5,133,,,"A-224 Cricketers Ave, Block C North Nazimabad Town, Karachi, Pakistan",24.9388138,67.0363601
ChIJJUxKU884sz4Rytdeoz0UMP0,madhu-muhammadan-football-club-jjuxku,Madhu Muhammadan Football Club,futsal,futsal,https://www.google.com/maps/place/Madhu+Muhammadan+Football+Club/data=!4m7!3m6!1s0x3eb338cf534a4c25:0xfd30143da35ed7ca!8m2!3d24.9234455!4d67.105845!16s%2Fg%2F11c6d_w_ps!19sChIJJUxKU884sz4Rytdeoz0UMP0?authuser=0&hl=en&rclk=1,2026-06-30 01:27:43.983847+05:00,4.7,300,+92 300 3373236,,"B-2 Main University Rd, Gulshan-e-Iqbal, Karachi, Pakistan",24.9234455,67.105845
ChIJcTVRXgAjsz4RgrryP04k59s,maidan-padel-at-emaar-jctvrx,Maidan Padel at Emaar,padel,padel,https://www.google.com/maps/place/Maidan+Padel+at+Emaar/data=!4m7!3m6!1s0x3eb323005e513571:0xdbe7244e3ff2ba82!8m2!3d24.7495786!4d67.0738942!16s%2Fg%2F11l_8bmg9y!19sChIJcTVRXgAjsz4RgrryP04k59s?authuser=0&hl=en&rclk=1,2026-06-30 01:27:43.983847+05:00,3.7,19,+92 333 0624326,https://www.maidan.com.pk/,"Q32F+2CH Maidan Padel at Emaar, DHA Karachi Phase VIII Zone D Zone D Phase 8 Emaar, Karachi, Pakistan",24.7495786,67.0738942
ChIJcwjzUwA3sz4RHpHmN3AU_HE,maidan-padel-at-malir-cantt-jcwjzu,Maidan Padel at Malir Cantt,padel,padel,https://www.google.com/maps/place/Maidan+Padel+at+Malir+Cantt/data=!4m7!3m6!1s0x3eb3370053f30873:0x71fc147037e6911e!8m2!3d24.9439947!4d67.2016022!16s%2Fg%2F11xgq6rw7p!19sChIJcwjzUwA3sz4RHpHmN3AU_HE?authuser=0&hl=en&rclk=1,2026-06-30 01:27:43.983847+05:00,4.4,20,+92 333 0624326,,"W6V2+FMH Maidan Padel at Malir Cantt, Tufail Shaheed Rd, Malir Cantonment, Karachi, Pakistan",24.943994699999998,67.2016022
ChIJKUPHjNY_sz4RRjtyMkDmGYg,maidan-at-kmc-sports-complex-jkuphj,Maidan at KMC Sports Complex,padel,"padel,box-cricket,futsal,skating,squash,swimming",https://www.google.com/maps/place/Maidan+at+KMC+Sports+Complex/data=!4m7!3m6!1s0x3eb33fd68cc74329:0x8819e64032723b46!8m2!3d24.8801613!4d67.0533927!16s%2Fg%2F11w7pz53sq!19sChIJKUPHjNY_sz4RRjtyMkDmGYg?authuser=0&hl=en&rclk=1,2026-06-30 01:27:43.983847+05:00,4.5,202,+92 333 0624326,https://www.maidan.com.pk/,"KMC Sports Complex, Kashmir Rd, Jamshed Quarters Muslimabad, Karachi, Pakistan",24.880161299999997,67.0533927
ChIJf5Wp2949sz4RH-JIGTH6IMU,mama-vip-snooker-club-jf5wp2,Mama VIP Snooker Club ماما وی آئی پی اسنُوکر کلب,billiards,billiards,https://www.google.com/maps/place/Mama+VIP+Snooker+Club+%D9%85%D8%A7%D9%85%D8%A7+%D9%88%DB%8C+%D8%A2%D8%A6%DB%8C+%D9%BE%DB%8C+%D8%A7%D8%B3%D9%86%D9%8F%D9%88%DA%A9%D8%B1+%DA%A9%D9%84%D8%A8%E2%80%AD/data=!4m7!3m6!1s0x3eb33ddedba9957f:0xc520fa311948e21f!8m2!3d24.8259375!4d67.0831875!16s%2Fg%2F11tp3cp4pm!19sChIJf5Wp2949sz4RH-JIGTH6IMU?authuser=0&hl=en&rclk=1,2026-06-30 01:27:43.983847+05:00,4.7,17,+92 304 2611238,,"B Area Qayyumabad, Karachi, 75640, Pakistan",24.8259375,67.0831875
ChIJ10vqhxA_sz4RhwcEKaulGcc,mancave-gaming-club-gaming-zone-bar-chill-lounge-j10vqh,ManCave Gaming Club (Gaming Zone | Bar & Chill Lounge),arcades,"arcades,billiards,board-game-paint-cafe",https://www.google.com/maps/place/ManCave+Gaming+Club+%28Gaming+Zone+%7C+Bar+%26+Chill+Lounge%29/data=!4m7!3m6!1s0x3eb33f1087ea4bd7:0xc719a5ab29040787!8m2!3d24.8834391!4d67.0657219!16s%2Fg%2F11xzx8ds62!19sChIJ10vqhxA_sz4RhwcEKaulGcc?authuser=0&hl=en&rclk=1,2026-06-30 01:27:43.983847+05:00,4.9,213,+92 309 9811707,http://mancaveclub.pk/,"Shop#6, ManCave Gaming Club (Gaming Zone | Bar & Chill Lounge), Ayesha Residency, Plot#119 Alamgir Rd, Bahadurabad BMCHS Sharafabad, Karachi, 07481, Pakistan",24.8834391,67.0657219
ChIJK_6oxvg9sz4RrX006ld3ZEw,mangroves-the-fishing-island-jk_6ox,Mangroves the fishing island,boating,"boating,parks",https://www.google.com/maps/place/Mangroves+the+fishing+island/data=!4m7!3m6!1s0x3eb33df8c6a8fe2b:0x4c647757ea347dad!8m2!3d24.8383778!4d67.0006949!16s%2Fg%2F1tdbv6_k!19sChIJK_6oxvg9sz4RrX006ld3ZEw?authuser=0&hl=en&rclk=1,2026-06-30 01:27:43.983847+05:00,4.5,34,,,"R2Q2+974 Mangroves the fishing island, Karachi, Pakistan",24.8383778,67.0006949
ChIJUYyZ6eE-sz4RcFvW8Awal6I,mannu-goth-football-ground-juyyz6,Mannu Goth Football Ground,futsal,futsal,https://www.google.com/maps/place/Mannu+Goth+Football+Ground/data=!4m7!3m6!1s0x3eb33ee1e9998c51:0xa2971a0cf0d65b70!8m2!3d24.8985928!4d67.0654533!16s%2Fg%2F11c53s7dvs!19sChIJUYyZ6eE-sz4RcFvW8Awal6I?authuser=0&hl=en&rclk=1,2026-06-30 01:27:43.983847+05:00,4.0,373,,,"Ghani Eleven Football Ground, Hafta bazar, near Daulat Ram Road, Essa Nagri Eissa Nagri, Karachi, Pakistan",24.8985928,67.0654533
ChIJRcKO5aIXsz4RSTG4iET4zds,manora-boat-service-jrcko5,Manora boat service,boating,boating,https://www.google.com/maps/place/Manora+boat+service/data=!4m7!3m6!1s0x3eb317a2e58ec245:0xdbcdf84488b83149!8m2!3d24.8176104!4d66.975465!16s%2Fg%2F11z8nmhy5n!19sChIJRcKO5aIXsz4RSTG4iET4zds?authuser=0&hl=en&rclk=1,2026-06-30 01:27:43.983847+05:00,4.1,8,+92 324 3231152,,"Keamari, Karachi, 75350, Pakistan",24.8176104,66.975465
ChIJOZCdrA8_sz4R7EUUpQ7XDdU,mansora-cricket-ground-jozcdr,Mansora Cricket Ground,box-cricket,box-cricket,https://www.google.com/maps/place/Mansora+Cricket+Ground/data=!4m7!3m6!1s0x3eb33f0fac9d9039:0xd50dd70ea51445ec!8m2!3d24.9125809!4d67.0557709!16s%2Fg%2F11ckh0zzr4!19sChIJOZCdrA8_sz4R7EUUpQ7XDdU?authuser=0&hl=en&rclk=1,2026-06-30 01:27:43.983847+05:00,4.2,68,+92 309 2412964,,"W374+28J Mansora Cricket Ground, Sharifabad Block 1 Gulberg Town, Karachi, Pakistan",24.9125809,67.0557709
ChIJXwdbnic_sz4RUzKQVKO4tJk,masterclass-pakistan-hospitality-business-school-jxwdbn,MasterClass Pakistan - Hospitality Business School,cooking-classes,cooking-classes,https://www.google.com/maps/place/MasterClass+Pakistan+-+Hospitality+Business+School/data=!4m7!3m6!1s0x3eb33f279e5b075f:0x99b4b8a354903253!8m2!3d24.90369!4d67.079373!16s%2Fg%2F11gbx92bp_!19sChIJXwdbnic_sz4RUzKQVKO4tJk?authuser=0&hl=en&rclk=1,2026-06-30 01:27:43.983847+05:00,4.6,250,+92 21 34822272,https://masterclass.pk/,"Ground Floor, B، MasterClass Pakistan - Hospitality Business School, 9, Block 15 Gulshan-e-Iqbal, Karachi, 74500, Pakistan",24.903689999999997,67.079373
ChIJTz70zf83sz4Rz_Dw-HRHDsc,matchbox-padel-jtz70z,Matchbox Padel,padel,padel,https://www.google.com/maps/place/Matchbox+Padel/data=!4m7!3m6!1s0x3eb337ffcdf43e4f:0xc70e4774f8f0f0cf!8m2!3d24.9203458!4d67.1983715!16s%2Fg%2F11yc0b2g4f!19sChIJTz70zf83sz4Rz_Dw-HRHDsc?authuser=0&hl=en&rclk=1,2026-06-30 01:27:43.983847+05:00,4.7,23,+92 322 2172629,http://playmatchbox.skedda.com/,"Lawn #2, Matchbox Padel, Ordnance Mart, Naseeb Shaheed Chowk, Malir Cantonment, Karachi, 75080, Pakistan",24.9203458,67.1983715
ChIJEypmRiI5sz4R-kr-rf0oYhg,mega-multiplex-cinema-millenium-mall-jeypmr,Mega Multiplex Cinema - Millenium Mall,cinemas,cinemas,https://www.google.com/maps/place/Mega+Multiplex+Cinema+-+Millenium+Mall/data=!4m7!3m6!1s0x3eb3392246662a13:0x186228fdadfe4afa!8m2!3d24.9011262!4d67.1156747!16s%2Fg%2F11cn9tlp06!19sChIJEypmRiI5sz4R-kr-rf0oYhg?authuser=0&hl=en&rclk=1,2026-06-30 01:27:43.983847+05:00,4.1,1026,+92 370 0341734,,"Millennium Mall, Rashid Minhas Rd, Gulistan-e-Johar, Karachi, Pakistan",24.9011262,67.1156747
ChIJe4Xsbng9sz4RBKsKclZJpj4,memories-cafe-hooka-lounge-je4xsb,Memories cafe & Hooka Lounge,shisha,shisha,https://www.google.com/maps/place/Memories+cafe+%26+Hooka+Lounge/data=!4m7!3m6!1s0x3eb33d786eec857b:0x3ea64956720aab04!8m2!3d24.8146878!4d67.0121287!16s%2Fg%2F11sq29df2r!19sChIJe4Xsbng9sz4RBKsKclZJpj4?authuser=0&hl=en&rclk=1,2026-06-30 01:27:43.983847+05:00,5.0,14,+92 302 1255237,,"mezzanine Floor G-38 Samwood Shopping MallBlock 2, Block 2 Clifton, Karachi, 75600, Pakistan",24.814687799999998,67.01212869999999
ChIJkaWDlJ4Vsz4R9-nfxSz-RNw,merewether-clock-tower-jkawdl,Merewether Clock Tower,heritage,heritage,https://www.google.com/maps/place/Merewether+Clock+Tower/data=!4m7!3m6!1s0x3eb3159e9483a591:0xdc44fe2cc5dfe9f7!8m2!3d24.8489421!4d66.9973664!16zL20vMGNoOXB0!19sChIJkaWDlJ4Vsz4R9-nfxSz-RNw?authuser=0&hl=en&rclk=1,2026-06-30 01:27:43.983847+05:00,4.4,316,,,"RXXW+HWH Merewether Clock Tower, I.I Chundrigar Rd, Seari Quarters, Karachi, Pakistan",24.8489421,66.99736639999999
ChIJAUN84v89sz4RRaT99CvDRcw,mexican-villa-jaun84,Mexican villa,shisha,shisha,https://www.google.com/maps/place/Mexican+villa/data=!4m7!3m6!1s0x3eb33dffe27c4301:0xcc45c32bf4fda445!8m2!3d24.8177867!4d67.0411148!16s%2Fg%2F11fhr72cgt!19sChIJAUN84v89sz4RRaT99CvDRcw?authuser=0&hl=en&rclk=1,2026-06-30 01:27:43.983847+05:00,4.3,131,+92 325 3639983,,"Phase V, 5c Lane, 6th Commercial Ln, Zamzama Commercial Area Defence V Defence Housing Authority, Karachi, 75500, Pakistan",24.8177867,67.0411148
ChIJFxP79Sw9sz4RBEpCrPpZYyM,miami-nights-jfxp79,Miami Nights,shisha,shisha,https://www.google.com/maps/place/Miami+Nights/data=!4m7!3m6!1s0x3eb33d2cf5fb1317:0x236359faac424a04!8m2!3d24.8074498!4d67.0391871!16s%2Fg%2F11vlsch4p6!19sChIJFxP79Sw9sz4RBEpCrPpZYyM?authuser=0&hl=en&rclk=1,2026-06-30 01:27:43.983847+05:00,4.9,446,+92 323 0331333,,"Plot 6-C, R24Q+XM Miami Nights, DHA Phase 5 Tauheed Commercial Area Defence V Defence Housing Authority, Karachi, 75500, Pakistan",24.8074498,67.03918709999999
ChIJL4EAbwBHsz4RWKscF7zjPUg,mid-wicket-best-indoor-midcafe-fast-food-bbq-jl4eab,Mid Wicket / Best Indoor / Midcafe Fast Food & BBQ,box-cricket,box-cricket,https://www.google.com/maps/place/Mid+Wicket+%2F+Best+Indoor+%2F+Midcafe+Fast+Food+%26+BBQ/data=!4m7!3m6!1s0x3eb347006f00812f:0x483de3bc171cab58!8m2!3d24.964845!4d67.1158137!16s%2Fg%2F11vqcy_ccw!19sChIJL4EAbwBHsz4RWKscF7zjPUg?authuser=0&hl=en&rclk=1,2026-06-30 01:27:43.983847+05:00,4.4,116,+92 345 1111464,,"Rumi Rd, Quetta Town Sector 17 B Gulzar E Hijri Scheme 33, Karachi, Pakistan",24.964845,67.1158137
ChIJfTFPBs8_sz4RDGgB4QUUnqo,mini-brazil-academy-jftfpb,Mini Brazil Academy,futsal,futsal,https://www.google.com/maps/place/Mini+Brazil+Academy/data=!4m7!3m6!1s0x3eb33fcf064f317d:0xaa9e1405e101680c!8m2!3d24.8676681!4d66.9998436!16s%2Fg%2F11qmr8gp_9!19sChIJfTFPBs8_sz4RDGgB4QUUnqo?authuser=0&hl=en&rclk=1,2026-06-30 01:27:43.983847+05:00,4.3,70,+92 322 2254613,,"VX9X+3W8 Mini Brazil Academy, Chakiwara Rd Number 1, Rexer Lanes Chakiwara, lyari, Pakistan",24.8676681,66.99984359999999
ChIJIzK8Sbs_sz4REbFYxRt5zPk,mini-sports-complex-jizk8s,Mini Sports Complex۔ منی اسپورٹس کمپلیکس,skating,"skating,futsal",https://www.google.com/maps/place/Mini+Sports+Complex%DB%94+%D9%85%D9%86%DB%8C+%D8%A7%D8%B3%D9%BE%D9%88%D8%B1%D9%B9%D8%B3+%DA%A9%D9%85%D9%BE%D9%84%DB%8C%DA%A9%D8%B3%E2%80%AD/data=!4m7!3m6!1s0x3eb33fbb49bc3223:0xf9cc791bc558b111!8m2!3d24.9081493!4d67.0313405!16s%2Fg%2F11m_zlyqwk!19sChIJIzK8Sbs_sz4REbFYxRt5zPk?authuser=0&hl=en&rclk=1,2026-06-30 01:27:43.983847+05:00,4.3,55,,,"Block 2 Nazimabad, Karachi, 74600, Pakistan",24.908149299999998,67.0313405
ChIJ3__L2yM_sz4RFbkzJJRROhc,misbah-ground-j3__l2,Misbah ground,futsal,futsal,https://www.google.com/maps/place/Misbah+ground/data=!4m7!3m6!1s0x3eb33f23dbcbffdf:0x173a51942433b915!8m2!3d24.9060625!4d67.0474375!16s%2Fg%2F11tck1g8pr!19sChIJ3__L2yM_sz4RFbkzJJRROhc?authuser=0&hl=en&rclk=1,2026-06-30 01:27:43.983847+05:00,4.0,49,+92 315 2335738,,"Block 3 Liaquatabad Town, Karachi, Pakistan",24.906062499999997,67.0474375
ChIJAQUFXQA9sz4RxXtGH0oYPLM,miss-cue-snooker-club-jaqufx,Miss Cue Snooker Club,billiards,billiards,https://www.google.com/maps/place/Miss+Cue+Snooker+Club/data=!4m7!3m6!1s0x3eb33d005d050501:0xb33c184a1f467bc5!8m2!3d24.8316383!4d67.0406865!16s%2Fg%2F11vzbczx2v!19sChIJAQUFXQA9sz4RxXtGH0oYPLM?authuser=0&hl=en&rclk=1,2026-06-30 01:27:43.983847+05:00,4.5,8,,,"D 8, Block 8 Clifton, Karachi, 75600, Pakistan",24.831638299999998,67.04068649999999
ChIJ_8SHnl86sz4RXmPa0OAzKlw,model-family-park-korangi-5-j_8shn,Model Family Park Korangi 5,parks,parks,https://www.google.com/maps/place/Model+Family+Park+Korangi+5/data=!4m7!3m6!1s0x3eb33a5f9e87c4ff:0x5c2a33e0d0da635e!8m2!3d24.8273186!4d67.1630598!16s%2Fg%2F1xb2c0_s!19sChIJ_8SHnl86sz4RXmPa0OAzKlw?authuser=0&hl=en&rclk=1,2026-06-30 01:27:43.983847+05:00,4.1,2773,,,"466- y area Landhi Rd, Sector 35 F Korangi, Karachi, 74900, Pakistan",24.827318599999998,67.1630598
ChIJPWc54qA_sz4RLBCxNliifqM,moderate-football-club-mfc-jpwc54,Moderate Football Club (MFC),futsal,futsal,https://www.google.com/maps/place/Moderate+Football+Club+%28MFC%29/data=!4m7!3m6!1s0x3eb33fa0e239673d:0xa37ea25836b1102c!8m2!3d24.9153142!4d67.0440305!16s%2Fg%2F11c1rt4rcn!19sChIJPWc54qA_sz4RLBCxNliifqM?authuser=0&hl=en&rclk=1,2026-06-30 01:27:43.983847+05:00,4.8,13,+92 308 2253653,http://www.facebook.com/moderatfc5522,"W28V+4JC Moderate Football Club (MFC), Federal Capital Area, FC Area, Karachi, Pakistan",24.915314199999997,67.04403049999999
ChIJrcgVYqM-sz4R46RWJAqnaRs,modern-club-jrcgvy,Modern Club ماڈرن کلب,tennis,tennis,https://www.google.com/maps/place/Modern+Club+%D9%85%D8%A7%DA%88%D8%B1%D9%86+%DA%A9%D9%84%D8%A8%E2%80%AD/data=!4m7!3m6!1s0x3eb33ea36215c8ad:0x1b69a70a2456a4e3!8m2!3d24.86623!4d67.0762405!16s%2Fg%2F1hf3nynn5!19sChIJrcgVYqM-sz4R46RWJAqnaRs?authuser=0&hl=en&rclk=1,2026-06-30 01:27:43.983847+05:00,4.3,93,,,"V38G+FFX Modern Club ماڈرن کلب, Karachi Memon Co-operative Housing Society Karachi Memon Society P.E.C.H.S., Karachi, Pakistan",24.866229999999998,67.0762405
ChIJ-YKZEaU9sz4RstZuPwjWC8E,mohatta-palace-museum-j-ykze,Mohatta Palace Museum,museums-galleries,"museums-galleries,heritage",https://www.google.com/maps/place/Mohatta+Palace+Museum/data=!4m7!3m6!1s0x3eb33da5119982f9:0xc10bd6083f6ed6b2!8m2!3d24.814321!4d67.0326807!16zL20vMGJxa3Nz!19sChIJ-YKZEaU9sz4RstZuPwjWC8E?authuser=0&hl=en&rclk=1,2026-06-30 01:27:43.983847+05:00,4.5,5696,+92 21 35837669,,"7 Hatim Alvi Rd, Block 5 Old Clifton, Karachi, 75600, Pakistan",24.814321,67.0326807
ChIJT7NppAc9sz4R8ZCXaI2_V-s,moin-khan-cricket-academy-jt7npp,Moin Khan Cricket Academy,box-cricket,box-cricket,https://www.google.com/maps/place/Moin+Khan+Cricket+Academy/data=!4m7!3m6!1s0x3eb33d07a469b34f:0xeb57bf8d689790f1!8m2!3d24.7798065!4d67.091174!16s%2Fg%2F11fmdkd09t!19sChIJT7NppAc9sz4R8ZCXaI2_V-s?authuser=0&hl=en&rclk=1,2026-06-30 01:27:43.983847+05:00,4.4,91,+92 327 4524827,https://www.dhakarachi.org/clubs/sports-club/,"Q3HR+WFF Moin Khan Cricket Academy, DHA Karachi Phase VIII Zone B Zone B Phase 8 Defence Housing Authority, Karachi, 75500, Pakistan",24.7798065,67.091174
ChIJ5W8cbQw_sz4RUVNgnwyxj3A,moosa-lashari-football-club-j5w8cb,Moosa Lashari Football Club,futsal,futsal,https://www.google.com/maps/place/Moosa+Lashari+Football+Club/data=!4m7!3m6!1s0x3eb33f0c6d1c6fe5:0x708fb10c9f605351!8m2!3d24.8734249!4d67.0051105!16s%2Fg%2F11h5s41kjt!19sChIJ5W8cbQw_sz4RUVNgnwyxj3A?authuser=0&hl=en&rclk=1,2026-06-30 01:27:43.983847+05:00,5.0,5,+92 321 2376150,,"V2F4+929 Moosa Lashari Football Club, Jhansi St, Kumhar Wara New Kumbharwara, Karachi, Pakistan",24.8734249,67.0051105
ChIJY_fgNbg9sz4R_aSJFPwXnl0,moosh-cafe-grill-jy_fgn,Moosh Cafe & Grill,shisha,shisha,https://www.google.com/maps/place/Moosh+Cafe+%26+Grill/data=!4m7!3m6!1s0x3eb33db835e0f763:0x5d9e17fc1489a4fd!8m2!3d24.8254326!4d67.0331792!16s%2Fg%2F11b6dplfkb!19sChIJY_fgNbg9sz4R_aSJFPwXnl0?authuser=0&hl=en&rclk=1,2026-06-30 01:27:43.983847+05:00,4.7,7,,,"R2GM+57F Moosh Cafe & Grill, Block 5 Clifton, Karachi, 75600, Pakistan",24.8254326,67.03317919999999
ChIJIYF_sQo9sz4RDAO-YSREiMU,moscow-lounge-jiyf_s,Moscow Lounge,shisha,shisha,https://www.google.com/maps/place/Moscow+Lounge/data=!4m7!3m6!1s0x3eb33d0ab17f8121:0xc588442461be030c!8m2!3d24.8249388!4d67.0271135!16s%2Fg%2F11lrl4ggx5!19sChIJIYF_sQo9sz4RDAO-YSREiMU?authuser=0&hl=en&rclk=1,2026-06-30 01:27:43.983847+05:00,4.1,10,+92 312 3104578,,"FL 19, F12, Moscow Lounge, Boat Basin, near Clifton Grammar School, Block 5 Clifton, Karachi, 75600, Pakistan",24.824938799999998,67.0271135
ChIJuyACSU85sz4RkhXMTdbK2N8,mousiqi-station-recording-studio-juyacs,Mousiqi Station (recording studio),music-rooms,music-rooms,https://www.google.com/maps/place/Mousiqi+Station+%28recording+studio%29/data=!4m7!3m6!1s0x3eb3394f490220bb:0xdfd8cad64dcc1592!8m2!3d24.927681!4d67.1780008!16s%2Fg%2F11qsmsv865!19sChIJuyACSU85sz4RkhXMTdbK2N8?authuser=0&hl=en&rclk=1,2026-06-30 01:27:43.983847+05:00,5.0,54,+92 345 2680354,https://mousiqistation.com/,"Fatima Down Town, Karachi, Pakistan",24.927681,67.17800079999999
ChIJjYqoo-48sz4RxNJMl-S4rso,mudpie-studio-jjyqoo,Mudpie Studio,board-game-paint-cafe,"board-game-paint-cafe,pottery-art",https://www.google.com/maps/place/Mudpie+Studio/data=!4m7!3m6!1s0x3eb33ceea3a88a8d:0xcaaeb8e4974cd2c4!8m2!3d24.7860848!4d67.0604985!16s%2Fg%2F1tjl4cm9!19sChIJjYqoo-48sz4RxNJMl-S4rso?authuser=0&hl=en&rclk=1,2026-06-30 01:27:43.983847+05:00,4.3,18,,,"Main Khayaban-e-Muslim, near 29th Street, D.H.A Phase 6 Phase 6 Defence Housing Authority, Karachi, 75500, Pakistan",24.786084799999998,67.0604985
ChIJwXdpc14-sz4ROh2Jpsg27XA,muhammad-ali-jinnah-mausoleum-mazaar-e-quaid-jwxdpc,Muhammad Ali Jinnah Mausoleum (Mazaar e Quaid),heritage,"heritage,parks",https://www.google.com/maps/place/Muhammad+Ali+Jinnah+Mausoleum+%28Mazaar+e+Quaid%29/data=!4m7!3m6!1s0x3eb33e5e736977c1:0x70ed36c8a6891d3a!8m2!3d24.8753868!4d67.0409721!16zL20vMGI1azUz!19sChIJwXdpc14-sz4ROh2Jpsg27XA?authuser=0&hl=en&rclk=1,2026-06-30 01:27:43.983847+05:00,4.6,14764,+92 310 2448409,,"Muhammad Ali Jinnah Road Karachi, Central Jacob Lines Ghm, Pakistan",24.875386799999998,67.04097209999999
ChIJWeRaX1w5sz4RwaxuZt0i6Pk,muhammad-siddique-memon-scout-sports-complex-jwerax,Muhammad Siddique Memon Scout Sports Complex,futsal,"futsal,billiards,tennis",https://www.google.com/maps/place/Muhammad+Siddique+Memon+Scout+Sports+Complex/data=!4m7!3m6!1s0x3eb3395c5f5ae459:0xf9e822dd666eacc1!8m2!3d24.9407784!4d67.1060097!16s%2Fg%2F11rj3snfm9!19sChIJWeRaX1w5sz4RwaxuZt0i6Pk?authuser=0&hl=en&rclk=1,2026-06-30 01:27:43.983847+05:00,4.5,533,+92 330 2346564,https://sindhscout.org/sports-complex/,"Abyssenia Line Gulshan-e-Iqbal, Karachi, Pakistan",24.9407784,67.1060097
ChIJq6pqOT0-sz4RtIVIMWZhPDc,muhammadi-ground-jq6pqo,Muhammadi Ground,futsal,futsal,https://www.google.com/maps/place/Muhammadi+Ground/data=!4m7!3m6!1s0x3eb33e3d396aaaab:0x373c6166314885b4!8m2!3d24.8708441!4d67.0117392!16s%2Fg%2F11kj903mvq!19sChIJq6pqOT0-sz4RtIVIMWZhPDc?authuser=0&hl=en&rclk=1,2026-06-30 01:27:43.983847+05:00,4.1,19,+92 321 2638499,,"V2C6+8MQ Muhammadi Ground, Usmanabad Ghazi Nagar, Karachi, Pakistan",24.8708441,67.0117392
ChIJIzSubQA_sz4RreuanbC_xaY,muhammadi-sports-complex-jizsub,Muhammadi sports complex,box-cricket,box-cricket,https://www.google.com/maps/place/Muhammadi+sports+complex/data=!4m7!3m6!1s0x3eb33f006dae3423:0xa6c5bfb09d9aebad!8m2!3d24.9013125!4d67.0593125!16s%2Fg%2F11wq0fhwkg!19sChIJIzSubQA_sz4RreuanbC_xaY?authuser=0&hl=en&rclk=1,2026-06-30 01:27:43.983847+05:00,4.6,18,+92 320 1254712,,"W325+GPF Muhammadi sports complex, Qasim Abad Rafiqabad, Karachi, Pakistan",24.9013125,67.05931249999999
ChIJ0_NilqcVsz4RhALEVkE96dM,mulvi-usman-park-lyari-j0_nil,Mulvi Usman Park Lyari,futsal,futsal,https://www.google.com/maps/place/Mulvi+Usman+Park+Lyari/data=!4m7!3m6!1s0x3eb315a79662f3d3:0xd3e93d4156c40284!8m2!3d24.8689035!4d66.9960072!16s%2Fg%2F11j_t5z4rr!19sChIJ0_NilqcVsz4RhALEVkE96dM?authuser=0&hl=en&rclk=1,2026-06-30 01:27:43.983847+05:00,4.1,89,,,"VX9W+HC6 Mulvi Usman Park Lyari, Road Number 3, Chakiwara Rangiwara, Karachi, Pakistan",24.8689035,66.9960072
ChIJYXphZxA_sz4Ra1Ib38yw0-k,muneez-clay-arts-and-pottery-jyxphz,Muneez Clay Arts and pottery,pottery-art,pottery-art,https://www.google.com/maps/place/Muneez+Clay+Arts+and+pottery/data=!4m7!3m6!1s0x3eb33f1067617a61:0xe9d3b0ccdf1b526b!8m2!3d24.8446!4d66.9909429!16s%2Fg%2F11y7twnk_b!19sChIJYXphZxA_sz4Ra1Ib38yw0-k?authuser=0&hl=en&rclk=1,2026-06-30 01:27:43.983847+05:00,4.7,12,+92 324 9499430,,"Port Grand karachi, Port Grand Food St, West Wharf, Karachi, 74000, Pakistan",24.8446,66.9909429
ChIJsSRLs6w_sz4RwZgLmF9SSDU,muslim-gymkhana-park-jssrls,Muslim Gymkhana Park,padel,"padel,billiards,parks,swimming",https://www.google.com/maps/place/Muslim+Gymkhana+Park/data=!4m7!3m6!1s0x3eb33facb34b24b1:0x3548525f980b98c1!8m2!3d24.8512022!4d67.0214758!16s%2Fg%2F11rq8gjgwz!19sChIJsSRLs6w_sz4RwZgLmF9SSDU?authuser=0&hl=en&rclk=1,2026-06-30 01:27:43.983847+05:00,4.2,16,,,"V22C+FH Muslim Gymkhana Park, Civil Lines, Karachi, Pakistan",24.8512022,67.02147579999999
ChIJz1c8eas_sz4RB2pU0Y7onrM,muslim-gymkhana-snooker-room-jz1c8e,Muslim Gymkhana Snooker Room,billiards,billiards,https://www.google.com/maps/place/Muslim+Gymkhana+Snooker+Room/data=!4m7!3m6!1s0x3eb33fab793c57cf:0xb39ee88ed1546a07!8m2!3d24.8513102!4d67.020702!16s%2Fg%2F11spwkylkp!19sChIJz1c8eas_sz4RB2pU0Y7onrM?authuser=0&hl=en&rclk=1,2026-06-30 01:27:43.983847+05:00,4.8,12,,,"Shaheen Complex, M.R Kyani Rd, Civil Lines, Karachi, Pakistan",24.8513102,67.020702
ChIJoexxWEs9sz4RYrvbzGTM7CA,nbp-sports-joexxw,NBP Sports,tennis,tennis,https://www.google.com/maps/place/NBP+Sports/data=!4m7!3m6!1s0x3eb33d4b5871eca1:0x20eccc64ccdbbb62!8m2!3d24.8111094!4d67.0328107!16s%2Fg%2F11fk9yjmfx!19sChIJoexxWEs9sz4RYrvbzGTM7CA?authuser=0&hl=en&rclk=1,2026-06-30 01:27:43.983847+05:00,4.4,263,+92 21 35864610,https://www.nbp.com.pk/sports/SportsComplex.aspx,"R26M+C4V NBP Sports, Block 5 Old Clifton, Karachi, 75600, Pakistan",24.8111094,67.0328107
ChIJTShAva85sz4RIBbQPjTr1RY,npt-sc-football-ground-jtshav,NPT & SC Football Ground,futsal,futsal,https://www.google.com/maps/place/NPT+%26+SC+Football+Ground/data=!4m7!3m6!1s0x3eb339afbd40284d:0x16d5eb343ed01620!8m2!3d24.887629!4d67.0985507!16s%2Fg%2F11h7kw4nnw!19sChIJTShAva85sz4RIBbQPjTr1RY?authuser=0&hl=en&rclk=1,2026-06-30 01:27:43.983847+05:00,4.6,57,+92 320 9289282,,"V3QX+3C3 NPT & SC Football Ground, Karsaz Faisal Cantonment, Karachi, Pakistan",24.887629,67.09855069999999
ChIJIcKiyNM-sz4Rzpv6NuJXQLM,nsc-fustal-court-jickiy,NSC Fustal Court,futsal,futsal,https://www.google.com/maps/place/NSC+Fustal+Court/data=!4m7!3m6!1s0x3eb33ed3c8a2c221:0xb34057e236fa9bce!8m2!3d24.8967447!4d67.0893146!16s%2Fg%2F11c30v5_fp!19sChIJIcKiyNM-sz4Rzpv6NuJXQLM?authuser=0&hl=en&rclk=1,2026-06-30 01:27:43.983847+05:00,4.8,5,,,"V3WQ+MPW NSC Fustal Court, National Stadium Colony Army Officers Housing Society, Karachi, Pakistan",24.8967447,67.0893146
ChIJJSFsdSY-sz4Rm5Z_DZwFTcs,nabil-gabol-park-jjsfsd,Nabil Gabol Park,futsal,"futsal,parks",https://www.google.com/maps/place/Nabil+Gabol+Park/data=!4m7!3m6!1s0x3eb33e26756c2125:0xcb4d059c0d7f969b!8m2!3d24.8776875!4d67.0046875!16s%2Fg%2F11gzj15sw!19sChIJJSFsdSY-sz4Rm5Z_DZwFTcs?authuser=0&hl=en&rclk=1,2026-06-30 01:27:43.983847+05:00,3.8,392,+92 340 5581180,,"5 Mehrab Khan Essa Khan Rd, Noorani Colony, Karachi, Pakistan",24.8776875,67.0046875
ChIJcZ99BEAWsz4R-MvfjOY4C7U,napier-mole-boat-wharf-1914-jcz99b,Napier Mole Boat Wharf (1914),boating,boating,https://www.google.com/maps/place/Napier+Mole+Boat+Wharf+%281914%29/data=!4m7!3m6!1s0x3eb31640047d9f71:0xb50b38e68cdfcbf8!8m2!3d24.8412961!4d66.9882235!16s%2Fg%2F1tfq33qm!19sChIJcZ99BEAWsz4R-MvfjOY4C7U?authuser=0&hl=en&rclk=1,2026-06-30 01:27:43.983847+05:00,4.6,7,,,"East Wharf Karachi, Pakistan",24.841296099999997,66.9882235
ChIJx9mUVxoXsz4RaIe4LQlpmdU,naseebi-boat-jx9muv,Naseebi Boat,boating,boating,https://www.google.com/maps/place/Naseebi+Boat/data=!4m7!3m6!1s0x3eb3171a5794d9c7:0xd59969092db88768!8m2!3d24.8175808!4d66.9750038!16s%2Fg%2F11tnj2n5_6!19sChIJx9mUVxoXsz4RaIe4LQlpmdU?authuser=0&hl=en&rclk=1,2026-06-30 01:27:43.983847+05:00,4.7,9,+92 307 6301088,,"kemari, Harbour Gate No 01, Port Of Karachi, Karachi, Pakistan",24.817580799999998,66.9750038
ChIJy0bAPgs-sz4RsflZI1tPcd0,national-academy-of-performing-arts-napa-jy0bap,National Academy of Performing Arts(NAPA),pottery-art,pottery-art,https://www.google.com/maps/place/National+Academy+of+Performing+Arts%28NAPA%29/data=!4m7!3m6!1s0x3eb33e0b3ec046cb:0xdd714f5b2359f9b1!8m2!3d24.8521923!4d67.0212669!16zL20vMGJtZG0w!19sChIJy0bAPgs-sz4RsflZI1tPcd0?authuser=0&hl=en&rclk=1,2026-06-30 01:27:43.983847+05:00,4.6,276,+92 315 4560220,http://www.napa.org.pk/,"V22C+VGC National Academy of Performing Arts(NAPA), M.R Kyani Rd, Civil Lines, Karachi, Pakistan",24.8521923,67.0212669
ChIJW9Y_8gs-sz4RssxqSPWnQrI,national-museum-of-pakistan-jw9y_8,National Museum Of Pakistan,museums-galleries,"museums-galleries,heritage",https://www.google.com/maps/place/National+Museum+Of+Pakistan/data=!4m7!3m6!1s0x3eb33e0bf23fd65b:0xb242a7f5486accb2!8m2!3d24.8528561!4d67.017945!16zL20vMGg2azh6!19sChIJW9Y_8gs-sz4RssxqSPWnQrI?authuser=0&hl=en&rclk=1,2026-06-30 01:27:43.983847+05:00,4.3,1884,+92 21 99212840,,"Shahrah-e-Kemal Ataturk, Saddar Karachi, 75500, Pakistan",24.8528561,67.017945
ChIJO7LQL609sz4RpnNHlU_0wBU,national-fighter-football-ground-jo7lql,National fighter football ground,futsal,futsal,https://www.google.com/maps/place/National+fighter+football+ground/data=!4m7!3m6!1s0x3eb33dad2fd0b23b:0x15c0f44f954773a6!8m2!3d24.8449716!4d67.0494541!16s%2Fg%2F11h3g56zsb!19sChIJO7LQL609sz4RpnNHlU_0wBU?authuser=0&hl=en&rclk=1,2026-06-30 01:27:43.983847+05:00,4.1,10,,,"Railway Colony Pakistan Railways Housing Society Karachi Cantonment, Karachi, Pakistan",24.844971599999997,67.04945409999999
ChIJuWeO3IYXsz4RlatbR7KzqSg,native-jetty-old-boating-and-view-point-juweo3,Native jetty old boating and view point,boating,boating,https://www.google.com/maps/place/Native+jetty+old+boating+and+view+point/data=!4m7!3m6!1s0x3eb31786dc8e67b9:0x28a9b3b2475bab95!8m2!3d24.8408068!4d66.9891599!16s%2Fg%2F11ng7117n7!19sChIJuWeO3IYXsz4RlatbR7KzqSg?authuser=0&hl=en&rclk=1,2026-06-30 01:27:43.983847+05:00,4.4,127,,,"RXRQ+8MF Native jetty old boating and view point, East Wharf Karachi, Pakistan",24.8408068,66.98915989999999
ChIJAee0NvMVsz4RdfDIrqAEVwQ,nawab-11-football-club-jaee0n,Nawab 11 Football Club,futsal,futsal,https://www.google.com/maps/place/Nawab+11+Football+Club/data=!4m7!3m6!1s0x3eb315f336b4e701:0x45704a0aec8f075!8m2!3d24.8653974!4d66.990989!16s%2Fg%2F11c719qdrg!19sChIJAee0NvMVsz4RdfDIrqAEVwQ?authuser=0&hl=en&rclk=1,2026-06-30 01:27:43.983847+05:00,4.3,15,+92 32225252,,"VX8R+595 Nawab 11 Football Club, Baloch Garage, Street, Shah Baig Line Ali Mohalla, Karachi, Pakistan",24.8653974,66.990989
ChIJFYYmP0VAsz4RO6Yr8w6I63A,naya-nazimabad-cricket-ground-jfyymp,Naya Nazimabad Cricket Ground,box-cricket,box-cricket,https://www.google.com/maps/place/Naya+Nazimabad+Cricket+Ground/data=!4m7!3m6!1s0x3eb340453f268615:0x70eb880ef32ba63b!8m2!3d24.9713537!4d67.0371318!16s%2Fg%2F11c0rtz2yk!19sChIJFYYmP0VAsz4RO6Yr8w6I63A?authuser=0&hl=en&rclk=1,2026-06-30 01:27:43.983847+05:00,4.6,1930,+92 21 111 511 611,http://www.nayanazimabad.com/,"X2CP+GVR Naya Nazimabad Cricket Ground, Naya Nazimabad Gadap, Karachi, Karachi City, Sindh super, Naya Nazimabad Gadap Town, Karachi, Pakistan",24.971353699999998,67.0371318
ChIJyd3I0YVAsz4RPmOGtKZiqU8,nazeer-hussain-young-fighter-ground-jyd3i0,Nazeer Hussain Young Fighter Ground.,box-cricket,box-cricket,https://www.google.com/maps/place/Nazeer+Hussain+Young+Fighter+Ground./data=!4m7!3m6!1s0x3eb34085d1c8ddc9:0x4fa962a6b486633e!8m2!3d24.9520213!4d67.0534521!16s%2Fg%2F1ttdlggq!19sChIJyd3I0YVAsz4RPmOGtKZiqU8?authuser=0&hl=en&rclk=1,2026-06-30 01:27:43.983847+05:00,4.2,587,+92 312 2526837,,"X323+R94 Nazeer Hussain Young Fighter Ground., Unnamed Road, Block J North Nazimabad Town, Karachi, Pakistan",24.9520213,67.0534521
ChIJS1czcaM_sz4RnVDUwA1lC50,nazimabad-club-js1czc,Nazimabad Club,box-cricket,"box-cricket,tennis",https://www.google.com/maps/place/Nazimabad+Club/data=!4m7!3m6!1s0x3eb33fa37133574b:0x9d0b650dc0d4509d!8m2!3d24.9133399!4d67.0371282!16s%2Fg%2F1tjcmy9g!19sChIJS1czcaM_sz4RnVDUwA1lC50?authuser=0&hl=en&rclk=1,2026-06-30 01:27:43.983847+05:00,4.3,84,+92 341 3468422,,"W27P+8VJ Nazimabad Club, Nazimabad No. 4 Block 4 Nazimabad, Karachi, 74600, Pakistan",24.9133399,67.0371282
ChIJ4XkXcr0_sz4Rl3p0AlO6pi0,nazimabad-gymkhana-cricket-ground-j4xkxc,Nazimabad Gymkhana Cricket Ground,box-cricket,box-cricket,https://www.google.com/maps/place/Nazimabad+Gymkhana+Cricket+Ground/data=!4m7!3m6!1s0x3eb33fbd721779e1:0x2da6ba5302747a97!8m2!3d24.9165102!4d67.0321054!16s%2Fg%2F1tfbwyjc!19sChIJ4XkXcr0_sz4Rl3p0AlO6pi0?authuser=0&hl=en&rclk=1,2026-06-30 01:27:43.983847+05:00,4.1,1060,,,"Surat House, Nawab Siddique Ali Khan Rd, Nazimabad No. 4 Block 4 Nazimabad, Karachi, 74600, Pakistan",24.916510199999998,67.03210539999999
ChIJ-bOK2MA4sz4R7WlKnQgETC0,night-out-cafe-and-restaurant-j-bok2,Night Out Cafe and Restaurant,shisha,shisha,https://www.google.com/maps/place/Night+Out+Cafe+and+Restaurant/data=!4m7!3m6!1s0x3eb338c0d88ab3f9:0x2d4c04089d4a69ed!8m2!3d24.9275625!4d67.1129375!16s%2Fg%2F11g8ch63vj!19sChIJ-bOK2MA4sz4R7WlKnQgETC0?authuser=0&hl=en&rclk=1,2026-06-30 01:27:43.983847+05:00,4.0,285,+92 321 5996049,,"Block 1 Gulistan-e-Johar, Karachi, Pakistan",24.9275625,67.1129375
ChIJX89xMEQ8sz4R0TYSaBPEgcM,nisar-shaheed-park-jx89xm,Nisar Shaheed Park,parks,parks,https://www.google.com/maps/place/Nisar+Shaheed+Park/data=!4m7!3m6!1s0x3eb33c443071cf5f:0xc381c413681236d1!8m2!3d24.8267288!4d67.0620502!16s%2Fg%2F11crzf2c_h!19sChIJX89xMEQ8sz4R0TYSaBPEgcM?authuser=0&hl=en&rclk=1,2026-06-30 01:27:43.983847+05:00,4.4,7596,,,"D.H.A. Phase 4 Phase 4 Defence Housing Authority, Karachi, 75500, Pakistan",24.826728799999998,67.0620502
ChIJP3j250I-sz4Rp5JFz6MGqcw,nishtar-park-jp3j25,Nishtar Park,parks,parks,https://www.google.com/maps/place/Nishtar+Park/data=!4m7!3m6!1s0x3eb33e42e7f6783f:0xcca906a3cf4592a7!8m2!3d24.8747057!4d67.0332708!16zL20vMDlsdHI0!19sChIJP3j250I-sz4Rp5JFz6MGqcw?authuser=0&hl=en&rclk=1,2026-06-30 01:27:43.983847+05:00,4.2,5209,,,"Shahnawaz Bhutto Rd, Soldier Bazaar Jamshed Town, Karachi, Pakistan",24.8747057,67.0332708
ChIJ7y85zFE_sz4R4oKu0fftCi8,north-city-school-of-art-j7y85z,North City School of Art,pottery-art,pottery-art,https://www.google.com/maps/place/North+City+School+of+Art/data=!4m7!3m6!1s0x3eb33f51cc392fef:0x2f0aedf7d1ae82e2!8m2!3d24.9354668!4d67.0462938!16s%2Fg%2F11gjs0n0v2!19sChIJ7y85zFE_sz4R4oKu0fftCi8?authuser=0&hl=en&rclk=1,2026-06-30 01:27:43.983847+05:00,4.6,189,+92 334 3487466,,"Unit No: S1-3rd Floor, North City School of Art, B:69, |, Hyderi Market, Sir Syed Ahmed Rd, Block H North Nazimabad Town, Karachi, 74700, Pakistan",24.9354668,67.0462938
ChIJ1_xI60U_sz4RON-rYVOoWC0,north-city-school-of-art-jamshed-road-j1_xi6,North City School of Art Jamshed Road,pottery-art,pottery-art,https://www.google.com/maps/place/North+City+School+of+Art+Jamshed+Road/data=!4m7!3m6!1s0x3eb33f45eb48fcd7:0x2d58a85361abdf38!8m2!3d24.8858303!4d67.0522878!16s%2Fg%2F11r10vrj5l!19sChIJ1_xI60U_sz4RON-rYVOoWC0?authuser=0&hl=en&rclk=1,2026-06-30 01:27:43.983847+05:00,4.8,29,+92 322 8928925,,"Al Mustufa Arcade Central Jail Jamshad Rd, near Khalid Sweet, Shikarpur Colony, Karachi, 75950, Pakistan",24.8858303,67.0522878
ChIJxz8TzOxAsz4RX7v_nEf23ck,north-karachi-gym-club-swimming-pool-jxz8tz,North Karachi Gym Club & Swimming Pool,swimming,"swimming,billiards",https://www.google.com/maps/place/North+Karachi+Gym+Club+%26+Swimming+Pool/data=!4m7!3m6!1s0x3eb340eccc133fc7:0xc9ddf6479cffbb5f!8m2!3d24.9677188!4d67.0624979!16s%2Fg%2F11b6j9p32y!19sChIJxz8TzOxAsz4RX7v_nEf23ck?authuser=0&hl=en&rclk=1,2026-06-30 01:27:43.983847+05:00,4.1,777,+92 333 0415200,https://www.facebook.com/share/174uX6aUpv/,"beside Sir Syed Police Station and Syeda Academy, Sector 11-C/1 Sector 11 C 1 North Karachi, Karachi, Pakistan",24.9677188,67.0624979
ChIJq6pGioNAsz4R0b9CyI96cZs,north-nazimabad-gymkhana-jq6pgi,North Nazimabad Gymkhana,box-cricket,"box-cricket,billiards",https://www.google.com/maps/place/North+Nazimabad+Gymkhana/data=!4m7!3m6!1s0x3eb340838a46aaab:0x9b717a8fc842bfd1!8m2!3d24.9314437!4d67.0486214!16s%2Fg%2F1tdbv6_r!19sChIJq6pGioNAsz4R0b9CyI96cZs?authuser=0&hl=en&rclk=1,2026-06-30 01:27:43.983847+05:00,4.2,1327,+92 343 7622045,https://www.facebook.com/northnazimabadgymkhanaofficial?mibextid=ZbWKwL,"W2JX+XHR North Nazimabad Gymkhana, Sports Complex، Block G North Nazimabad Town, Karachi, 74700, Pakistan",24.9314437,67.0486214
ChIJ____v30_sz4RWGycda6ytdg,north-younger-football-club-j____v,North Younger Football Club,futsal,futsal,https://www.google.com/maps/place/North+Younger+Football+Club/data=!4m7!3m6!1s0x3eb33f7dbfffffff:0xd8b5b2ae759c6c58!8m2!3d24.9417902!4d67.0539059!16s%2Fg%2F11c6pvqngk!19sChIJ____v30_sz4RWGycda6ytdg?authuser=0&hl=en&rclk=1,2026-06-30 01:27:43.983847+05:00,4.0,21,+92 300 2191758,,"W3R3+PH6 North Younger Football Club, Block L North Nazimabad Town, Karachi, Pakistan",24.9417902,67.0539059
ChIJh7fVFps_sz4RlvlUsRXugy8,nueplex-cinemas-askari-iv-jh7fvf,Nueplex Cinemas - Askari IV,cinemas,cinemas,https://www.google.com/maps/place/Nueplex+Cinemas+-+Askari+IV/data=!4m7!3m6!1s0x3eb33f9b16d5b787:0x2f83ee15b154f996!8m2!3d24.8995649!4d67.1167719!16s%2Fg%2F11f6f__wn6!19sChIJh7fVFps_sz4RlvlUsRXugy8?authuser=0&hl=en&rclk=1,2026-06-30 01:27:43.983847+05:00,4.4,11159,+92 21 111 683 683,http://www.nueplex.com/,"Nueplex Cinemas, Main Rashid Minhas Rd, Askari IV Askari 4, Karachi, 75300, Pakistan",24.899564899999998,67.1167719
ChIJ5e8gwKg8sz4Rxgw3UyXZem0,nueplex-cinemas-dha-j5e8gw,Nueplex Cinemas - DHA,cinemas,cinemas,https://www.google.com/maps/place/Nueplex+Cinemas+-+DHA/data=!4m7!3m6!1s0x3eb33ca8c020efe5:0x6d7ad92553370cc6!8m2!3d24.779278!4d67.0898634!16s%2Fm%2F0zdq89_!19sChIJ5e8gwKg8sz4Rxgw3UyXZem0?authuser=0&hl=en&rclk=1,2026-06-30 01:27:43.983847+05:00,4.5,14787,+92 21 111 683 683,http://www.nueplex.com/,"The Place, Khayaban-e-Shaheen, D.H.A. Phase 8 Zone B Phase 8 Defence Housing Authority, Karachi, 75500, Pakistan",24.779277999999998,67.0898634
ChIJMxEe45M8sz4RhfY-9FQlyoQ,nursery-futsal-court-jmxee4,Nursery Futsal Court,futsal,futsal,https://www.google.com/maps/place/Nursery+Futsal+Court/data=!4m7!3m6!1s0x3eb33c93e31e1133:0x84ca2554f43ef685!8m2!3d24.7963735!4d67.0760567!16s%2Fg%2F11dxkwg4x1!19sChIJMxEe45M8sz4RhfY-9FQlyoQ?authuser=0&hl=en&rclk=1,2026-06-30 01:27:43.983847+05:00,4.4,76,+92 335 2386627,,"Q3WG+GCV Nursery Futsal Court, D.H.A. Phase 8 Zone A Phase 8 Defence Housing Authority, Karachi, 75500, Pakistan",24.796373499999998,67.0760567
ChIJhb25Jrg9sz4R8hSscYafAQk,ocean-art-galleries-artist-paintings-calligraphy-in-karachi-jhb25j,OCEAN ART GALLERIES - Artist Paintings & Calligraphy In Karachi,museums-galleries,museums-galleries,https://www.google.com/maps/place/OCEAN+ART+GALLERIES+-+Artist+Paintings+%26+Calligraphy+In+Karachi/data=!4m7!3m6!1s0x3eb33db826b9bd85:0x9019f8671ac14f2!8m2!3d24.8262316!4d67.0339932!16s%2Fg%2F11cm15z68r!19sChIJhb25Jrg9sz4R8hSscYafAQk?authuser=0&hl=en&rclk=1,2026-06-30 01:27:43.983847+05:00,4.3,80,+92 305 2525661,https://oceangalleriespk.com/,"Block, OCEAN ART GALLERIES - Artist Paintings & Calligraphy In Karachi, Seagull Apartments, Shop No 8-9, 5 5th Street, Block 5 Clifton, Karachi, 75600, Pakistan",24.8262316,67.0339932
ChIJs0IrAQA_sz4RRcf0nkCAe-0,ora-gym-padel-js0ira,ORA Gym & Padel,padel,padel,https://www.google.com/maps/place/ORA+Gym+%26+Padel/data=!4m7!3m6!1s0x3eb33f00012b42b3:0xed7b80409ef4c745!8m2!3d24.8661424!4d67.0573815!16s%2Fg%2F11xrvm9dnn!19sChIJs0IrAQA_sz4RRcf0nkCAe-0?authuser=0&hl=en&rclk=1,2026-06-30 01:27:43.983847+05:00,4.4,50,+92 335 6720222,http://ora.fitness/,"Plot no 174/F, ORA Gym & Padel, 174/J، P.E.C.H.S Block 2 Block 2 P.E.C.H.S., Karachi, Pakistan",24.866142399999998,67.05738149999999
ChIJmeM0M8s_sz4RYv8md4ET4VA,old-golimar-football-stadium-jmem0m,Old Golimar Football Stadium,futsal,futsal,https://www.google.com/maps/place/Old+Golimar+Football+Stadium/data=!4m7!3m6!1s0x3eb33fcb3334e399:0x50e113817726ff62!8m2!3d24.892827!4d67.0181552!16s%2Fg%2F11xdf2xmm!19sChIJmeM0M8s_sz4RYv8md4ET4VA?authuser=0&hl=en&rclk=1,2026-06-30 01:27:43.983847+05:00,4.3,67,,,"V2V9+47J Old Golimar Football Stadium, Rexir Colony, Garden East, Karachi, Sindh, Sindh Industrial Trading Estate, Pakistan",24.892827,67.0181552
ChIJnboH52k7sz4RMzNrvoZkvh0,omni-karting-circuit-jnboh5,Omni Karting Circuit,karting,karting,https://www.google.com/maps/place/Omni+Karting+Circuit/data=!4m7!3m6!1s0x3eb33b69e707ba9d:0x1dbe6486be6b3333!8m2!3d24.7907765!4d67.1227892!16s%2Fg%2F11pxwysrjj!19sChIJnboH52k7sz4RMzNrvoZkvh0?authuser=0&hl=en&rclk=1,2026-06-30 01:27:43.983847+05:00,4.3,1263,+92 304 6664652,http://facebook.com/omnikartingcircuit/,"Circuit Rd, Korangi Creek, Karachi, Pakistan",24.7907765,67.1227892
ChIJK9U9sE4_sz4RUSl-JipJMtU,onederland-jk9u9s,Onederland,arcades,"arcades,vr",https://www.google.com/maps/place/Onederland/data=!4m7!3m6!1s0x3eb33f4eb03dd52b:0xd532492a267e2951!8m2!3d24.9328993!4d67.0873137!16s%2Fg%2F11dd_v5rp3!19sChIJK9U9sE4_sz4RUSl-JipJMtU?authuser=0&hl=en&rclk=1,2026-06-30 01:27:43.983847+05:00,4.4,4483,+92 21 36377126,http://onederland.com.pk/,"LA-2/B, Rashid Minhas Rd, opp. UBL Sports Complex, Block 21 Gulberg Town, Karachi, Pakistan",24.9328993,67.0873137
ChIJWzVtgN44sz4RL28xi4-pN5E,overseas-football-club-jwzvtg,Overseas Football Club,futsal,futsal,https://www.google.com/maps/place/Overseas+Football+Club/data=!4m7!3m6!1s0x3eb338de806d355b:0x9137a98f8b316f2f!8m2!3d24.9137629!4d67.1149196!16s%2Fg%2F11cs3cbg1s!19sChIJWzVtgN44sz4RL28xi4-pN5E?authuser=0&hl=en&rclk=1,2026-06-30 01:27:43.983847+05:00,4.2,39,+92 320 2009726,,"H-Block, Overseas Football Club, Overseas Football Stadium, KDA Overseas Bungalows, Block B Block 16 A Gulistan-e-Johar, Karachi, Pakistan",24.9137629,67.1149196
ChIJ4-vg9So7sz4RJEmqiWp5miY,paf-yacht-club-j4-vg9,PAF Yacht Club,boating,boating,https://www.google.com/maps/place/PAF+Yacht+Club/data=!4m7!3m6!1s0x3eb33b2af5e0ebe3:0x269a796a89aa4924!8m2!3d24.7817059!4d67.1368782!16s%2Fg%2F1tk6td0h!19sChIJ4-vg9So7sz4RJEmqiWp5miY?authuser=0&hl=en&rclk=1,2026-06-30 01:27:43.983847+05:00,4.6,505,+92 324 2361188,,"PAF Colony Paf Colony Korangi Creek, Karachi, Pakistan",24.7817059,67.1368782
ChIJQ7BCGQA_sz4RBm6pD3QAk-E,poonabhai-mamaiya-tower-jq7bcg,POONABHAI MAMAIYA TOWER,heritage,heritage,https://www.google.com/maps/place/POONABHAI+MAMAIYA+TOWER/data=!4m7!3m6!1s0x3eb33f001942b043:0xe19300740fa96e06!8m2!3d24.863727!4d67.0138992!16s%2Fg%2F11m6rytn9f!19sChIJQ7BCGQA_sz4RBm6pD3QAk-E?authuser=0&hl=en&rclk=1,2026-06-30 01:27:43.983847+05:00,4.4,8,,,"V277+FHR POONABHAI MAMAIYA TOWER, Ranchore Line Bazaar, Narayan Pura Ranchore Lane, Karachi, Pakistan",24.863726999999997,67.0138992
ChIJ110-VwA_sz4REs53rVo-CAo,padel-club-j110-v,Padel Club,padel,padel,https://www.google.com/maps/place/Padel+Club/data=!4m7!3m6!1s0x3eb33f00573e5dd7:0xa083e5aad77ce12!8m2!3d24.871973!4d67.0784278!16s%2Fg%2F11x1y6kdrp!19sChIJ110-VwA_sz4REs53rVo-CAo?authuser=0&hl=en&rclk=1,2026-06-30 01:27:43.983847+05:00,4.5,89,+92 330 2155556,,"Plot no.25 Block, Padel Club, 7, Dehli Mercantile Co-Operative Housing Society. Karachi Memon Society Karachi, Pakistan",24.871973,67.0784278
ChIJV_1ObgA5sz4RdEn5TBt18r0,padel-court-askari-iv-parallel-lifestyle-jv_1ob,Padel Court - Askari-IV (Parallel Lifestyle),padel,padel,https://www.google.com/maps/place/Padel+Court+-+Askari-IV+%28Parallel+Lifestyle%29/data=!4m7!3m6!1s0x3eb339006e4efd57:0xbdf2751b4cf94974!8m2!3d24.9007511!4d67.1211876!16s%2Fg%2F11wx68nxzq!19sChIJV_1ObgA5sz4RdEn5TBt18r0?authuser=0&hl=en&rclk=1,2026-06-30 01:27:43.983847+05:00,4.4,11,+92 328 3082012,http://www.parallellifestyle.co/,"W42C+CCJ Padel Court - Askari-IV (Parallel Lifestyle), Askari IV Askari 4, Karachi, Pakistan",24.900751099999997,67.1211876
ChIJ__5xfQA7sz4RKcQ7AQPrblo,padel-factory-j__5xf,Padel Factory,padel,padel,https://www.google.com/maps/place/Padel+Factory/data=!4m7!3m6!1s0x3eb33b007d71feff:0x5a6eeb03013bc429!8m2!3d24.8330952!4d67.0963782!16s%2Fg%2F11ltp6c_v_!19sChIJ__5xfQA7sz4RKcQ7AQPrblo?authuser=0&hl=en&rclk=1,2026-06-30 01:27:43.983847+05:00,4.6,28,+92 333 3299760,,"21/3, Sector No. 22 Sector 22 Sector 22Industrial Area, Karachi, 74900, Pakistan",24.8330952,67.0963782
ChIJLW9-fAA5sz4R6ZLtpPIfwRQ,padel-field-jauhar-jlw9-f,Padel Field Jauhar,padel,padel,https://www.google.com/maps/place/Padel+Field+Jauhar/data=!4m7!3m6!1s0x3eb339007c7e6f2d:0x14c11ff2a4ed92e9!8m2!3d24.9182501!4d67.130055!16s%2Fg%2F11ydlb94pk!19sChIJLW9-fAA5sz4R6ZLtpPIfwRQ?authuser=0&hl=en&rclk=1,2026-06-30 01:27:43.983847+05:00,3.7,23,+92 316 7095999,,"W49J+839 Padel Field Jauhar, Afzal St, Block 14 Gulistan-e-Johar, Karachi, Pakistan",24.918250099999998,67.130055
ChIJY4IRUv09sz4R8rbA7CNcDoc,padel-fix-jy4iru,Padel Fix,padel,padel,https://www.google.com/maps/place/Padel+Fix/data=!4m7!3m6!1s0x3eb33dfd52118263:0x870e5c23ecc0b6f2!8m2!3d24.8008169!4d67.0767241!16s%2Fg%2F11ywyz46tr!19sChIJY4IRUv09sz4R8rbA7CNcDoc?authuser=0&hl=en&rclk=1,2026-06-30 01:27:43.983847+05:00,4.7,10,+92 300 7235349,https://playpro.pk/club/s03dNIQ?privacytype=0&ref=25088,"DA Creek Club, Gate 5, D.H.A. Phase 8 Zone A Phase 8 Defence Housing Authority, Karachi, 70500, Pakistan",24.800816899999997,67.07672409999999
ChIJR1zv_KA_sz4Rm1tZgeaWTnw,padel-gardens-jr1zv_,Padel Gardens,padel,padel,https://www.google.com/maps/place/Padel+Gardens/data=!4m7!3m6!1s0x3eb33fa0fcef5c47:0x7c4e96e681595b9b!8m2!3d24.917717!4d67.0745282!16s%2Fg%2F11xl_ymndl!19sChIJR1zv_KA_sz4Rm1tZgeaWTnw?authuser=0&hl=en&rclk=1,2026-06-30 01:27:43.983847+05:00,4.7,40,+92 309 1150514,,"Plot # 2, Padel Gardens, Block 8, adjacent Shamim Gardens, Federal B Area Gulshan e Shamim, Karachi, 75210, Pakistan",24.917717,67.0745282
ChIJ6egOPSs9sz4R-BuRhhNSC6E,padel-grid-j6egop,Padel Grid,padel,padel,https://www.google.com/maps/place/Padel+Grid/data=!4m7!3m6!1s0x3eb33d2b3d0ee8e9:0xa10b521386911bf8!8m2!3d24.8362015!4d67.0568197!16s%2Fg%2F11z0whtqjp!19sChIJ6egOPSs9sz4R-BuRhhNSC6E?authuser=0&hl=en&rclk=1,2026-06-30 01:27:43.983847+05:00,4.8,20,+92 324 3151975,,"2 S Central Ave, Phase Phase 2 Defence Housing Authority, Karachi, 75500, Pakistan",24.836201499999998,67.05681969999999
ChIJT8Iekrs7sz4R3Czt6UdTFkg,padel-grove-jt8iek,Padel Grove,padel,padel,https://www.google.com/maps/place/Padel+Grove/data=!4m7!3m6!1s0x3eb33bbb921ec24f:0x48165347e9ed2cdc!8m2!3d24.8130563!4d67.1226584!16s%2Fg%2F11ynb_fn7s!19sChIJT8Iekrs7sz4R3Czt6UdTFkg?authuser=0&hl=en&rclk=1,2026-06-30 01:27:43.983847+05:00,5.0,13,+92 331 3347693,https://padelgrovepk.com/,"Hyderi Industrial Trading Estate, Plot # 19-A, Survey #85, 47 Korangi Creek Rd, Korangi Creek, Karachi, Pakistan",24.8130563,67.12265839999999
ChIJwV2FBgA_sz4Rh9TzbtEyE2U,padel-pulse-jwv2fb,Padel Pulse,padel,padel,https://www.google.com/maps/place/Padel+Pulse/data=!4m7!3m6!1s0x3eb33f0006855dc1:0x651332d16ef3d487!8m2!3d24.9177724!4d67.0832806!16s%2Fg%2F11w_t8r8m7!19sChIJwV2FBgA_sz4Rh9TzbtEyE2U?authuser=0&hl=en&rclk=1,2026-06-30 01:27:43.983847+05:00,4.4,57,+92 325 0723355,https://padelpulse.pk/,"D 10, Padel Pulse, Block 13D-1 Block 13 D 1 Gulshan-e-Iqbal, Karachi, Pakistan",24.9177724,67.0832806
ChIJi3zjfx49sz4Ra7zO8SYgQg4,padel-reserve-ji3zjf,Padel Reserve,padel,padel,https://www.google.com/maps/place/Padel+Reserve/data=!4m7!3m6!1s0x3eb33d1e7fe37c8b:0xe422026f1cebc6b!8m2!3d24.8032087!4d67.0304905!16s%2Fg%2F11stvbs87c!19sChIJi3zjfx49sz4Ra7zO8SYgQg4?authuser=0&hl=en&rclk=1,2026-06-30 01:27:43.983847+05:00,4.7,13,+92 306 1345555,https://wa.me/message/U2WNLRC3SVXAN1,"opposite Hyper Star Tower, Block 4 Clifton, Karachi, 75500, Pakistan",24.8032087,67.0304905
ChIJTek-mb09sz4R7hGihrC19nM,padel-station-jtek-m,Padel Station,padel,padel,https://www.google.com/maps/place/Padel+Station/data=!4m7!3m6!1s0x3eb33dbd993ee94d:0x73f6b5b086a211ee!8m2!3d24.845242!4d67.0383894!16s%2Fg%2F11zjpd1q1_!19sChIJTek-mb09sz4R7hGihrC19nM?authuser=0&hl=en&rclk=1,2026-06-30 01:27:43.983847+05:00,4.6,38,+92 339 7828466,https://www.instagram.com/padel.stationpk?igsh=MTFlc2RxdHY3YTNrYQ==,"2/197 DOHS, minwala, School Rd, Karachi Cantonment Askari 2 Karachi Cantonment, Karachi, Pakistan",24.845242,67.0383894
ChIJZVVQQ8o5sz4R9wIAXEj5ecc,padel-up-jzvvqq,Padel Up,padel,padel,https://www.google.com/maps/place/Padel+Up/data=!4m7!3m6!1s0x3eb339ca43505565:0xc779f9485c0002f7!8m2!3d24.9120154!4d67.1020963!16s%2Fg%2F11wy75yq2v!19sChIJZVVQQ8o5sz4R9wIAXEj5ecc?authuser=0&hl=en&rclk=1,2026-06-30 01:27:43.983847+05:00,4.6,21,+92 370 1132732,,"5-A, Block 10 Gulshan-e-Iqbal, Karachi, 75300, Pakistan",24.912015399999998,67.1020963
ChIJL0-hIAA9sz4R-HM4i66q_yY,padel-x-jl0-hi,Padel X,padel,padel,https://www.google.com/maps/place/Padel+X/data=!4m7!3m6!1s0x3eb33d0020a14f2f:0x26ffaaae8b3873f8!8m2!3d24.8162336!4d67.0140756!16s%2Fg%2F11yddglvkh!19sChIJL0-hIAA9sz4R-HM4i66q_yY?authuser=0&hl=en&rclk=1,2026-06-30 01:27:43.983847+05:00,4.5,87,+92 300 7233591,https://www.instagram.com/padelxpakistan?igsh=d2pwZzNqZm9qNWpn,"R277+R86 Padel X, Block 2 Clifton, Karachi, Pakistan",24.8162336,67.0140756
ChIJ3WFGfAA_sz4RINHoz3Ze7vc,padel-at-arena-j3wfgf,Padel at Arena,padel,"padel,box-cricket",https://www.google.com/maps/place/Padel+at+Arena/data=!4m7!3m6!1s0x3eb33f007c4661dd:0xf7ee5e76cfe8d120!8m2!3d24.8873416!4d67.0900331!16s%2Fg%2F11vqsf8q21!19sChIJ3WFGfAA_sz4RINHoz3Ze7vc?authuser=0&hl=en&rclk=1,2026-06-30 01:27:43.983847+05:00,3.2,18,,,"V3PQ+XXR Padel at Arena, Karsaz Faisal Cantonment, Karachi, Pakistan",24.8873416,67.0900331
ChIJv_hgZgA5sz4RSbqGFFQL7jc,padel-at-courtside-jv_hgz,Padel at CourtSide,padel,padel,https://www.google.com/maps/place/Padel+at+CourtSide/data=!4m7!3m6!1s0x3eb339006660f8bf:0x37ee0b541486ba49!8m2!3d24.919158!4d67.1251781!16s%2Fg%2F11xtf2vxxp!19sChIJv_hgZgA5sz4RSbqGFFQL7jc?authuser=0&hl=en&rclk=1,2026-06-30 01:27:43.983847+05:00,4.4,29,+92 335 3966509,,"161, Block 14 Gulistan-e-Johar, Karachi, 75290, Pakistan",24.919158,67.1251781
ChIJLcIUXgA_sz4Rz1Rom8Eat3o,padel-at-courtx-jlciux,Padel at CourtX,padel,padel,https://www.google.com/maps/place/Padel+at+CourtX/data=!4m7!3m6!1s0x3eb33f005e14c22d:0x7ab71ac19b6854cf!8m2!3d24.8670157!4d67.0670864!16s%2Fg%2F11wx9gfqkg!19sChIJLcIUXgA_sz4Rz1Rom8Eat3o?authuser=0&hl=en&rclk=1,2026-06-30 01:27:43.983847+05:00,4.1,8,+92 332 8210734,,"V388+RR4 Padel at CourtX, Dr. Mahmood Husain Road, Block-6 Block 6 P.E.C.H.S., Karachi, Pakistan",24.8670157,67.0670864
ChIJN3aGHwA_sz4RJGfeyavNsOs,padel-at-jkc-jn3agh,Padel at JKC,padel,padel,https://www.google.com/maps/place/Padel+at+JKC/data=!4m7!3m6!1s0x3eb33f001f867637:0xebb0cdabc9de6724!8m2!3d24.8776668!4d67.0519658!16s%2Fg%2F11y28m6sf2!19sChIJN3aGHwA_sz4RJGfeyavNsOs?authuser=0&hl=en&rclk=1,2026-06-30 01:27:43.983847+05:00,4.6,14,+92 300 1172335,,"Jehangir Khan Squash Complex, Muslimabad, Karachi, Pakistan",24.8776668,67.05196579999999
ChIJrQbtTQA_sz4RioPhln4VHoo,padel-at-match-point-jrqbtt,Padel at Match Point,padel,padel,https://www.google.com/maps/place/Padel+at+Match+Point/data=!4m7!3m6!1s0x3eb33f004ded06ad:0x8a1e157e96e1838a!8m2!3d24.8747079!4d67.0640394!16s%2Fg%2F11mcw1bw3j!19sChIJrQbtTQA_sz4RioPhln4VHoo?authuser=0&hl=en&rclk=1,2026-06-30 01:27:43.983847+05:00,4.5,82,+92 314 0867867,,"V3G7+2FF Padel at Match Point, Delhi Mercantile Society P.E.C.H.S., Karachi, Pakistan",24.8747079,67.0640394
ChIJn6yi1PM_sz4RKsMtdZWa_8Y,padel-flick-jn6yi1,Padel flick,padel,padel,https://www.google.com/maps/place/Padel+flick/data=!4m7!3m6!1s0x3eb33ff3d4a2ac9f:0xc6ff9a95752dc32a!8m2!3d24.8802308!4d67.0700112!16s%2Fg%2F11yvgyd96s!19sChIJn6yi1PM_sz4RKsMtdZWa_8Y?authuser=0&hl=en&rclk=1,2026-06-30 01:27:43.983847+05:00,4.1,39,+92 301 3928092,https://padelflick.pk/,"Plot 389 Alamgir Rd, Delhi Mercantile Society Karachi, 76600, Pakistan",24.8802308,67.0700112
ChIJg7BlMQA7sz4Rw5glwQJwf2A,padelverse-jg7blm,Padelverse,padel,padel,https://www.google.com/maps/place/Padelverse/data=!4m7!3m6!1s0x3eb33b003165b083:0x607f7002c12598c3!8m2!3d24.8426317!4d67.0957733!16s%2Fg%2F11lv5y1cr1!19sChIJg7BlMQA7sz4Rw5glwQJwf2A?authuser=0&hl=en&rclk=1,2026-06-30 01:27:43.983847+05:00,4.5,96,+92 333 9072335,http://www.padelverse.net/,"5 Cosway Street, Sector Sector 5 Korangi, Karachi, 74900, Pakistan",24.8426317,67.09577329999999
ChIJj5SCu_8_sz4Rx0AfycxtoSs,pak-colony-cricket-and-football-ground-and-play-area-jj5scu,Pak colony cricket and football ground and play area,futsal,futsal,https://www.google.com/maps/place/Pak+colony+cricket+and+football+ground+and+play+area/data=!4m7!3m6!1s0x3eb33fffbb82948f:0x2ba16dccc91f40c7!8m2!3d24.9016062!4d67.019664!16s%2Fg%2F11s9dfhqyz!19sChIJj5SCu_8_sz4Rx0AfycxtoSs?authuser=0&hl=en&rclk=1,2026-06-30 01:27:43.983847+05:00,4.0,5,,,"W229+GWX Pak colony cricket and football ground and play area, Pak Colony Jahan Colony, Karachi, Pakistan",24.9016062,67.01966399999999
ChIJI5I4mFI5sz4RYD8z8WZMOfI,pakistan-air-force-museum-ji5i4m,Pakistan Air Force Museum,museums-galleries,museums-galleries,https://www.google.com/maps/place/Pakistan+Air+Force+Museum/data=!4m7!3m6!1s0x3eb3395298389223:0xf2394c66f1333f60!8m2!3d24.8711218!4d67.0960808!16zL20vMGQyanBk!19sChIJI5I4mFI5sz4RYD8z8WZMOfI?authuser=0&hl=en&rclk=1,2026-06-30 01:27:43.983847+05:00,4.6,27442,+92 21 34604411,https://pafmuseum.com.pk/,"Pakistan Air Force Museum، PAF Faisal Base, Shahra-e-Faisal, Karsaz Flyover, Karachi, Pakistan",24.871121799999997,67.0960808
ChIJ0TQYE6c9sz4RCIbOUZooe34,pakistan-institute-of-tourism-hotel-management-j0tqye,Pakistan Institute of Tourism & Hotel Management,cooking-classes,cooking-classes,https://www.google.com/maps/place/Pakistan+Institute+of+Tourism+%26+Hotel+Management/data=!4m7!3m6!1s0x3eb33da7131834d1:0x7e7b289a51ce8608!8m2!3d24.8068713!4d67.0300921!16s%2Fg%2F1th26wcm!19sChIJ0TQYE6c9sz4RCIbOUZooe34?authuser=0&hl=en&rclk=1,2026-06-30 01:27:43.983847+05:00,4.4,167,+92 21 99332084,http://www.pithm.edu.pk/,"St-16-Block-4, Shahrah-e-Attar, Ibn-e-Qasim Park Rd, Block 4 Clifton, Karachi, 75600, Pakistan",24.806871299999997,67.03009209999999
ChIJy7pblcs-sz4R-u0pGTfibbk,pakistan-maritime-museum-jy7pbl,Pakistan Maritime Museum,museums-galleries,museums-galleries,https://www.google.com/maps/place/Pakistan+Maritime+Museum/data=!4m7!3m6!1s0x3eb33ecb955bbacb:0xb96de2371929edfa!8m2!3d24.8856363!4d67.0899932!16s%2Fm%2F02pynkn!19sChIJy7pblcs-sz4R-u0pGTfibbk?authuser=0&hl=en&rclk=1,2026-06-30 01:27:43.983847+05:00,4.5,18640,+92 303 9568523,,"V3PQ+7X5 Pakistan Maritime Museum, Habib Ibrahim, Rehmatullah Road, Karsaz Faisal Cantonment, Karachi, Pakistan",24.885636299999998,67.0899932
ChIJ2xnYpnA-sz4R3lrSuPil6n4,pakistan-navy-fleet-club-j2xnyp,Pakistan Navy Fleet Club,squash,squash,https://www.google.com/maps/place/Pakistan+Navy+Fleet+Club/data=!4m7!3m6!1s0x3eb33e70a6d819db:0x7eeaa5f8b8d25ade!8m2!3d24.8574981!4d67.0343627!16s%2Fg%2F1tx8rp43!19sChIJ2xnYpnA-sz4R3lrSuPil6n4?authuser=0&hl=en&rclk=1,2026-06-30 01:27:43.983847+05:00,4.2,702,+92 21 48506475,,"Lucky Star Chowk، near Fowler Lines, Karachi Cantonment Fowler Lines, Karachi, Pakistan",24.857498099999997,67.0343627
ChIJKxmplts-sz4Rtfg2YMRCdis,pakistan-navy-roshan-khan-jahangir-khan-pn-rkjk-squash-complex-jkxmpl,Pakistan Navy Roshan Khan Jahangir Khan (PN RKJK) Squash Complex,tennis,"tennis,squash,swimming",https://www.google.com/maps/place/Pakistan+Navy+Roshan+Khan+Jahangir+Khan+%28PN+RKJK%29+Squash+Complex/data=!4m7!3m6!1s0x3eb33edb96a9192b:0x2b7642c46036f8b5!8m2!3d24.8568593!4d67.0354067!16s%2Fg%2F11c1s2w5fv!19sChIJKxmplts-sz4Rtfg2YMRCdis?authuser=0&hl=en&rclk=1,2026-06-30 01:27:43.983847+05:00,4.6,144,+92 324 2534681,,"PN ROSHAN Khan Jahangir Khan squash complex, Fowler Lines, Karachi, 75300, Pakistan",24.8568593,67.0354067
ChIJd5sQZKI_sz4RQHYuZyXT-po,pakistan-rangers-officers-club-jd5sqz,Pakistan Rangers Officers Club,swimming,swimming,https://www.google.com/maps/place/Pakistan+Rangers+Officers+Club/data=!4m7!3m6!1s0x3eb33fa264109b77:0x9afad325672e7640!8m2!3d24.9234812!4d67.0357991!16s%2Fg%2F11fq_krrj7!19sChIJd5sQZKI_sz4RQHYuZyXT-po?authuser=0&hl=en&rclk=1,2026-06-30 01:27:43.983847+05:00,4.4,356,+92 21 36679843,,"W2FP+98V Pakistan Rangers Officers Club, Block-B Block B North Nazimabad Town, Karachi, Pakistan",24.923481199999998,67.03579909999999
ChIJn4INsds-sz4R4HSzMNsq34k,pakistan-sports-board-jn4ins,Pakistan Sports Board,box-cricket,"box-cricket,squash,swimming,tennis",https://www.google.com/maps/place/Pakistan+Sports+Board/data=!4m7!3m6!1s0x3eb33edbb10d829f:0x89df2adb30b374e0!8m2!3d24.895338!4d67.0790595!16s%2Fg%2F11xflc6xz!19sChIJn4INsds-sz4R4HSzMNsq34k?authuser=0&hl=en&rclk=1,2026-06-30 01:27:43.983847+05:00,4.3,176,+92 21 39230989,http://www.rehansports.com/,"V3WH+4JM Pakistan Sports Board, Sir Shah Suleman Rd, Gulshan-e-Iqbal, Karachi, Sindh, Aga Khan University Hospital, Pakistan",24.895338,67.0790595
ChIJWTHsSQA9sz4RtNeHFmTpTDA,penguin-esports-jwthss,Penguin Esports,arcades,arcades,https://www.google.com/maps/place/Penguin+Esports/data=!4m7!3m6!1s0x3eb33d0049ec3159:0x304ce9641687d7b4!8m2!3d24.79865!4d67.057147!16s%2Fg%2F11vqvw8hrt!19sChIJWTHsSQA9sz4RtNeHFmTpTDA?authuser=0&hl=en&rclk=1,2026-06-30 01:27:43.983847+05:00,4.5,84,+92 300 0192323,,"Q3X4+CVM Penguin Esports, Lane 12, D.H.A Phase 6 Nishat Commercial Area Phase 6 Defence Housing Authority, Karachi, 75500, Pakistan",24.79865,67.057147
ChIJi0CCUQA_sz4R2fdkVafP7G0,planet-arena-ji0ccu,Planet Arena,box-cricket,box-cricket,https://www.google.com/maps/place/Planet+Arena/data=!4m7!3m6!1s0x3eb33f005182408b:0x6deccfa75564f7d9!8m2!3d24.9020217!4d67.078051!16s%2Fg%2F11vyhgjh45!19sChIJi0CCUQA_sz4R2fdkVafP7G0?authuser=0&hl=en&rclk=1,2026-06-30 01:27:43.983847+05:00,4.3,9,+92 312 0124125,,"W32H+R63 Planet Arena, planet arena indoor, Main University Rd, beside expo centre, near PIA PLANETARIUM, Block 7 Block 15 Gulshan-e-Iqbal, Karachi, Pakistan",24.9020217,67.078051
ChIJEei9Y4g_sz4R6p_NEI4646o,platoon-paintball-arena-jeei9y,Platoon Paintball Arena,paintball,paintball,https://www.google.com/maps/place/Platoon+Paintball+Arena/data=!4m7!3m6!1s0x3eb33f8863bde811:0xaae33a8e10cd9fea!8m2!3d24.9340134!4d67.0391444!16s%2Fg%2F11vl5vwwcz!19sChIJEei9Y4g_sz4R6p_NEI4646o?authuser=0&hl=en&rclk=1,2026-06-30 01:27:43.983847+05:00,4.6,71,+92 333 1299909,https://www.platoon.com.pk/,"D-2, Platoon Paintball Arena, Service Station Hyderi, near Green Line BRT Corridor, Block C North Nazimabad Town, Karachi, 74600, Pakistan",24.934013399999998,67.0391444
ChIJxdlJz0g5sz4R3FhcPYT3i58,playland-jxdljz,Playland,adventure-parks,adventure-parks,https://www.google.com/maps/place/Playland/data=!4m7!3m6!1s0x3eb33948cf49d9c5:0x9f8bf7843d5c58dc!8m2!3d24.8726057!4d67.0966756!16s%2Fg%2F11h1tlrwdg!19sChIJxdlJz0g5sz4R3FhcPYT3i58?authuser=0&hl=en&rclk=1,2026-06-30 01:27:43.983847+05:00,4.7,15,,,"V3FW+2MV Playland, Faisal Cantonment, Karachi, Pakistan",24.872605699999998,67.0966756
ChIJ36cyS3U-sz4Rvi1_fYCBjvQ,polo-ground-j36cys,Polo Ground,futsal,"futsal,parks",https://www.google.com/maps/place/Polo+Ground/data=!4m7!3m6!1s0x3eb33e754b32a7df:0xf48e81807d7f2dbe!8m2!3d24.8498928!4d67.0235388!16s%2Fg%2F11xm04fx8!19sChIJ36cyS3U-sz4Rvi1_fYCBjvQ?authuser=0&hl=en&rclk=1,2026-06-30 01:27:43.983847+05:00,4.2,562,,,"UC-9, Civil Lines, Karachi, Pakistan",24.8498928,67.0235388
ChIJTQOElP0Vsz4RQAzqKJupTqM,port-grand-karachi-jtqoel,Port Grand - Karachi,boating,boating,https://www.google.com/maps/place/Port+Grand+-+Karachi/data=!4m7!3m6!1s0x3eb315fd9484034d:0xa34ea99b28ea0c40!8m2!3d24.8450553!4d66.9908891!16s%2Fm%2F0h3q3xc!19sChIJTQOElP0Vsz4RQAzqKJupTqM?authuser=0&hl=en&rclk=1,2026-06-30 01:27:43.983847+05:00,4.4,30505,+92 348 8311111,https://www.portgrand.com/,"Road Port Grand Food St, opposite PNSC Building, West Wharf, Karachi, Pakistan",24.8450553,66.9908891
ChIJfdjoAf05sz4R6udCUb-ui2g,power-play-jfdjoa,Power Play,box-cricket,"box-cricket,futsal",https://www.google.com/maps/place/Power+Play/data=!4m7!3m6!1s0x3eb339fd01e8d87d:0x688baebf5142e7ea!8m2!3d24.9157459!4d67.0988383!16s%2Fg%2F11tmv9plp9!19sChIJfdjoAf05sz4R6udCUb-ui2g?authuser=0&hl=en&rclk=1,2026-06-30 01:27:43.983847+05:00,4.1,146,+92 312 2787962,https://www.facebook.com/powerplay.karachi,"ST/G 29, Block 10 Gulshan-e-Iqbal, Karachi, Pakistan",24.915745899999997,67.0988383
ChIJ7XPvCQA_sz4RAotqaTRB3GY,power-padel-arena-j7xpvc,Power padel arena,padel,padel,https://www.google.com/maps/place/Power+padel+arena/data=!4m7!3m6!1s0x3eb33f0009ef73ed:0x66dc4134696a8b02!8m2!3d24.8788462!4d67.0638514!16s%2Fg%2F11wy30sfss!19sChIJ7XPvCQA_sz4RAotqaTRB3GY?authuser=0&hl=en&rclk=1,2026-06-30 01:27:43.983847+05:00,4.2,90,+92 370 3062594,http://www.powerpadelarena.com/,"Plot No. 8, V3H7+GGG Power padel arena, Delhi Society Delhi CHS Karachi, Pakistan",24.878846199999998,67.06385139999999
ChIJyZBEZL09sz4RJdHUjUbH_xE,pranzo-jyzbez,Pranzo,shisha,shisha,https://www.google.com/maps/place/Pranzo/data=!4m7!3m6!1s0x3eb33dbd644490c9:0x11ffc7468dd4d125!8m2!3d24.8171587!4d67.022949!16s%2Fg%2F11bv30hfq8!19sChIJyZBEZL09sz4RJdHUjUbH_xE?authuser=0&hl=en&rclk=1,2026-06-30 01:27:43.983847+05:00,4.1,2624,+92 21 35148201,,"Bunglow D، Pranzo, 151 Astrik St, Block 5 Clifton, Karachi, 75600, Pakistan",24.8171587,67.022949
ChIJTZ6rQ9M_sz4RvvRh1l5JD8M,premier-club-jtz6rq,Premier Club,padel,padel,https://www.google.com/maps/place/Premier+Club/data=!4m7!3m6!1s0x3eb33fd343ab9e4d:0xc30f495ed661f4be!8m2!3d24.8779313!4d67.0919338!16s%2Fg%2F11yb65q2tw!19sChIJTZ6rQ9M_sz4RvvRh1l5JD8M?authuser=0&hl=en&rclk=1,2026-06-30 01:27:43.983847+05:00,4.7,61,+92 302 0023031,https://premiersportsclub-pk.matchpoint.com.es/,"Kda park, Karsaz KDA Scheme 1, Karachi, 74500, Pakistan",24.8779313,67.09193379999999
ChIJf4hYyaE9sz4REGF-AHVVe9Q,prime-snooker-club-jf4hyy,Prime Snooker Club,billiards,"billiards,board-game-paint-cafe",https://www.google.com/maps/place/Prime+Snooker+Club/data=!4m7!3m6!1s0x3eb33da1c958887f:0xd47b5575007e6110!8m2!3d24.8272527!4d67.0332303!16s%2Fg%2F11sxwy407v!19sChIJf4hYyaE9sz4REGF-AHVVe9Q?authuser=0&hl=en&rclk=1,2026-06-30 01:27:43.983847+05:00,4.3,11,+92 345 6272274,,"FL 1/5 Flat 105, Clifton Shopping Arcade, near Tipu Burger, Zone B Block 5 Clifton, Karachi, 75600, Pakistan",24.8272527,67.0332303
ChIJRcbwLxc_sz4RpOpbEmsYuk8,pro-courts-powered-by-sportswing-jrcbwl,Pro Courts- Powered by Sportswing,padel,"padel,box-cricket,futsal",https://www.google.com/maps/place/Pro+Courts-+Powered+by+Sportswing/data=!4m7!3m6!1s0x3eb33f172ff0c645:0x4fba186b125beaa4!8m2!3d24.875331!4d67.0599669!16s%2Fg%2F11xvds55kt!19sChIJRcbwLxc_sz4RpOpbEmsYuk8?authuser=0&hl=en&rclk=1,2026-06-30 01:27:43.983847+05:00,4.5,18,+92 324 1541163,https://www.sportswing.pk/,"155-O, Block 3 Block 2 P.E.C.H.S., Karachi, 75000, Pakistan",24.875331,67.05996689999999
ChIJAU5LKABHsz4R_CbW4E5KKFo,pro-pitch-arena-swimming-pool-jau5lk,Pro Pitch Arena & Swimming Pool,futsal,futsal,https://www.google.com/maps/place/Pro+Pitch+Arena+%26+Swimming+Pool/data=!4m7!3m6!1s0x3eb34700284b4e01:0x5a284a4ee0d626fc!8m2!3d25.0006563!4d67.1146584!16s%2Fg%2F11ybf3b2d5!19sChIJAU5LKABHsz4R_CbW4E5KKFo?authuser=0&hl=en&rclk=1,2026-06-30 01:27:43.983847+05:00,3.5,11,+92 319 7651971,,"Plot D 153, Ahsanabad 2 Ahsanabad Gulzar E Hijri Scheme 33, Karachi, Pakistan",25.0006563,67.1146584
ChIJxXBPmiY_sz4RYhPH7-qHyh8,propadel-jxxbpm,ProPadel,padel,padel,https://www.google.com/maps/place/ProPadel/data=!4m7!3m6!1s0x3eb33f269a4f70c5:0x1fca87eaefc71362!8m2!3d24.8544375!4d67.0276875!16s%2Fg%2F11w_k9r2sz!19sChIJxXBPmiY_sz4RYhPH7-qHyh8?authuser=0&hl=en&rclk=1,2026-06-30 01:27:43.983847+05:00,4.8,12,+92 312 0830808,https://playpro.pk/court-availability/pro-padel,"V23H+Q3C ProPadel, Din Mohammad Wafai Rd, Civil Lines, Karachi, 75500, Pakistan",24.8544375,67.0276875
ChIJF56oh5k9sz4RbZbIlvxAKHA,punjab-colony-football-ground-jf56oh,Punjab Colony Football Ground,futsal,futsal,https://www.google.com/maps/place/Punjab+Colony+Football+Ground/data=!4m7!3m6!1s0x3eb33d9987a89e17:0x702840fc96c8966d!8m2!3d24.8309379!4d67.0457589!16s%2Fg%2F11sjrmgy3g!19sChIJF56oh5k9sz4RbZbIlvxAKHA?authuser=0&hl=en&rclk=1,2026-06-30 01:27:43.983847+05:00,4.3,26,,,"R2JW+4J8 Punjab Colony Football Ground, Old Sunset Blvd, Chandio Punjab Colony, Karachi, 75600, Pakistan",24.8309379,67.0457589
ChIJdVM645g9sz4RNw-FJV7dFhE,qalandri-football-ground-jdvm64,Qalandri Football Ground,futsal,futsal,https://www.google.com/maps/place/Qalandri+Football+Ground/data=!4m7!3m6!1s0x3eb33d98e33a5375:0x1116dd5e25850f37!8m2!3d24.8244459!4d67.0462879!16s%2Fg%2F11j9d2m7_g!19sChIJdVM645g9sz4RNw-FJV7dFhE?authuser=0&hl=en&rclk=1,2026-06-30 01:27:43.983847+05:00,4.1,38,+92 317 0137846,,"R2FW+QGF Qalandri Football Ground, Lower Gizri Gizri, Karachi, 75600, Pakistan",24.8244459,67.0462879
ChIJhzdvPdg9sz4RYUscq-dVwTg,quaid-e-azam-house-museum-jhzdvp,Quaid e Azam House Museum,museums-galleries,"museums-galleries,heritage",https://www.google.com/maps/place/Quaid+e+Azam+House+Museum/data=!4m7!3m6!1s0x3eb33dd83d6f3787:0x38c155e7ab1c4b61!8m2!3d24.8512608!4d67.0327375!16zL20vMGJsN2o3!19sChIJhzdvPdg9sz4RYUscq-dVwTg?authuser=0&hl=en&rclk=1,2026-06-30 01:27:43.983847+05:00,4.6,2063,,,"V22M+G35 Quaid e Azam House Museum, Fatima Jinnah Rd, Karachi Cantonment, Karachi, Pakistan",24.8512608,67.0327375
ChIJc9YkSvVBsz4RzUBWDeKjTnQ,quetta-bismillah-sheesha-hotel-jc9yks,Quetta Bismillah Sheesha Hotel,shisha,shisha,https://www.google.com/maps/place/Quetta+Bismillah+Sheesha+Hotel/data=!4m7!3m6!1s0x3eb341f54a24d673:0x744ea3e20d5640cd!8m2!3d24.9839958!4d67.0521355!16s%2Fg%2F11h15xt8jz!19sChIJc9YkSvVBsz4RzUBWDeKjTnQ?authuser=0&hl=en&rclk=1,2026-06-30 01:27:43.983847+05:00,4.4,46,+92 300 9282658,,"Bilal colony, Unnamed Road, Sector Sector 7 A North Karachi, Karachi, 75850, Pakistan",24.9839958,67.05213549999999
ChIJt9EMyDw7sz4RV13HALMDO_c,rlca-korangi-cricket-ground-jt9emy,RLCA KORANGI CRICKET GROUND,box-cricket,box-cricket,https://www.google.com/maps/place/RLCA+KORANGI+CRICKET+GROUND/data=!4m7!3m6!1s0x3eb33b3cc80cd1b7:0xf73b03b300c75d57!8m2!3d24.8283947!4d67.1664492!16s%2Fg%2F11h05c3jl9!19sChIJt9EMyDw7sz4RV13HALMDO_c?authuser=0&hl=en&rclk=1,2026-06-30 01:27:43.983847+05:00,4.0,227,+92 315 5929807,,"Korangi No. 5, Landhi Rd, Sector 36 J Landhi Town, Karachi, Pakistan",24.8283947,67.1664492
ChIJGyF-2LlBsz4RDLEW_oBV6DU,royal-snooker-academy-jgyf-2,ROYAL SNOOKER ACADEMY,billiards,billiards,https://www.google.com/maps/place/ROYAL+SNOOKER+ACADEMY/data=!4m7!3m6!1s0x3eb341b9d87e211b:0x35e85580fe16b10c!8m2!3d24.9541318!4d67.0698597!16s%2Fg%2F11rxvqf1f3!19sChIJGyF-2LlBsz4RDLEW_oBV6DU?authuser=0&hl=en&rclk=1,2026-06-30 01:27:43.983847+05:00,4.7,42,+92 335 3793674,,"zone, Main Road Buffer, sector, 16/A Sector 16 A Buffer Zone, Karachi, 75850, Pakistan",24.9541318,67.0698597
ChIJHzMsnkpKsz4RjH2WXFPbGGw,raiha-cinegold-plex-karachi-jhzmsn,Raiha Cinegold Plex Karachi,cinemas,cinemas,https://www.google.com/maps/place/Raiha+Cinegold+Plex+Karachi/data=!4m7!3m6!1s0x3eb34a4a9e2c331f:0x6c18db535c967d8c!8m2!3d25.0273885!4d67.3086675!16s%2Fg%2F11c2pp75y1!19sChIJHzMsnkpKsz4RjH2WXFPbGGw?authuser=0&hl=en&rclk=1,2026-06-30 01:27:43.983847+05:00,4.5,2541,+92 313 0002843,http://www.cinegoldplex.com/,"Midway Commercial B, Phase 1 Bahria Town Karachi, Karachi, 75340, Pakistan",25.027388499999997,67.3086675
ChIJ5VCFPyw8sz4RNtYyFg4DH78,railway-ground-kalapul-j5vcfp,Railway Ground Kalapul,futsal,futsal,https://www.google.com/maps/place/Railway+Ground+Kalapul/data=!4m7!3m6!1s0x3eb33c2c3f8550e5:0xbf1f030e1632d636!8m2!3d24.8451823!4d67.0497734!16s%2Fg%2F11byl5btgj!19sChIJ5VCFPyw8sz4RNtYyFg4DH78?authuser=0&hl=en&rclk=1,2026-06-30 01:27:43.983847+05:00,4.5,88,,,"DHA Link Rd, Pakistan Railways Housing Society Karachi Cantonment, Karachi, Pakistan",24.845182299999998,67.04977339999999
ChIJUb27tzcVsz4RibGz-GCWcIY,rana-football-stadium-jub27t,Rana Football Stadium,futsal,futsal,https://www.google.com/maps/place/Rana+Football+Stadium/data=!4m7!3m6!1s0x3eb31537b7bbbd51:0x86709660f8b3b189!8m2!3d24.9211478!4d66.973359!16s%2Fg%2F11bw1zkvbc!19sChIJUb27tzcVsz4RibGz-GCWcIY?authuser=0&hl=en&rclk=1,2026-06-30 01:27:43.983847+05:00,4.1,154,+92 333 3001558,,"Rana Football Stadium، muhalla miskeen shah, Baldia Town، 10 Abidabad Rd, Block B Baldia, Karachi, 75760, Pakistan",24.9211478,66.973359
ChIJ48tanI0_sz4RSJKQa8hTv2k,rasson-4-snooker-academy-j48tan,Rasson 4 Snooker Academy,billiards,billiards,https://www.google.com/maps/place/Rasson+4+Snooker+Academy/data=!4m7!3m6!1s0x3eb33f8d9c5acbe3:0x69bf53c86b909248!8m2!3d24.9421392!4d67.0713384!16s%2Fg%2F11sb_mjdk7!19sChIJ48tanI0_sz4RSJKQa8hTv2k?authuser=0&hl=en&rclk=1,2026-06-30 01:27:43.983847+05:00,4.4,26,+92 300 2007373,,"C 55, Block 17 Gulberg Town, Karachi, Pakistan",24.9421392,67.0713384
ChIJtxou0QA_sz4RA9CNXih6hrc,rasson-snooker-jtxou0,Rasson Snooker,billiards,billiards,https://www.google.com/maps/place/Rasson+Snooker/data=!4m7!3m6!1s0x3eb33f00d12e1ab7:0xb7867a285e8dd003!8m2!3d24.8607343!4d67.0011364!16s%2Fg%2F11vb5yq303!19sChIJtxou0QA_sz4RA9CNXih6hrc?authuser=0&hl=en&rclk=1,2026-06-30 01:27:43.983847+05:00,4.5,66,,,"Plot C8, Rasson Snooker, Napier Quarter, Karachi, Pakistan",24.860734299999997,67.0011364
ChIJxbci03A9sz4Rxjvu_3EFAbM,recording-studio-in-karachi-isu-music-studios-jxbci0,Recording studio in Karachi isu music studios,music-rooms,music-rooms,https://www.google.com/maps/place/Recording+studio+in+Karachi+isu+music+studios/data=!4m7!3m6!1s0x3eb33d70d322b7c5:0xb3010571ffee3bc6!8m2!3d24.8364236!4d67.0815268!16s%2Fg%2F11tsq9tvlp!19sChIJxbci03A9sz4Rxjvu_3EFAbM?authuser=0&hl=en&rclk=1,2026-06-30 01:27:43.983847+05:00,4.1,14,+92 319 3403477,https://www.isumusicstudios.com/,"3 Defence View Society Rd, Phase 3 Defence View Housing Society, Karachi, 75500, Pakistan",24.8364236,67.08152679999999
ChIJ6TQhT-ZBsz4RNBL2bUnAZCI,redballexpress-snooker-billiard-pool-academy-gaming-club-j6tqht,RedBallExpress Snooker Billiard/ Pool Academy & Gaming Club,billiards,billiards,https://www.google.com/maps/place/RedBallExpress+Snooker+Billiard%2F+Pool+Academy+%26+Gaming+Club/data=!4m7!3m6!1s0x3eb341e64f2134e9:0x2264c0496df61234!8m2!3d24.9786886!4d67.0606186!16s%2Fg%2F11c0w0sj52!19sChIJ6TQhT-ZBsz4RNBL2bUnAZCI?authuser=0&hl=en&rclk=1,2026-06-30 01:27:43.983847+05:00,4.3,175,+92 21 36991380,,"B، RedBallExpress Snooker Billiard/ Pool Academy & Gaming Club, 3, Sector 11-B Sector 11 B North Karachi, Karachi, 75850, Pakistan",24.978688599999998,67.0606186
ChIJ9SPFRWs-sz4RwqI0wj62w1M,reno-cinema-j9spfr,Reno Cinema,cinemas,cinemas,https://www.google.com/maps/place/Reno+Cinema/data=!4m7!3m6!1s0x3eb33e6b45c523f5:0x53c3b63ec234a2c2!8m2!3d24.8664375!4d67.0235625!16s%2Fg%2F11c328g3c7!19sChIJ9SPFRWs-sz4RwqI0wj62w1M?authuser=0&hl=en&rclk=1,2026-06-30 01:27:43.983847+05:00,3.9,33,,,"V28F+M96 Reno Cinema, Randle Rd, Preedy Quarters Karachi, Pakistan",24.8664375,67.0235625
ChIJV0dzPb89sz4R_mUVI-MCe1s,roadside-cafe-jv0dzp,Roadside Cafe.,shisha,"shisha,board-game-paint-cafe",https://www.google.com/maps/place/Roadside+Cafe./data=!4m7!3m6!1s0x3eb33dbf3d734757:0x5b7b02e3231565fe!8m2!3d24.8249396!4d67.0272189!16s%2Fg%2F1tcx5h5g!19sChIJV0dzPb89sz4R_mUVI-MCe1s?authuser=0&hl=en&rclk=1,2026-06-30 01:27:43.983847+05:00,4.1,775,+92 21 35869778,,"Nehr-e-Khayyam St, Block 5 Clifton, Karachi, 75600, Pakistan",24.8249396,67.0272189
ChIJR_4NBqo5sz4R6CMTmwX-P6s,rock-hill-s-park-and-walking-tracks-jr_4nb,Rock Hill's Park and Walking Tracks,parks,parks,https://www.google.com/maps/place/Rock+Hill%27s+Park+and+Walking+Tracks/data=!4m7!3m6!1s0x3eb339aa060dfe47:0xab3ffe059b1323e8!8m2!3d24.9265486!4d67.1173163!16s%2Fg%2F11h04p4pfx!19sChIJR_4NBqo5sz4R6CMTmwX-P6s?authuser=0&hl=en&rclk=1,2026-06-30 01:27:43.983847+05:00,4.5,6,,,"W4G8+JW8 Rock Hill's Park and Walking Tracks, Block 1 Gulistan-e-Johar, Karachi, Pakistan",24.9265486,67.1173163
ChIJ7aG6XgU9sz4R0TqmwMJpsZY,rocky-sheesha-cafe-j7ag6x,Rocky Sheesha Cafe,shisha,shisha,https://www.google.com/maps/place/Rocky+Sheesha+Cafe/data=!4m7!3m6!1s0x3eb33d055ebaa1ed:0x96b169c2c0a63ad1!8m2!3d24.8131417!4d67.0159917!16s%2Fg%2F11vf944s36!19sChIJ7aG6XgU9sz4R0TqmwMJpsZY?authuser=0&hl=en&rclk=1,2026-06-30 01:27:43.983847+05:00,3.7,6,+92 310 3020007,,"R278+795 Rocky Sheesha Cafe, Block 2 Clifton, Karachi, Pakistan",24.8131417,67.0159917
ChIJx3uGw0w5sz4RAMIyti6totY,rosati-bistro-jx3ugw,Rosati Bistro,shisha,shisha,https://www.google.com/maps/place/Rosati+Bistro/data=!4m7!3m6!1s0x3eb3394cc3867bc7:0xd6a2ad2eb632c200!8m2!3d24.8750286!4d67.0952481!16s%2Fg%2F11ckrj319c!19sChIJx3uGw0w5sz4RAMIyti6totY?authuser=0&hl=en&rclk=1,2026-06-30 01:27:43.983847+05:00,4.1,6688,+92 300 0884220,,"B 12 Shahra-e-Faisal, Main Karsaz KDA Scheme 1, Karachi, 75900, Pakistan",24.8750286,67.09524809999999
ChIJhVxXPa49sz4RReIq5CLaLOg,routine-specialty-coffee-dining-jhvxxp,Routine - Specialty Coffee & Dining,board-game-paint-cafe,board-game-paint-cafe,https://www.google.com/maps/place/Routine+-+Specialty+Coffee+%26+Dining/data=!4m7!3m6!1s0x3eb33dae3d575c85:0xe82cda22e42ae245!8m2!3d24.7952048!4d67.0497534!16s%2Fg%2F11sb3hzj8k!19sChIJhVxXPa49sz4RReIq5CLaLOg?authuser=0&hl=en&rclk=1,2026-06-30 01:27:43.983847+05:00,4.7,194,+92 300 2811500,https://www.routine.com.pk/,"30 C,/II, Lane Number 4, Shahbaz Commercial Ln, D.H.A Phase 6 Shahbaz Commercial Area Phase 6 Defence Housing Authority, Karachi, 75500, Pakistan",24.7952048,67.0497534
ChIJF4C01AQ5sz4RfF70yO7q4Gc,royal-snooker-club-jf4c01,Royal Snooker Club,billiards,billiards,https://www.google.com/maps/place/Royal+Snooker+Club/data=!4m7!3m6!1s0x3eb33904d4b48017:0x67e0eaeec8f45e7c!8m2!3d24.910952!4d67.1234171!16s%2Fg%2F11qg3rdq89!19sChIJF4C01AQ5sz4RfF70yO7q4Gc?authuser=0&hl=en&rclk=1,2026-06-30 01:27:43.983847+05:00,4.2,33,,,"M 11 Royal Snooker Club,Munir Heaven, Block 17 Gulistan-e-Johar, Karachi, Pakistan",24.910951999999998,67.1234171
ChIJp2zgBQA_sz4Rnguqx5nYpA0,run-out-rooftop-indoor-sports-arena-jp2zgb,Run Out - Rooftop Indoor - Sports arena,box-cricket,box-cricket,https://www.google.com/maps/place/Run+Out+-+Rooftop+Indoor+-+Sports+arena/data=!4m7!3m6!1s0x3eb33f0005e06ca7:0xda4d899c7aa0b9e!8m2!3d24.9355106!4d67.0466876!16s%2Fg%2F11vx5fjjc2!19sChIJp2zgBQA_sz4Rnguqx5nYpA0?authuser=0&hl=en&rclk=1,2026-06-30 01:27:43.983847+05:00,3.8,11,+92 315 3306681,,"Plot no.B, Run Out - Rooftop Indoor - Sports arena, 69 Street No. 6, Block H North Nazimabad Town, Karachi, Pakistan",24.9355106,67.0466876
ChIJ0UBoMUE_sz4RboLmVmicKV0,sarz-studio-j0ubom,SARZ STUDIO,music-rooms,music-rooms,https://www.google.com/maps/place/SARZ+STUDIO/data=!4m7!3m6!1s0x3eb33f41316840d1:0x5d299c6856e6826e!8m2!3d24.8909303!4d67.0399855!16s%2Fg%2F11gj4md6wx!19sChIJ0UBoMUE_sz4RboLmVmicKV0?authuser=0&hl=en&rclk=1,2026-06-30 01:27:43.983847+05:00,4.9,320,+92 333 3514457,https://smart.bio/sarzmusicproduction,"Martin Quarters West Karachi City، Karachi, Pakistan",24.890930299999997,67.0399855
ChIJ43FcUgA9sz4RDnX5yfmIPzY,soho-cafe-grill-j43fcu,SOHO Cafe & Grill,shisha,shisha,https://www.google.com/maps/place/SOHO+Cafe+%26+Grill/data=!4m7!3m6!1s0x3eb33d00525c71e3:0x363f88f9c9f9750e!8m2!3d24.8039592!4d67.0322619!16s%2Fg%2F11wnd23sd4!19sChIJ43FcUgA9sz4RDnX5yfmIPzY?authuser=0&hl=en&rclk=1,2026-06-30 01:27:43.983847+05:00,4.6,155,+92 320 2503498,https://sohogrill.pk/,"House No 27, 2, SOHO Cafe & Grill, near Kuwaiti Embassy, Block 4 Clifton, Karachi, 75500, Pakistan",24.803959199999998,67.0322619
ChIJJVGgpek5sz4R3lB-pojYv64,spritfield-jjvggp,SPRITFIELD,futsal,futsal,https://www.google.com/maps/place/SPRITFIELD/data=!4m7!3m6!1s0x3eb339e9a5a05125:0xaebfd888a67e50de!8m2!3d24.9197626!4d67.0972266!16s%2Fg%2F11k50x3zln!19sChIJJVGgpek5sz4R3lB-pojYv64?authuser=0&hl=en&rclk=1,2026-06-30 01:27:43.983847+05:00,4.7,100,+92 331 2342244,,"Plot # st-16, Block 6 Gulshan-e-Iqbal, Karachi, Pakistan",24.9197626,67.0972266
ChIJe8DFyos8sz4RYnVLLtyn6rw,saad-hayat-music-je8dfy,Saad Hayat Music,music-rooms,music-rooms,https://www.google.com/maps/place/Saad+Hayat+Music/data=!4m7!3m6!1s0x3eb33c8bcac5c07b:0xbceaa7dc2e4b7562!8m2!3d24.8016856!4d67.0371467!16s%2Fg%2F12vrhqh1t!19sChIJe8DFyos8sz4RYnVLLtyn6rw?authuser=0&hl=en&rclk=1,2026-06-30 01:27:43.983847+05:00,4.7,97,+92 321 2007680,http://www.facebook.com/saadhayatmusic,"Saad Hayat Music، 14-C, Street 1، Ext, DHA Phase 5 Saba Commercial Area Defence V Defence Housing Authority, Karachi, 75500, Pakistan",24.8016856,67.0371467
ChIJW_VBBLcXsz4RswmFBExoa40,sabir-boat-ride-jw_vbb,Sabir boat ride,boating,boating,https://www.google.com/maps/place/Sabir+boat+ride/data=!4m7!3m6!1s0x3eb317b70441f55b:0x8d6b684c048509b3!8m2!3d24.8185434!4d66.9751854!16s%2Fg%2F11yjb5dqgl!19sChIJW_VBBLcXsz4RswmFBExoa40?authuser=0&hl=en&rclk=1,2026-06-30 01:27:43.983847+05:00,4.7,47,+92 329 3087202,,"Manora island, kemari, Port Of Karachi, Karachi, Pakistan",24.8185434,66.9751854
ChIJu9ZUHxc-sz4RMs_fkIseDlw,sabri-ground-ju9zuh,Sabri Ground,futsal,futsal,https://www.google.com/maps/place/Sabri+Ground/data=!4m7!3m6!1s0x3eb33e171f54d6bb:0x5c0e1e8b90dfcf32!8m2!3d24.8652517!4d67.0133232!16s%2Fg%2F11c1mz7_v0!19sChIJu9ZUHxc-sz4RMs_fkIseDlw?authuser=0&hl=en&rclk=1,2026-06-30 01:27:43.983847+05:00,3.9,31,+92 315 2862002,,"V287+484 Sabri Ground, Narayan Pura Ranchore Lane, Karachi, Pakistan",24.865251699999998,67.0133232
ChIJsySCQek_sz4Rp9BsOB7tiHU,sadarbar-union-football-club-jsyscq,Sadarbar Union Football Club,futsal,futsal,https://www.google.com/maps/place/Sadarbar+Union+Football+Club/data=!4m7!3m6!1s0x3eb33fe9418224b3:0x7588ed1e386cd0a7!8m2!3d24.872095!4d67.0030232!16s%2Fg%2F11ty0ml6nt!19sChIJsySCQek_sz4Rp9BsOB7tiHU?authuser=0&hl=en&rclk=1,2026-06-30 01:27:43.983847+05:00,5.0,6,,,"V2C3+R6M Unnamed Road, New Kumbhar Wara Rd, Kalakot New Kumbharwara, Karachi, Pakistan",24.872094999999998,67.0030232
ChIJZWaAz7I9sz4RF2kT-5wQJjI,saeen-jo-sheesho-jzwaaz,Saeen Jo Sheesho,shisha,shisha,https://www.google.com/maps/place/Saeen+Jo+Sheesho/data=!4m7!3m6!1s0x3eb33db2cf806665:0x3226109cfb136917!8m2!3d24.8206151!4d67.045719!16s%2Fg%2F11g6j7c1hw!19sChIJZWaAz7I9sz4RF2kT-5wQJjI?authuser=0&hl=en&rclk=1,2026-06-30 01:27:43.983847+05:00,4.3,70,+92 340 2035833,,"R2CW+67X Saeen Jo Sheesho, Gizri Village Defence Housing Authority, Karachi, 75500, Pakistan",24.820615099999998,67.04571899999999
ChIJcZgcOnQ5sz4RqJJ1qt_6CdY,safari-fun-world-jczgco,Safari Fun World,adventure-parks,adventure-parks,https://www.google.com/maps/place/Safari+Fun+World/data=!4m7!3m6!1s0x3eb339743a1c9871:0xd609fadfaa7592a8!8m2!3d24.9259375!4d67.1121875!16s%2Fg%2F11gxm9_qjp!19sChIJcZgcOnQ5sz4RqJJ1qt_6CdY?authuser=0&hl=en&rclk=1,2026-06-30 01:27:43.983847+05:00,3.9,487,+92 307 2488005,https://www.facebook.com/Safari-funworld-240296543202139/,"W4G6+9VG Safari Fun World, Gulshan-e-Iqbal, Karachi, Pakistan",24.9259375,67.11218749999999
ChIJgzbGALE_sz4RQxGpX_GO3YA,sambara-art-gallery-jgzbga,Sambara Art Gallery,museums-galleries,museums-galleries,https://www.google.com/maps/place/Sambara+Art+Gallery/data=!4m7!3m6!1s0x3eb33fb100c63683:0x80dd8ef15fa91143!8m2!3d24.8887261!4d67.064882!16s%2Fg%2F11r4bflnc8!19sChIJgzbGALE_sz4RQxGpX_GO3YA?authuser=0&hl=en&rclk=1,2026-06-30 01:27:43.983847+05:00,4.6,91,+92 21 99230966,http://www.sindhculture.gov.pk/,"V3Q7+FXR Sambara Art Gallery, Dawood CHS, Karachi, Pakistan",24.8887261,67.064882
ChIJ27GZSVc_sz4Rm3NT-fqSxHM,sanat-initiative-j27gzs,Sanat Initiative,museums-galleries,museums-galleries,https://www.google.com/maps/place/Sanat+Initiative/data=!4m7!3m6!1s0x3eb33f574999b1db:0x73c492faf953739b!8m2!3d24.846466!4d67.004937!16s%2Fg%2F11fn7rbh0m!19sChIJ27GZSVc_sz4Rm3NT-fqSxHM?authuser=0&hl=en&rclk=1,2026-06-30 01:27:43.983847+05:00,4.3,31,,,"R2W3+HXM Sanat Initiative, Commune Artist Colony, Sadiq Godown, Miskeen Gali, off M.T. Khan Road, Old Queens Rd, City Railway Colony, Karachi, Pakistan",24.846466,67.004937
ChIJhzxXVRwUsz4ReOGKHZVANcY,sandspit-beach-jhzxxv,Sandspit Beach,beaches,beaches,https://www.google.com/maps/place/Sandspit+Beach/data=!4m7!3m6!1s0x3eb3141c55573c87:0xc63540951d8ae178!8m2!3d24.8404077!4d66.9098222!16s%2Fg%2F11fk5v5v7s!19sChIJhzxXVRwUsz4ReOGKHZVANcY?authuser=0&hl=en&rclk=1,2026-06-30 01:27:43.983847+05:00,4.5,1278,,,Pakistan,24.8404077,66.9098222
ChIJM7FgShk_sz4Rcie9zNLcJ7Y,saqi-marine-services-jm7fgs,Saqi Marine Services,boating,boating,https://www.google.com/maps/place/Saqi+Marine+Services/data=!4m7!3m6!1s0x3eb33f194a60b133:0xb627dcd2ccbd2772!8m2!3d24.9061046!4d67.0657321!16s%2Fg%2F11g9vnl74x!19sChIJM7FgShk_sz4Rcie9zNLcJ7Y?authuser=0&hl=en&rclk=1,2026-06-30 01:27:43.983847+05:00,4.8,6,+92 323 2982596,,"Panama Center, Service Ln, Block 13 D 3 Gulshan-e-Iqbal, Karachi, Pakistan",24.9061046,67.06573209999999
ChIJqR_nD0E_sz4RhieaW72Mljo,sarbazi-ground-jqr_nd,Sarbazi Ground,futsal,futsal,https://www.google.com/maps/place/Sarbazi+Ground/data=!4m7!3m6!1s0x3eb33f410fe71fa9:0x3a968cbd5b9a2786!8m2!3d24.8750802!4d67.0008171!16s%2Fg%2F11h2mym413!19sChIJqR_nD0E_sz4RhieaW72Mljo?authuser=0&hl=en&rclk=1,2026-06-30 01:27:43.983847+05:00,4.6,77,+92 321 2864346,,"V2G2+28P Sarbazi Ground, Singo Lane Lyari, Karachi, Pakistan",24.8750802,67.00081709999999
ChIJG3jiktk_sz4RRmzHAcJU378,sardar-nabeel-gabol-community-centre-jg3jik,Sardar Nabeel Gabol Community Centre,futsal,futsal,https://www.google.com/maps/place/Sardar+Nabeel+Gabol+Community+Centre/data=!4m7!3m6!1s0x3eb33fd992e2781b:0xbfdf54c201c76c46!8m2!3d24.877227!4d67.0048025!16s%2Fg%2F11rgn4cd40!19sChIJG3jiktk_sz4RRmzHAcJU378?authuser=0&hl=en&rclk=1,2026-06-30 01:27:43.983847+05:00,3.9,38,,,"V2G3+VWV Sardar Nabeel Gabol Community Centre, Mehrab Khan, Essa Khan Road, Noorani Colony, Karachi, Pakistan",24.877226999999998,67.0048025
ChIJBbe8DMk-sz4RtbVs9aukptM,school-swimming-pool-jbbe8d,School Swimming Pool,swimming,swimming,https://www.google.com/maps/place/School+Swimming+Pool/data=!4m7!3m6!1s0x3eb33ec90cbcb705:0xd3a6a4abf56cb5b5!8m2!3d24.8844778!4d67.0866261!16s%2Fg%2F11h12w9sc!19sChIJBbe8DMk-sz4RtbVs9aukptM?authuser=0&hl=en&rclk=1,2026-06-30 01:27:43.983847+05:00,4.2,20,+92 346 3509614,,"V3MP+QMR School Swimming Pool, Amir Khusro Road, KDA Scheme #1 KDA Scheme 1, Karachi, 75350, Pakistan",24.8844778,67.0866261
ChIJtRTvaQs-sz4Rj9jYHgcYafc,school-of-visual-performing-arts-jtrtva,School of Visual & Performing Arts,pottery-art,pottery-art,https://www.google.com/maps/place/School+of+Visual+%26+Performing+Arts/data=!4m7!3m6!1s0x3eb33e0b69ef14b5:0xf76918071ed8d88f!8m2!3d24.8529293!4d67.0205797!16s%2Fg%2F11fx9p5jm8!19sChIJtRTvaQs-sz4Rj9jYHgcYafc?authuser=0&hl=en&rclk=1,2026-06-30 01:27:43.983847+05:00,4.5,32,+92 300 0802399,https://acpkhi.com/sovapa,"School of Visual & Performing Arts، M.R، Kayani Road, Karachi, 74100, Pakistan",24.8529293,67.0205797
ChIJO6kwWM8-sz4R875IHslc_Ys,scuba-club-jo6kww,Scuba Club,boating,"boating,parks",https://www.google.com/maps/place/Scuba+Club/data=!4m7!3m6!1s0x3eb33ecf5830a93b:0x8bfd5cc91e48bef3!8m2!3d24.8878901!4d67.0779527!16s%2Fg%2F1pzwshv3d!19sChIJO6kwWM8-sz4R875IHslc_Ys?authuser=0&hl=en&rclk=1,2026-06-30 01:27:43.983847+05:00,4.8,722,+92 333 0033152,http://www.scubaclub.com.pk/,"AlQasim Apartment, Shop No 2, Plot No 117/118, Dhoraji Kathiawar CHS, Karachi, 75350, Pakistan",24.8878901,67.0779527
ChIJjz7iPwA_sz4RiJI7D9cE4Q8,seam-padel-court-jjz7ip,Seam padel court,padel,"padel,box-cricket",https://www.google.com/maps/place/Seam+padel+court/data=!4m7!3m6!1s0x3eb33f003fe23e8f:0xfe104d70f3b9288!8m2!3d24.8757794!4d67.0323651!16s%2Fg%2F11vjx3mg4d!19sChIJjz7iPwA_sz4RiJI7D9cE4Q8?authuser=0&hl=en&rclk=1,2026-06-30 01:27:43.983847+05:00,4.2,33,+92 333 2238223,,"Plot no JM 14/9, near qadri masjid, opposite Tai club, Soldier Bazaar Parsi Colony Saddar, Karachi, 75500, Pakistan",24.8757794,67.03236509999999
ChIJXyerqa8_sz4RuNRE62byURs,services-mess-club-jxyerq,Services Mess Club,squash,"squash,billiards,swimming",https://www.google.com/maps/place/Services+Mess+Club/data=!4m7!3m6!1s0x3eb33fafa9ab275f:0x1b51f266eb44d4b8!8m2!3d24.851692!4d67.0299704!16s%2Fg%2F11ghlvy3b_!19sChIJXyerqa8_sz4RuNRE62byURs?authuser=0&hl=en&rclk=1,2026-06-30 01:27:43.983847+05:00,4.2,1300,+92 21 99201904,,"V22J+G67 Services Mess Club, Merewether Rd, Civil Lines, Karachi, 75520, Pakistan",24.851692,67.0299704
ChIJ5-0Ybho-sz4RL8oEa5cEfRk,shadab-studio-j5-0yb,Shadab Studio,music-rooms,music-rooms,https://www.google.com/maps/place/Shadab+Studio/data=!4m7!3m6!1s0x3eb33e1a6e18ede7:0x197d04976b04ca2f!8m2!3d24.8590925!4d67.0284485!16s%2Fg%2F11c2np0ytv!19sChIJ5-0Ybho-sz4RL8oEa5cEfRk?authuser=0&hl=en&rclk=1,2026-06-30 01:27:43.983847+05:00,4.8,92,,http://www.shadabstudio.com/,"3rd Floor، Shadab Studio, Mohammad Hussain Plaza، 600 Zaibunnisa Street, Saddar Karachi, 74400, Pakistan",24.8590925,67.0284485
ChIJn94cAvBpLw8RLR2t8jnLJzY,shah-cricket-academy-jn94ca,Shah Cricket Academy,box-cricket,box-cricket,https://www.google.com/maps/place/Shah+Cricket+Academy/data=!4m7!3m6!1s0xf2f69f0021cde9f:0x3627cb39f2ad1d2d!8m2!3d24.8724086!4d67.0660508!16s%2Fg%2F11pzy747ct!19sChIJn94cAvBpLw8RLR2t8jnLJzY?authuser=0&hl=en&rclk=1,2026-06-30 01:27:43.983847+05:00,4.7,44,+92 313 3713987,http://www.shahcric.com/,"Union club, Mirza Road, Darul Aman Society North North, Karachi, 74800, Pakistan",24.8724086,67.0660508
ChIJf1AdC24-sz4Roj9yoYQvMa8,shah-juice-jf1adc,Shah Juice,shisha,shisha,https://www.google.com/maps/place/Shah+Juice/data=!4m7!3m6!1s0x3eb33e6e0b1d507f:0xaf312f84a1723fa2!8m2!3d24.862044!4d67.0287484!16s%2Fg%2F11g6r997cs!19sChIJf1AdC24-sz4Roj9yoYQvMa8?authuser=0&hl=en&rclk=1,2026-06-30 01:27:43.983847+05:00,3.5,6,,,"V26H+RF9 Shah Juice, Depot Lines, Saddar Karachi, Pakistan",24.862043999999997,67.0287484
ChIJXWhv4Lg-sz4RQM27QKyzF4A,shah-jahan-park-cricket-ground-jxwhv4,Shah jahan Park - Cricket Ground,box-cricket,box-cricket,https://www.google.com/maps/place/Shah+jahan+Park+-+Cricket+Ground/data=!4m7!3m6!1s0x3eb33eb8e06f685d:0x8017b3ac40bbcd40!8m2!3d24.877188!4d67.0777827!16s%2Fg%2F1thbv3xf!19sChIJXWhv4Lg-sz4RQM27QKyzF4A?authuser=0&hl=en&rclk=1,2026-06-30 01:27:43.983847+05:00,4.1,157,+92 347 8060996,,"V3GH+V4F Shah jahan Park - Cricket Ground, Amir Khusro Road, C.P. & Berar Society Cp & Berar Chs, Karachi, Pakistan",24.877188,67.0777827
ChIJAQBRn7g9sz4RhXv44oS7EUw,shaheed-benazir-bhutto-park-jaqbrn,Shaheed Benazir Bhutto Park,parks,parks,https://www.google.com/maps/place/Shaheed+Benazir+Bhutto+Park/data=!4m7!3m6!1s0x3eb33db89f510001:0x4c11bb84e2f87b85!8m2!3d24.8263827!4d67.0238184!16s%2Fg%2F1w8w8h7j!19sChIJAQBRn7g9sz4RhXv44oS7EUw?authuser=0&hl=en&rclk=1,2026-06-30 01:27:43.983847+05:00,3.7,4023,,http://www.boatbasin.pk/,"Boat Basin Branch, Shop # 40-43, Commercial Sub Plot # FL-7/C/4 of Plot # 7, Block No. 5, Boat Basin, Block 5 Clifton, Karachi, 75600, Pakistan",24.8263827,67.0238184
ChIJ1Rv0Zsg4sz4RyHw7x8e4aLM,shaheed-e-inquilab-football-ground-j1rv0z,Shaheed-E-Inquilab Football ground,futsal,"futsal,parks",https://www.google.com/maps/place/Shaheed-E-Inquilab+Football+ground/data=!4m7!3m6!1s0x3eb338c866f41bd5:0xb368b8c7c73b7cc8!8m2!3d24.9267739!4d67.1048684!16s%2Fg%2F11hd7cj7t1!19sChIJ1Rv0Zsg4sz4RyHw7x8e4aLM?authuser=0&hl=en&rclk=1,2026-06-30 01:27:43.983847+05:00,4.5,623,+92 333 3917997,https://m.facebook.com/Gulshan.Soccer.Academy/,"Block 7 Gulshan-e-Iqbal, Karachi, 75300, Pakistan",24.9267739,67.1048684
ChIJ9yKI1Os-sz4RXhX6aE_zulg,shaheen-park-j9yki1,Shaheen Park,skating,"skating,parks",https://www.google.com/maps/place/Shaheen+Park/data=!4m7!3m6!1s0x3eb33eebd48822f7:0x58baf34f68fa155e!8m2!3d24.8835599!4d67.0669312!16s%2Fg%2F11bx3fgz7b!19sChIJ9yKI1Os-sz4RXhX6aE_zulg?authuser=0&hl=en&rclk=1,2026-06-30 01:27:43.983847+05:00,4.0,188,,,"V3M8+9RF Shaheen Park, Shaheen Ground, Bahadurabad BMCHS Sharafabad, Karachi, 74800, Pakistan",24.883559899999998,67.0669312
ChIJY_sxCag_sz4R3dkA-KfoMd4,shaheen-park-skating-rink-jy_sxc,Shaheen Park Skating Rink,skating,skating,https://www.google.com/maps/place/Shaheen+Park+Skating+Rink/data=!4m7!3m6!1s0x3eb33fa80931fb63:0xde31e8a7f800d9dd!8m2!3d24.8834361!4d67.0670512!16s%2Fg%2F11f9_qnrf_!19sChIJY_sxCag_sz4R3dkA-KfoMd4?authuser=0&hl=en&rclk=1,2026-06-30 01:27:43.983847+05:00,4.4,34,,,"V3M8+9RF Shaheen Park Skating Rink, Bahadurabad BMCHS Sharafabad, Karachi, Pakistan",24.883436099999997,67.0670512
ChIJwTDNz38_sz4RGvY-DW6z_Xk,shahid-football-club-jwtdnz,Shahid football club,futsal,futsal,https://www.google.com/maps/place/Shahid+football+club/data=!4m7!3m6!1s0x3eb33f7fcfcd30c1:0x79fdb36e0d3ef61a!8m2!3d24.8708658!4d67.0122872!16s%2Fg%2F11t3q45wg7!19sChIJwTDNz38_sz4RGvY-DW6z_Xk?authuser=0&hl=en&rclk=1,2026-06-30 01:27:43.983847+05:00,4.0,5,,,"V2C6+7WH Shahid football club, Usmanabad Ghazi Nagar, Karachi, Pakistan",24.870865799999997,67.0122872
ChIJjb_gBVg_sz4R7u71qe8zYOA,shahzaib-snooker-club-jjb_gb,Shahzaib snooker club,billiards,billiards,https://www.google.com/maps/place/Shahzaib+snooker+club/data=!4m7!3m6!1s0x3eb33f5805e0bf8d:0xe06033efa9f5eeee!8m2!3d24.9024348!4d67.0640864!16s%2Fg%2F11t0vcsr2l!19sChIJjb_gBVg_sz4R7u71qe8zYOA?authuser=0&hl=en&rclk=1,2026-06-30 01:27:43.983847+05:00,4.4,7,,,"W327+XJ8 Shahzaib snooker club, Essa Nagri Gulshan-e-Iqbal, Karachi, Pakistan",24.902434799999998,67.0640864
ChIJ0bD1opoXsz4RvXIdxy_e7qU,shakir-boat-j0bd1o,Shakir Boat,boating,boating,https://www.google.com/maps/place/Shakir+Boat/data=!4m7!3m6!1s0x3eb3179aa2f5b0d1:0xa5eede2fc71d72bd!8m2!3d24.8175525!4d66.975111!16s%2Fg%2F11p738sxgs!19sChIJ0bD1opoXsz4RvXIdxy_e7qU?authuser=0&hl=en&rclk=1,2026-06-30 01:27:43.983847+05:00,4.7,193,+92 348 6827310,https://shakirboat.com/,"Harbour, Gate No 01 Kemari - Manora Ferry, Port Of Karachi, Karachi, Pakistan",24.817552499999998,66.975111
ChIJF0lN5EU9sz4R-muCyMTnIXw,shamsi-academy-pvt-ltd-jf0ln5,Shamsi Academy (Pvt) Ltd.,tennis,tennis,https://www.google.com/maps/place/Shamsi+Academy+%28Pvt%29+Ltd./data=!4m7!3m6!1s0x3eb33d45e44d4917:0x7c21e7c4c8826bfa!8m2!3d24.8322122!4d67.0720158!16s%2Fg%2F11p59gtnb0!19sChIJF0lN5EU9sz4R-muCyMTnIXw?authuser=0&hl=en&rclk=1,2026-06-30 01:27:43.983847+05:00,3.9,7,+92 334 3997445,,"C-39-C 22nd Commercial St, Phase 2 Ext Defence Housing Authority, Karachi, 75500, Pakistan",24.832212199999997,67.0720158
ChIJG6xdFUw_sz4R5xYWrLfQJZQ,shehzad-swimming-pool-jg6xdf,Shehzad swimming pool۔ شہزاد سوئمنگ پول,swimming,swimming,https://www.google.com/maps/place/Shehzad+swimming+pool%DB%94+%D8%B4%DB%81%D8%B2%D8%A7%D8%AF+%D8%B3%D9%88%D8%A6%D9%85%D9%86%DA%AF+%D9%BE%D9%88%D9%84%E2%80%AD/data=!4m7!3m6!1s0x3eb33f4c155dac1b:0x9425d0b7ac1616e7!8m2!3d24.9260356!4d67.0516374!16s%2Fg%2F11g0_p_tdw!19sChIJG6xdFUw_sz4R5xYWrLfQJZQ?authuser=0&hl=en&rclk=1,2026-06-30 01:27:43.983847+05:00,3.8,178,+92 345 2075880,http://www.facebook.com/tahatalib007/,"W3G2+CM6 Shehzad swimming pool۔ شہزاد سوئمنگ پول, Karachi City, FB Area Block 4 Block 4 Gulberg Town, Karachi, Pakistan",24.9260356,67.05163739999999
ChIJR6VLDzQ_sz4RA_88xNbuMRA,sheikhain-art-gallery-studio-jr6vld,Sheikhain Art Gallery & Studio,museums-galleries,museums-galleries,https://www.google.com/maps/place/Sheikhain+Art+Gallery+%26+Studio/data=!4m7!3m6!1s0x3eb33f340f4ba547:0x1031eed6c43cff03!8m2!3d24.9211225!4d67.0889719!16s%2Fg%2F11gfb3n62s!19sChIJR6VLDzQ_sz4RA_88xNbuMRA?authuser=0&hl=en&rclk=1,2026-06-30 01:27:43.983847+05:00,4.6,35,+92 331 2354502,,"A118, Sheikhain Art Gallery & Studio, Main Sardar Ali Sabri Rd, Block 5 Gulshan-e-Iqbal, Karachi, 75300, Pakistan",24.9211225,67.08897189999999
ChIJy9YTYwA_sz4RSPkPN_IEZL0,shot-coffee-tipu-sultan-jy9yty,Shot coffee tipu sultan,board-game-paint-cafe,board-game-paint-cafe,https://www.google.com/maps/place/Shot+coffee+tipu+sultan/data=!4m7!3m6!1s0x3eb33f006313d6cb:0xbd6404f2370ff948!8m2!3d24.8659213!4d67.0774693!16s%2Fg%2F11ymdy_tnk!19sChIJy9YTYwA_sz4RSPkPN_IEZL0?authuser=0&hl=en&rclk=1,2026-06-30 01:27:43.983847+05:00,3.7,35,+92 339 0007468,http://www.shotcoffee.pk/,"Plot 4, Shot coffee tipu sultan, habitt city, main Tipu Sultan Rd, Karachi Memon Co-operative Housing Society Karachi Memon Society Karachi, 74400, Pakistan",24.8659213,67.07746929999999
ChIJpSamZNg9sz4RD7JMhPM6QpI,sind-club-jpsamz,Sind Club,tennis,"tennis,billiards,swimming",https://www.google.com/maps/place/Sind+Club/data=!4m7!3m6!1s0x3eb33dd864a626a5:0x92423af3844cb20f!8m2!3d24.8492816!4d67.031972!16s%2Fg%2F1hc1q7fxz!19sChIJpSamZNg9sz4RD7JMhPM6QpI?authuser=0&hl=en&rclk=1,2026-06-30 01:27:43.983847+05:00,4.5,1371,+92 21 111 721 871,http://sindclub.org.pk/,"Fatima Jinnah Rd, near Frere Hall،، Civil Lines Karachi, ،75530, Pakistan",24.849281599999998,67.031972
ChIJl3Xc2lw5sz4R76qenCwSjMs,sindbad-s-wonderland-amusement-park-jl3xc2,Sindbad's Wonderland Amusement Park,adventure-parks,adventure-parks,https://www.google.com/maps/place/Sindbad%27s+Wonderland+Amusement+Park/data=!4m7!3m6!1s0x3eb3395cdadc7597:0xcb8c122c9c9eaaef!8m2!3d24.9156644!4d67.0990284!16s%2Fg%2F1tf7qlzy!19sChIJl3Xc2lw5sz4R76qenCwSjMs?authuser=0&hl=en&rclk=1,2026-06-30 01:27:43.983847+05:00,4.2,9440,+92 21 34990569,http://sindbadwl.com/,"Sindbad's Wonderland Amusement Park، ST/G 29, Block 10 Gulshan-e-Iqbal, Karachi, 75300, Pakistan",24.915664399999997,67.0990284
ChIJIaFXrY89sz4RJUkXPb7G6Y8,sindh-govt-officers-club-bath-island-district-south-karachi-jiafxr,Sindh Govt. Officers Club Bath Island district South Karachi,swimming,"swimming,billiards",https://www.google.com/maps/place/Sindh+Govt.+Officers+Club+Bath+Island+district+South+Karachi/data=!4m7!3m6!1s0x3eb33d8fad57a121:0x8fe9c6be3d174925!8m2!3d24.8306547!4d67.0249748!16s%2Fg%2F11h2dcy2kj!19sChIJIaFXrY89sz4RJUkXPb7G6Y8?authuser=0&hl=en&rclk=1,2026-06-30 01:27:43.983847+05:00,4.3,244,+92 343 3340869,,"Sindh Govt. Officers Club Bath Island district South Karachi، Bathisland, Kehkashan Block 7 Clifton, Karachi, 75500, Pakistan",24.8306547,67.0249748
ChIJY5N1_ro_sz4RitTnQzzkiVk,sindh-sports-board-complex-jy5n1_,Sindh Sports Board Complex,tennis,"tennis,futsal,squash",https://www.google.com/maps/place/Sindh+Sports+Board+Complex/data=!4m7!3m6!1s0x3eb33fbafe759363:0x5989e43c43e7d48a!8m2!3d24.9087962!4d67.0318845!16s%2Fg%2F11xd59l0t!19sChIJY5N1_ro_sz4RitTnQzzkiVk?authuser=0&hl=en&rclk=1,2026-06-30 01:27:43.983847+05:00,4.2,520,+92 21 99230989,,"Govt. College for Men Next، Nawab Siddique Ali Khan Rd, Block 2 Nazimabad, Karachi, 74600, Pakistan",24.908796199999998,67.0318845
ChIJXxzjg1A_sz4R3R0ebMOlly4,sixteen-star-fc-jxxzjg,Sixteen Star FC,futsal,futsal,https://www.google.com/maps/place/Sixteen+Star+FC/data=!4m7!3m6!1s0x3eb33f5083e31c5f:0x2e97a5c36c1e1ddd!8m2!3d24.9397721!4d67.0824676!16s%2Fg%2F11fzfdqrwt!19sChIJXxzjg1A_sz4R3R0ebMOlly4?authuser=0&hl=en&rclk=1,2026-06-30 01:27:43.983847+05:00,4.3,193,,https://m.facebook.com/pages/16-Star-Football-Ground/170820613097178,"W3QJ+WX4 Sixteen Star FC, Federal B Area Block 16 Gulberg Town, Karachi, Pakistan",24.9397721,67.0824676
ChIJM6VCj1A_sz4Rc7FcdsWk4Hw,sixteen-star-football-ground-jm6vcj,Sixteen Star Football Ground,futsal,futsal,https://www.google.com/maps/place/Sixteen+Star+Football+Ground/data=!4m7!3m6!1s0x3eb33f508f42a533:0x7ce0a4c5765cb173!8m2!3d24.9398453!4d67.0829688!16s%2Fg%2F11c2k1b_kg!19sChIJM6VCj1A_sz4Rc7FcdsWk4Hw?authuser=0&hl=en&rclk=1,2026-06-30 01:27:43.983847+05:00,4.1,114,+92 348 5478654,,"W3QJ+WX4 Sixteen Star Football Ground, Plot Street 7, Federal B Area Block 16 Gulberg Town, Karachi, Pakistan",24.939845299999998,67.0829688
ChIJWckeEzY_sz4RzYpD2qQlxts,skating-rink-jwckee,Skating Rink,skating,skating,https://www.google.com/maps/place/Skating+Rink/data=!4m7!3m6!1s0x3eb33f36131ec959:0xdbc625a4da438acd!8m2!3d24.9248816!4d67.0872094!16s%2Fg%2F1vhkj07n!19sChIJWckeEzY_sz4RzYpD2qQlxts?authuser=0&hl=en&rclk=1,2026-06-30 01:27:43.983847+05:00,3.2,5,,,"W3FP+XV4 Skating Rink, Block 2 Gulshan-e-Iqbal, Karachi, Pakistan",24.9248816,67.08720939999999
ChIJkWnjOn1Asz4Rp_I-Wwvmxno,skills-valley-north-campus-jkwnjo,Skills Valley North Campus,cooking-classes,cooking-classes,https://www.google.com/maps/place/Skills+Valley+North+Campus/data=!4m7!3m6!1s0x3eb3407d3ae36991:0x7ac6e60b5b3ef2a7!8m2!3d24.9558765!4d67.0546077!16s%2Fg%2F11dymfxy64!19sChIJkWnjOn1Asz4Rp_I-Wwvmxno?authuser=0&hl=en&rclk=1,2026-06-30 01:27:43.983847+05:00,4.5,110,+92 21 36630711,https://skillsvalley.edu.pk/,"Skills Valley North Campus، C-14, Block J, North Nazimabad، near Sakhi Hassan, Block J Chowrangi, Karachi, Karachi, 74600, Pakistan",24.9558765,67.05460769999999
ChIJX_JTClg_sz4Rlueo6jdtx_E,skills-valley-rehnuma-campus-jx_jtc,Skills Valley Rehnuma Campus,cooking-classes,cooking-classes,https://www.google.com/maps/place/Skills+Valley+Rehnuma+Campus/data=!4m7!3m6!1s0x3eb33f580a53f25f:0xf1c76d37eaa8e796!8m2!3d24.8837197!4d67.0850362!16s%2Fg%2F11flzm7b6t!19sChIJX_JTClg_sz4Rlueo6jdtx_E?authuser=0&hl=en&rclk=1,2026-06-30 01:27:43.983847+05:00,3.9,12,+92 331 6977775,https://skillsvalley.edu.pk/,"Skills Valley Rehnuma Campus، 426-B, Adamjee Nagar, Dhoraji Colony، near American School & Zubaida Hospital, Kathiawar Society Muhammad Ali Chs (Machs), Karachi, Pakistan",24.8837197,67.08503619999999
ChIJ8U_Fy2c_sz4RkXh4MRAriVI,skillston-central-campus-j8u_fy,Skillston - Central Campus,cooking-classes,cooking-classes,https://www.google.com/maps/place/Skillston+-+Central+Campus/data=!4m7!3m6!1s0x3eb33f67cbc54ff1:0x52892b1031787891!8m2!3d24.9358771!4d67.0741678!16s%2Fg%2F11fxf0w1__!19sChIJ8U_Fy2c_sz4RkXh4MRAriVI?authuser=0&hl=en&rclk=1,2026-06-30 01:27:43.983847+05:00,4.2,91,+92 311 1754557,http://www.skillston.edu.pk/,"C-26, Federal B Area Block 13 Gulberg Town, Karachi, 75950, Pakistan",24.9358771,67.0741678
ChIJJxFOvWw-sz4RkD7cu98wIKQ,skillston-city-campus-jjxfov,Skillston - City Campus,cooking-classes,cooking-classes,https://www.google.com/maps/place/Skillston+-+City+Campus/data=!4m7!3m6!1s0x3eb33e6cbd4e1127:0xa42030dfbbdc3e90!8m2!3d24.9575118!4d67.1675291!16s%2Fg%2F11c328q_rn!19sChIJJxFOvWw-sz4RkD7cu98wIKQ?authuser=0&hl=en&rclk=1,2026-06-30 01:27:43.983847+05:00,4.2,34,+92 316 8881023,http://www.skillston.edu.pk/,"Skillston - City Campus، C-18,CIEC Housing society، Main Saadi Town Rd، Scheme 33 Karachi Karachi Central Information Housing Society Sector 36 A Gulzar E Hijri Scheme 33, Karachi, Pakistan",24.9575118,67.1675291
ChIJa9JEKm0_sz4RX8nAMcHfeLc,skillston-main-campus-ja9jek,Skillston - Main Campus,cooking-classes,cooking-classes,https://www.google.com/maps/place/Skillston+-+Main+Campus/data=!4m7!3m6!1s0x3eb33f6d2a44d26b:0xb778dfc131c0c95f!8m2!3d24.8538644!4d67.0227694!16s%2Fg%2F11sk9l1fyf!19sChIJa9JEKm0_sz4RX8nAMcHfeLc?authuser=0&hl=en&rclk=1,2026-06-30 01:27:43.983847+05:00,3.3,14,+92 21 35641363,http://www.skillston.edu.pk/,"3rd Floor Shafiq Plaza Block B, near Karachi Arts council, Karachi, 74100, Pakistan",24.8538644,67.0227694
ChIJXeyXJjc_sz4R1P3zy0E3kxo,smash-x-jxeyxj,Smash X,padel,padel,https://www.google.com/maps/place/Smash+X/data=!4m7!3m6!1s0x3eb33f372697ec5d:0x1a933741cbf3fdd4!8m2!3d24.8789741!4d67.0899472!16s%2Fg%2F11y4x8dljb!19sChIJXeyXJjc_sz4R1P3zy0E3kxo?authuser=0&hl=en&rclk=1,2026-06-30 01:27:43.983847+05:00,4.2,74,+92 346 7627491,https://www.smashxpk.com/,"KDA Scheme #1 KDA Scheme 1, Karachi, 74400, Pakistan",24.8789741,67.0899472
ChIJecZ4VQA_sz4R771gGsF6LtA,smash-x-bahadurabad-jecz4v,Smash X BAHADURABAD,padel,padel,https://www.google.com/maps/place/Smash+X+BAHADURABAD/data=!4m7!3m6!1s0x3eb33f005578c679:0xd02e7ac11a60bdef!8m2!3d24.8806223!4d67.0738821!16s%2Fg%2F11m765b3wz!19sChIJecZ4VQA_sz4R771gGsF6LtA?authuser=0&hl=en&rclk=1,2026-06-30 01:27:43.983847+05:00,4.0,37,+92 346 7627491,http://www.smashxpk.com/,"Bahadurabad Rd No. 24, Khokan Society Bahadur Yar Jang CHS, Karachi, Pakistan",24.8806223,67.07388209999999
ChIJCTqna245sz4RnDTNezeRQFw,smash-x-gulshan-jctqna,Smash X-Gulshan,padel,padel,https://www.google.com/maps/place/Smash+X-Gulshan/data=!4m7!3m6!1s0x3eb3396e6ba73a09:0x5c4091377bcd349c!8m2!3d24.9211198!4d67.1000702!16s%2Fg%2F11wv9f_kdb!19sChIJCTqna245sz4RnDTNezeRQFw?authuser=0&hl=en&rclk=1,2026-06-30 01:27:43.983847+05:00,4.5,44,+92 330 7627493,https://smashxpk.com/,"Off Main University Rd, Block 6 Gulshan-e-Iqbal, Karachi, Karachi City, Sindh 75300, Block 6 Gulshan-e-Iqbal, Karachi, 77550, Pakistan",24.9211198,67.10007019999999
ChIJ8xTvbwA9sz4R_v5E1N0BlyI,smoke-house-j8xtvb,Smoke House,shisha,shisha,https://www.google.com/maps/place/Smoke+House/data=!4m7!3m6!1s0x3eb33d006fef14f3:0x229701ddd444fefe!8m2!3d24.8071281!4d67.0393373!16s%2Fg%2F11lnkkd1mg!19sChIJ8xTvbwA9sz4R_v5E1N0BlyI?authuser=0&hl=en&rclk=1,2026-06-30 01:27:43.983847+05:00,4.6,25,+92 300 2815636,,"DHA Phase 5 Tauheed Commercial Area Defence V Defence Housing Authority, Karachi, 75500, Pakistan",24.8071281,67.0393373
ChIJcQFXP305sz4RwKgc_TzZzbM,smoke-city-jcqfxp,Smoke city,shisha,shisha,https://www.google.com/maps/place/Smoke+city/data=!4m7!3m6!1s0x3eb3397d3f570171:0xb3cdd93cfd1ca8c0!8m2!3d24.9071338!4d67.1346315!16s%2Fg%2F11lz_m4wdr!19sChIJcQFXP305sz4RwKgc_TzZzbM?authuser=0&hl=en&rclk=1,2026-06-30 01:27:43.983847+05:00,4.9,17,+92 314 2230712,,"shop no, Smoke city, 55, Rabia City Block 18 Gulistan-e-Johar, Karachi, 75290, Pakistan",24.9071338,67.1346315
ChIJa9CW308_sz4RMvGrwT9pzSM,snooker-corner-ja9cw3,Snooker Corner,billiards,billiards,https://www.google.com/maps/place/Snooker+Corner/data=!4m7!3m6!1s0x3eb33f4fdf96d06b:0x23cd693fc1abf132!8m2!3d24.8780215!4d67.0341626!16s%2Fg%2F11sfpdp002!19sChIJa9CW308_sz4RMvGrwT9pzSM?authuser=0&hl=en&rclk=1,2026-06-30 01:27:43.983847+05:00,4.6,19,+92 336 2029092,,"3 No, Snooker Corner, 1st Floor, above Friends Medical, opposite Fatmiyah Hospital, Soldier Bazaar Garden East, Karachi, Pakistan",24.8780215,67.0341626
ChIJFYned4E_sz4R6qhz1s_NRJU,snooker-point-jfyned,Snooker Point,billiards,billiards,https://www.google.com/maps/place/Snooker+Point/data=!4m7!3m6!1s0x3eb33f8177de8915:0x9544cdcfd673a8ea!8m2!3d24.8632524!4d67.0802642!16s%2Fg%2F11tcs7vmqk!19sChIJFYned4E_sz4R6qhz1s_NRJU?authuser=0&hl=en&rclk=1,2026-06-30 01:27:43.983847+05:00,3.9,7,+92 345 8202877,,"Karachi Administration Employees Housing Society Block 3 P.E.C.H.S., Karachi, 75350, Pakistan",24.8632524,67.0802642
ChIJRd2oOuU9sz4RqXsIw4FRxOw,snooker-club-playstation-lounge-jrd2oo,Snooker club & playstation lounge,billiards,billiards,https://www.google.com/maps/place/Snooker+club+%26+playstation+lounge/data=!4m7!3m6!1s0x3eb33de53aa8dd45:0xecc45181c3087ba9!8m2!3d24.7989298!4d67.0447202!16s%2Fg%2F11vdxbtqm7!19sChIJRd2oOuU9sz4RqXsIw4FRxOw?authuser=0&hl=en&rclk=1,2026-06-30 01:27:43.983847+05:00,4.8,91,+92 301 0888288,,"5, DHA Phase 5 Badar Commercial Area Defence V Defence Housing Authority, Karachi, 75500, Pakistan",24.7989298,67.0447202
ChIJ20ckcwA_sz4R2XzfBIGsIjs,space-padel-j20ckc,Space Padel,padel,padel,https://www.google.com/maps/place/Space+Padel/data=!4m7!3m6!1s0x3eb33f00732447db:0x3b22ac8104df7cd9!8m2!3d24.8627731!4d67.0695722!16s%2Fg%2F11md4h7fmf!19sChIJ20ckcwA_sz4R2XzfBIGsIjs?authuser=0&hl=en&rclk=1,2026-06-30 01:27:43.983847+05:00,4.5,31,+92 320 3817311,,"V379+4RP Space Padel, P.E.C.H.S Block 2 Block 6 P.E.C.H.S., Karachi, Pakistan",24.8627731,67.0695722
ChIJE4W6YwA9sz4RUA6zAs_7sPU,sport-on-je4w6y,Sport On,padel,"padel,futsal",https://www.google.com/maps/place/Sport+On/data=!4m7!3m6!1s0x3eb33d0063ba8513:0xf5b0fbcf02b30e50!8m2!3d24.8110625!4d67.0233125!16s%2Fg%2F11x323lz2y!19sChIJE4W6YwA9sz4RUA6zAs_7sPU?authuser=0&hl=en&rclk=1,2026-06-30 01:27:43.983847+05:00,4.4,81,+92 311 7767866,,"R26F+C8 Sport On, 3 block, Block 3 Clifton, Karachi, 75600, Pakistan",24.8110625,67.0233125
ChIJH9NzHO4_sz4R-72mMqjY-K8,sport-s-science-cricket-academy-jh9nzh,Sport's Science Cricket Academy,box-cricket,box-cricket,https://www.google.com/maps/place/Sport%27s+Science+Cricket+Academy/data=!4m7!3m6!1s0x3eb33fee1c73d31f:0xaff8d8a832a6bdfb!8m2!3d24.8578705!4d67.0278742!16s%2Fg%2F11ry1n21q5!19sChIJH9NzHO4_sz4R-72mMqjY-K8?authuser=0&hl=en&rclk=1,2026-06-30 01:27:43.983847+05:00,4.5,43,+92 300 9228520,,"Saddar New Chali, Karachi, 74600, Pakistan",24.8578705,67.0278742
ChIJQ7-AVgA9sz4R4kqf4uaF150,sportefy-arena-by-pr-jq7-av,Sportefy Arena By PR,padel,padel,https://www.google.com/maps/place/Sportefy+Arena+By+PR/data=!4m7!3m6!1s0x3eb33d005680bf43:0x9dd785e6e29f4ae2!8m2!3d24.8453125!4d67.0509375!16s%2Fg%2F11nc7n859v!19sChIJQ7-AVgA9sz4R4kqf4uaF150?authuser=0&hl=en&rclk=1,2026-06-30 01:27:43.983847+05:00,4.3,9,+92 339 4120006,http://sportefypakistan.com/,"R3W2+499 Sportefy Arena By PR, Pakistan Railways Housing Society Karachi Cantonment, Karachi, Pakistan",24.8453125,67.0509375
ChIJs_AUEgA_sz4RuX2mrEHEdd4,sports-factory-js_aue,Sports Factory,box-cricket,"box-cricket,futsal,tennis",https://www.google.com/maps/place/Sports+Factory/data=!4m7!3m6!1s0x3eb33f001214f0b3:0xde75c441aca67db9!8m2!3d24.898584!4d67.0693527!16s%2Fg%2F11vypb2wyj!19sChIJs_AUEgA_sz4RuX2mrEHEdd4?authuser=0&hl=en&rclk=1,2026-06-30 01:27:43.983847+05:00,4.6,67,+92 335 9277770,,"Main University Rd, opposite Civic Centre, Essa Nagri Eissa Nagri, Karachi, Pakistan",24.898584,67.0693527
ChIJsdFJO0I7sz4RRphSNBWgfkA,sports-hub-jsdfjo,Sports Hub,padel,padel,https://www.google.com/maps/place/Sports+Hub/data=!4m7!3m6!1s0x3eb33b423b49d1b1:0x407ea01534529846!8m2!3d24.8386875!4d67.0986875!16s%2Fg%2F11z1193_jl!19sChIJsdFJO0I7sz4RRphSNBWgfkA?authuser=0&hl=en&rclk=1,2026-06-30 01:27:43.983847+05:00,5.0,10,+92 333 7767874,,"Mehran Town Sector 6 F Korangi, Karachi, Pakistan",24.8386875,67.0986875
ChIJ88_21Lk5sz4RZROg5iEbb6M,sports-spirit-gate-1-indoor-cricket-futsal-arena-j88_21,Sports Spirit Gate 1 - Indoor Cricket & Futsal Arena,box-cricket,"box-cricket,futsal",https://www.google.com/maps/place/Sports+Spirit+Gate+1+-+Indoor+Cricket+%26+Futsal+Arena/data=!4m7!3m6!1s0x3eb339b9d4f6cff3:0xa36f1b21e6a01365!8m2!3d24.9365352!4d67.0950462!16s%2Fg%2F11tgfp_7nz!19sChIJ88_21Lk5sz4RZROg5iEbb6M?authuser=0&hl=en&rclk=1,2026-06-30 01:27:43.983847+05:00,4.0,81,+92 323 8283392,https://linktr.ee/SportsSpirit,"BLOCK, Sports Spirit Gate 1 - Indoor Cricket & Futsal Arena, Gulshan-e-iqbal block 4-A ,Plot No A-1R GULSHAN, 4 St A, Block 4 A Gulshan-e-Iqbal, Karachi, 75300, Pakistan",24.936535199999998,67.0950462
ChIJdcanY60_sz4RoeZ_WOFseIc,sportsol-jdcany,Sportsol,box-cricket,"box-cricket,futsal",https://www.google.com/maps/place/Sportsol/data=!4m7!3m6!1s0x3eb33fad63a7c675:0x87786ce1587fe6a1!8m2!3d24.8641185!4d67.0721283!16s%2Fg%2F11y33974z7!19sChIJdcanY60_sz4RoeZ_WOFseIc?authuser=0&hl=en&rclk=1,2026-06-30 01:27:43.983847+05:00,4.5,99,+92 304 2228306,https://www.sportsol.pk/,"35-C, Block 6, Shahrah-e-Faisal Block 6 P.E.C.H.S., Karachi, 75350, Pakistan",24.8641185,67.0721283
ChIJXbCAGEs_sz4R2KTPQScxpC4,sportswing-jxbcag,Sportswing,padel,"padel,box-cricket,futsal",https://www.google.com/maps/place/Sportswing/data=!4m7!3m6!1s0x3eb33f4b1880b05d:0x2ea4312741cfa4d8!8m2!3d24.8764672!4d67.0615972!16s%2Fg%2F11rn054d7r!19sChIJXbCAGEs_sz4R2KTPQScxpC4?authuser=0&hl=en&rclk=1,2026-06-30 01:27:43.983847+05:00,4.3,241,+92 324 1541163,http://www.sportswing.pk/,"171-B, Block 3 P.E.C.H.S., Karachi, 75000, Pakistan",24.8764672,67.0615972
ChIJ7e2jKgA_sz4R2UNLThOUdqU,sportswing-chapter-2-j7e2jk,Sportswing Chapter 2,padel,"padel,box-cricket,futsal",https://www.google.com/maps/place/Sportswing+Chapter+2/data=!4m7!3m6!1s0x3eb33f002aa3eded:0xa57694134e4b43d9!8m2!3d24.8984347!4d67.0725806!16s%2Fg%2F11w9xyj2dh!19sChIJ7e2jKgA_sz4R2UNLThOUdqU?authuser=0&hl=en&rclk=1,2026-06-30 01:27:43.983847+05:00,4.2,47,+92 324 1541163,http://www.sportswing.pk/,"V3XF+C2G Sportswing Chapter 2, Unnamed Road, Block 14 Gulshan-e-Iqbal, Karachi, Pakistan",24.8984347,67.0725806
ChIJpV0O2wE-sz4RCzHGypCUpkE,state-bank-museum-art-gallery-jpv0o2,State Bank Museum & Art Gallery,museums-galleries,museums-galleries,https://www.google.com/maps/place/State+Bank+Museum+%26+Art+Gallery/data=!4m7!3m6!1s0x3eb33e01db0e5da5:0x41a69490cac6310b!8m2!3d24.8484425!4d66.9994314!16s%2Fg%2F11gdt9vbmz!19sChIJpV0O2wE-sz4RCzHGypCUpkE?authuser=0&hl=en&rclk=1,2026-06-30 01:27:43.983847+05:00,4.7,443,+92 21 99221011,,"RXXX+9QF State Bank Museum & Art Gallery, I.I Chundrigar Rd, Lalazar, Karachi, Pakistan",24.848442499999997,66.99943139999999
ChIJrUQA5QY_sz4R5cpEDlQOjf8,stella-bistro-jruqa5,Stella Bistro,shisha,shisha,https://www.google.com/maps/place/Stella+Bistro/data=!4m7!3m6!1s0x3eb33f06e50044ad:0xff8d0e540e44cae5!8m2!3d24.8774752!4d67.0637929!16s%2Fg%2F11myh1hwdk!19sChIJrUQA5QY_sz4R5cpEDlQOjf8?authuser=0&hl=en&rclk=1,2026-06-30 01:27:43.983847+05:00,4.7,55,+92 301 2234444,,"Rooftops, free port shopping mall, main Tariq Road, Karachi, Delhi CHS Karachi, 00000, Pakistan",24.8774752,67.0637929
ChIJx7OssPA9sz4RcGEIrZ8_2fM,strike-force-paintball-arena-jx7oss,Strike Force Paintball Arena,paintball,paintball,https://www.google.com/maps/place/Strike+Force+Paintball+Arena/data=!4m7!3m6!1s0x3eb33df0b0acb3c7:0xf3d93f9fad086170!8m2!3d24.8101012!4d67.0217557!16s%2Fg%2F11xmxtz9kt!19sChIJx7OssPA9sz4RcGEIrZ8_2fM?authuser=0&hl=en&rclk=1,2026-06-30 01:27:43.983847+05:00,5.0,40,+92 339 7836723,http://strikeforce.com.pk/,"Bagh Ibn-e-Qasim Park, inside Sport On, Block 3 Clifton, Karachi, Pakistan",24.8101012,67.0217557
ChIJZdQ0BsxBsz4RfBk0ticavfs,striker-indoor-cricket-jzdq0b,Striker Indoor Cricket,box-cricket,box-cricket,https://www.google.com/maps/place/Striker+Indoor+Cricket/data=!4m7!3m6!1s0x3eb341cc0634d465:0xfbbd1a27b634197c!8m2!3d24.9985625!4d67.0694375!16s%2Fg%2F11ys3whtd0!19sChIJZdQ0BsxBsz4RfBk0ticavfs?authuser=0&hl=en&rclk=1,2026-06-30 01:27:43.983847+05:00,4.3,14,+92 328 2332593,https://www.instagram.com/striker2722/,"X3X9+CQ4 Striker Indoor Cricket, Sector 5M Sector 5 M New Karachi Town, Karachi, 75850, Pakistan",24.9985625,67.06943749999999
ChIJlVQnw_8-sz4RT44Qo0AlztM,student-sports-cricket-ground-jlvqnw,Student Sports Cricket Ground,box-cricket,box-cricket,https://www.google.com/maps/place/Student+Sports+Cricket+Ground/data=!4m7!3m6!1s0x3eb33effc3275495:0xd3ce2540a3108e4f!8m2!3d24.8965906!4d67.0481346!16s%2Fg%2F1tkslv74!19sChIJlVQnw_8-sz4RT44Qo0AlztM?authuser=0&hl=en&rclk=1,2026-06-30 01:27:43.983847+05:00,3.9,848,,,"V2WX+J7J Student Sports Cricket Ground, 34th St, Federal B Area B Area, Karachi, Pakistan",24.8965906,67.0481346
ChIJfTNB1GZBsz4R2QnDT5u_j0o,studio-71-jftnb1,Studio 71,music-rooms,music-rooms,https://www.google.com/maps/place/Studio+71/data=!4m7!3m6!1s0x3eb34166d441337d:0x4a8fbf9b4fc309d9!8m2!3d24.9458528!4d67.0416045!16s%2Fg%2F11h03306ls!19sChIJfTNB1GZBsz4R2QnDT5u_j0o?authuser=0&hl=en&rclk=1,2026-06-30 01:27:43.983847+05:00,4.1,23,+92 335 1293131,https://m.facebook.com/Playtoliveordie/?ref=bookmarks,"Plot B 71, Block D North Nazimabad Town, Karachi, Pakistan",24.945852799999997,67.04160449999999
ChIJ05_ZxW0_sz4RXOehZUlVyZ4,studio-i-j05_zx,Studio i,music-rooms,music-rooms,https://www.google.com/maps/place/Studio+i/data=!4m7!3m6!1s0x3eb33f6dc5d99fd3:0x9ec9554965a1e75c!8m2!3d24.9000945!4d67.0298879!16s%2Fg%2F11v0vt6_4j!19sChIJ05_ZxW0_sz4RXOehZUlVyZ4?authuser=0&hl=en&rclk=1,2026-06-30 01:27:43.983847+05:00,4.6,26,,,"C-35, Studio i, AliZar Homes, Gulbahar Rizvia Society, Karachi, 74600, Pakistan",24.900094499999998,67.02988789999999
ChIJfQYE7xs9sz4R3xG1rbOlWAI,suleman-rehman-art-studio-jfqye7,Suleman Rehman Art Studio,pottery-art,pottery-art,https://www.google.com/maps/place/Suleman+Rehman+Art+Studio/data=!4m7!3m6!1s0x3eb33d1bef04067d:0x258a5b3adb511df!8m2!3d24.8113843!4d67.0330762!16s%2Fg%2F11m81xg_79!19sChIJfQYE7xs9sz4R3xG1rbOlWAI?authuser=0&hl=en&rclk=1,2026-06-30 01:27:43.983847+05:00,4.9,41,+92 307 0673893,https://www.saatchiart.com/artbysuleman,"House No.2, Suleman Rehman Art Studio, Street No.2, Old Clifton Karachi, 75600, Pakistan",24.8113843,67.0330762
ChIJ9wRDKEE8sz4Rks0Qon43o8U,sunset-club-walking-track-j9wrdk,Sunset Club (Walking Track),swimming,"swimming,billiards",https://www.google.com/maps/place/Sunset+Club+%28Walking+Track%29/data=!4m7!3m6!1s0x3eb33c41284304f7:0xc5a3377ea210cd92!8m2!3d24.8300579!4d67.0651586!16s%2Fg%2F1tj48z27!19sChIJ9wRDKEE8sz4Rks0Qon43o8U?authuser=0&hl=en&rclk=1,2026-06-30 01:27:43.983847+05:00,4.1,757,+92 21 35388123,,"R3J8+23F Sunset Club (Walking Track), Jami Staff Lane 2, Phase 2 Ext Defence Housing Authority, Karachi, 75500, Pakistan",24.8300579,67.0651586
ChIJTdtDblE5sz4RWLOvHtCgpdE,super-space-jtdtdb,Super Space,trampoline,"trampoline,arcades,bowling,laser-tag,vr",https://www.google.com/maps/place/Super+Space/data=!4m7!3m6!1s0x3eb339516e43db4d:0xd1a5a0d01eafb358!8m2!3d24.823889!4d67.035556!16s%2Fg%2F11hdpksdr6!19sChIJTdtDblE5sz4RWLOvHtCgpdE?authuser=0&hl=en&rclk=1,2026-06-30 01:27:43.983847+05:00,4.1,290,+92 326 8054040,,"5th floor, Super Space, Ocean Towers, Clifton Block 9 Clifton, Karachi, 75600, Pakistan",24.823888999999998,67.035556
ChIJ8_3IWkQ5sz4RlCk2NMUyvNc,super-space-mega-mall-j8_3iw,Super Space Mega Mall,laser-tag,laser-tag,https://www.google.com/maps/place/Super+Space+Mega+Mall/data=!4m7!3m6!1s0x3eb339445ac8fdf3:0xd7bc32c534362994!8m2!3d24.9099898!4d67.1274859!16s%2Fg%2F11sk9lhv0v!19sChIJ8_3IWkQ5sz4RlCk2NMUyvNc?authuser=0&hl=en&rclk=1,2026-06-30 01:27:43.983847+05:00,4.0,347,+92 326 8054040,,"Third floor, Super Space Mega Mall, Mega Mall, Block 18 Gulistan-e-Johar, Karachi, 75300, Pakistan",24.909989799999998,67.1274859
ChIJ2el21h5Bsz4R6eNwkKe-Um4,swimming-pool-north-karachi-j2el21,Swimming pool north Karachi,swimming,swimming,https://www.google.com/maps/place/Swimming+pool+north+Karachi/data=!4m7!3m6!1s0x3eb3411ed676e9d9:0x6e52bea79070e3e9!8m2!3d24.9673708!4d67.0624184!16s%2Fg%2F11hyd3fc1t!19sChIJ2el21h5Bsz4R6eNwkKe-Um4?authuser=0&hl=en&rclk=1,2026-06-30 01:27:43.983847+05:00,3.5,40,+92 332 2557522,,"Plot St No 10, Sector 11-C/1 Sector 11 C 1 North Karachi, Karachi, Pakistan",24.967370799999998,67.0624184
ChIJ1eOgegA_sz4RCLer7X4o8GI,s-m-snooker-club-j1eoge,S©M snooker club,billiards,billiards,https://www.google.com/maps/place/S%C2%A9M+snooker+club/data=!4m7!3m6!1s0x3eb33f007aa0e3d5:0x62f0287eedabb708!8m2!3d24.866374!4d67.031403!16s%2Fg%2F11xyskwt2f!19sChIJ1eOgegA_sz4RCLer7X4o8GI?authuser=0&hl=en&rclk=1,2026-06-30 01:27:43.983847+05:00,4.8,18,,,"V28J+HH9 S©M snooker club, Saqib Shaheed Rd, Central Jacob Lines Karachi, Pakistan",24.866374,67.031403
ChIJoXw8Ui0_sz4RvJu1aoFwe50,t-court-joxw8u,T-court,futsal,futsal,https://www.google.com/maps/place/T-court/data=!4m7!3m6!1s0x3eb33f2d523c7ca1:0x9d7b70816ab59bbc!8m2!3d24.9277937!4d67.0787185!16s%2Fg%2F11hzhwj5b2!19sChIJoXw8Ui0_sz4RvJu1aoFwe50?authuser=0&hl=en&rclk=1,2026-06-30 01:27:43.983847+05:00,4.4,37,,,"W3HH+4F8 T-court, Federal B Area Block 15 Gulberg Town, Karachi, Pakistan",24.9277937,67.0787185
ChIJj_X1Z1w-sz4ReCUDgrzrY9M,tdf-ghar-jj_x1z,TDF Ghar,board-game-paint-cafe,"board-game-paint-cafe,music-rooms",https://www.google.com/maps/place/TDF+Ghar/data=!4m7!3m6!1s0x3eb33e5c67f5f58f:0xd363ebbc82032578!8m2!3d24.8778344!4d67.038079!16s%2Fg%2F11g9qj0s3c!19sChIJj_X1Z1w-sz4ReCUDgrzrY9M?authuser=0&hl=en&rclk=1,2026-06-30 01:27:43.983847+05:00,4.5,2830,+92 301 8447051,http://www.dawoodfoundation.org/,"Muhammad Ali Jinnah Rd, Soldier Bazaar Catholic Colony, Karachi, Pakistan",24.877834399999998,67.038079
ChIJFz1QFvc_sz4RCn8K3zfYXv4,tdf-magnifi-science-centre-jfz1qf,TDF Magnifi Science Centre,museums-galleries,museums-galleries,https://www.google.com/maps/place/TDF+Magnifi+Science+Centre/data=!4m7!3m6!1s0x3eb33ff716503d17:0xfe5ed837df0a7f0a!8m2!3d24.8466483!4d67.0030539!16s%2Fg%2F11j57w3svd!19sChIJFz1QFvc_sz4RCn8K3zfYXv4?authuser=0&hl=en&rclk=1,2026-06-30 01:27:43.983847+05:00,4.7,4654,+92 21 38899672,https://magnifiscience.org/,"Plot no 1 RY-15, TDF Magnifi Science Centre, Railway Quarter, Lalazar, Karachi, 75530, Pakistan",24.8466483,67.0030539
ChIJ7SVBDtg_sz4RErsEY9uVwxc,the-cage-futsal-court-j7svbd,THE CAGE FUTSAL COURT,futsal,futsal,https://www.google.com/maps/place/THE+CAGE+FUTSAL+COURT/data=!4m7!3m6!1s0x3eb33fd80e4125ed:0x17c395db6304bb12!8m2!3d24.9269263!4d67.0440432!16s%2Fg%2F11srzcwgxp!19sChIJ7SVBDtg_sz4RErsEY9uVwxc?authuser=0&hl=en&rclk=1,2026-06-30 01:27:43.983847+05:00,4.5,13,+92 312 2308988,,"24.926797, 67.044140, Block F North Nazimabad Town, Karachi, Pakistan",24.926926299999998,67.04404319999999
ChIJ_-MIpmI-sz4R5iRGxTxFUos,tanki-ground-j_-mip,Tanki Ground,futsal,futsal,https://www.google.com/maps/place/Tanki+Ground/data=!4m7!3m6!1s0x3eb33e62a608e3ff:0x8b52453cc54624e6!8m2!3d24.8646875!4d67.0460625!16s%2Fg%2F1tgjjs0r!19sChIJ_-MIpmI-sz4R5iRGxTxFUos?authuser=0&hl=en&rclk=1,2026-06-30 01:27:43.983847+05:00,4.0,539,,,"V27W+H22 Tanki Ground, Jat Land Lines, Karachi, Pakistan",24.8646875,67.04606249999999
ChIJoe-osKA_sz4RcSHCFrzaDyE,tanki-ground-joe-os,Tanki Groundٹنکی گراؤنڈ,futsal,futsal,https://www.google.com/maps/place/Tanki+Ground%D9%B9%D9%86%DA%A9%DB%8C+%DA%AF%D8%B1%D8%A7%D8%A4%D9%86%DA%88%E2%80%AD/data=!4m7!3m6!1s0x3eb33fa0b0a8efa1:0x210fdabc16c22171!8m2!3d24.9145021!4d67.0453803!16s%2Fg%2F11c1vbc957!19sChIJoe-osKA_sz4RcSHCFrzaDyE?authuser=0&hl=en&rclk=1,2026-06-30 01:27:43.983847+05:00,3.9,281,+92 302 2949510,,"W27W+R52 Tanki Groundٹنکی گراؤنڈ, Federal B Area FC Area, Karachi, Pakistan",24.9145021,67.04538029999999
ChIJabOZXsw-sz4RSqEP2o1KKBM,tennis-court-jabozx,Tennis Court,tennis,tennis,https://www.google.com/maps/place/Tennis+Court/data=!4m7!3m6!1s0x3eb33ecc5e99b369:0x13284a8dda0fa14a!8m2!3d24.8892102!4d67.0908076!16s%2Fg%2F1wtbsccq!19sChIJabOZXsw-sz4RSqEP2o1KKBM?authuser=0&hl=en&rclk=1,2026-06-30 01:27:43.983847+05:00,4.5,6,,,"V3QR+M8M Tennis Court, PNS Jauhar Karsaz Faisal Cantonment, Karachi, Pakistan",24.889210199999997,67.09080759999999
ChIJ3YgsEEY_sz4R0fv_r0eLIXw,tennis-guild-j3ygse,Tennis Guild,tennis,tennis,https://www.google.com/maps/place/Tennis+Guild/data=!4m7!3m6!1s0x3eb33f46102c88dd:0x7c218b47affffbd1!8m2!3d24.930096!4d67.081284!16s%2Fg%2F11gc206v1m!19sChIJ3YgsEEY_sz4R0fv_r0eLIXw?authuser=0&hl=en&rclk=1,2026-06-30 01:27:43.983847+05:00,2.7,6,+92 321 2626663,,"Tennis Guild، Customs Cricket Academy, ST-1, Block 15, Federal ""B"" Area, Gulberg Town, Karachi, Pakistan",24.930096,67.081284
ChIJAQndwQk_sz4RcwmBIrNkSh8,the-22-yards-arena-jaqndw,The 22 Yards Arena,box-cricket,box-cricket,https://www.google.com/maps/place/The+22+Yards+Arena/data=!4m7!3m6!1s0x3eb33f09c1dd0901:0x1f4a64b322810973!8m2!3d24.9224649!4d67.0663681!16s%2Fg%2F11x11883s1!19sChIJAQndwQk_sz4RcwmBIrNkSh8?authuser=0&hl=en&rclk=1,2026-06-30 01:27:43.983847+05:00,3.8,12,+92 339 2420900,,"ST-21, near Mukka Chowk, Federal B Area Block 7 Gulberg Town, Karachi, 75850, Pakistan",24.922464899999998,67.06636809999999
ChIJA3VmfQA5sz4Rrk5nWNf2jpg,the-arena-x-ja3vmf,The Arena X,padel,"padel,billiards,box-cricket,futsal",https://www.google.com/maps/place/The+Arena+X/data=!4m7!3m6!1s0x3eb339007d667503:0x988ef6d758674eae!8m2!3d24.9233985!4d67.1150585!16s%2Fg%2F11x321_ngz!19sChIJA3VmfQA5sz4Rrk5nWNf2jpg?authuser=0&hl=en&rclk=1,2026-06-30 01:27:43.983847+05:00,4.5,182,+92 339 0390069,https://thearenax.pk/,"Plot ST-1A, 16 block, opposite Continental Bakery, Block 16 Gulistan-e-Johar, Karachi, 75290, Pakistan",24.923398499999998,67.1150585
ChIJVY8Kma09sz4RMTUD3e7S6qE,the-basement-gaming-cafe-jvy8km,The Basement Gaming Cafe,board-game-paint-cafe,"board-game-paint-cafe,billiards",https://www.google.com/maps/place/The+Basement+Gaming+Cafe/data=!4m7!3m6!1s0x3eb33dad990a8f55:0xa1ead2eedd033531!8m2!3d24.8170834!4d67.0429248!16s%2Fg%2F11fzf417fx!19sChIJVY8Kma09sz4RMTUD3e7S6qE?authuser=0&hl=en&rclk=1,2026-06-30 01:27:43.983847+05:00,4.3,251,+92 320 7887499,,"Plot 4-C, 2nd Zamzama Commercial Lane, Phase-V, DHA, Zamzama Commercial Area Defence V Karachi, 75500, Pakistan",24.817083399999998,67.0429248
ChIJXYM9WgQ9sz4RYHcnA8wI2ME,the-buzzing-beez-play-caf-jxym9w,The Buzzing Beez Play Café,board-game-paint-cafe,board-game-paint-cafe,https://www.google.com/maps/place/The+Buzzing+Beez+Play+Caf%C3%A9/data=!4m7!3m6!1s0x3eb33d045a3d835d:0xc1d808cc03277760!8m2!3d24.8008475!4d67.0576882!16s%2Fg%2F11fmw89s92!19sChIJXYM9WgQ9sz4RYHcnA8wI2ME?authuser=0&hl=en&rclk=1,2026-06-30 01:27:43.983847+05:00,4.4,296,+92 327 2830570,https://thebuzzingbeez.com/,"Plot 1-4C, 17th Street, Khayaban-e-Seher, D.H.A Phase 6 Nishat Commercial Area Phase 6 Defence Housing Authority, Karachi, 75500, Pakistan",24.8008475,67.0576882
ChIJq_z8PQo9sz4RxYa19kwZlZE,the-cafe-nook-jq_z8p,The Cafe Nook,board-game-paint-cafe,board-game-paint-cafe,https://www.google.com/maps/place/The+Cafe+Nook/data=!4m7!3m6!1s0x3eb33d0a3dfcfcab:0x9195194cf6b586c5!8m2!3d24.7893116!4d67.0748254!16s%2Fg%2F11x16yw_ck!19sChIJq_z8PQo9sz4RxYa19kwZlZE?authuser=0&hl=en&rclk=1,2026-06-30 01:27:43.983847+05:00,4.6,32,+92 345 0050193,https://thecafenook.com/,"Plot No 66-C, The Cafe Nook, 8 Ln Number 2, Phase Zulfiqar & Al Murtaza Commercial Area Phase 8 Defence Housing Authority, Karachi, 75500, Pakistan",24.789311599999998,67.0748254
ChIJNyXBSVk_sz4ReK3GNvYka54,the-continental-snooker-club-jnyxbs,The Continental Snooker Club,billiards,billiards,https://www.google.com/maps/place/The+Continental+Snooker+Club/data=!4m7!3m6!1s0x3eb33f5949c12537:0x9e6b24f636c6ad78!8m2!3d24.8710036!4d67.0591613!16s%2Fg%2F11j0s619bk!19sChIJNyXBSVk_sz4ReK3GNvYka54?authuser=0&hl=en&rclk=1,2026-06-30 01:27:43.983847+05:00,4.4,184,+92 336 2596956,,"316 C 1st Floor Raheel Arcade, Opp Dubai Islamic Bank, Tariq Rd, next to Pizza Max, Central Comm, Block 2 P.E.C.H.S., Karachi, 75100, Pakistan",24.871003599999998,67.0591613
ChIJrSoYEUI9sz4RVFW-1apnwYk,the-craftastic-club-jrsoye,The Craftastic Club,pottery-art,pottery-art,https://www.google.com/maps/place/The+Craftastic+Club/data=!4m7!3m6!1s0x3eb33d4211182aad:0x89c167aad5be5554!8m2!3d24.8113462!4d67.0420828!16s%2Fg%2F11h4nctjmb!19sChIJrSoYEUI9sz4RVFW-1apnwYk?authuser=0&hl=en&rclk=1,2026-06-30 01:27:43.983847+05:00,4.5,6,+92 308 1552234,,"21/2 19th St, off Khayaban-e-Tanzeem, DHA Phase 5 Defence V Defence Housing Authority, Karachi, 75500, Pakistan",24.8113462,67.0420828
ChIJ9_ekJrtHsz4RtK9gZmSgJHo,the-dera-restaurant-cafe-j9_ekj,The Dera Restaurant & Cafe,shisha,shisha,https://www.google.com/maps/place/The+Dera+Restaurant+%26+Cafe/data=!4m7!3m6!1s0x3eb347bb26a4f7f7:0x7a24a0646660afb4!8m2!3d24.9664541!4d67.1082557!16s%2Fg%2F11shg6x1xv!19sChIJ9_ekJrtHsz4RtK9gZmSgJHo?authuser=0&hl=en&rclk=1,2026-06-30 01:27:43.983847+05:00,4.3,171,+92 321 2909504,https://thederarestaurant.com/,"Behide GEO Sahnwari, Karachi - Hyderabad Mtwy, near NASRA SCHOOL, Sector 3 B Gulzar E Hijri Scheme 33, Karachi, Pakistan",24.9664541,67.1082557
ChIJLZsFFBs_sz4RHC5rG0LSakU,the-edge-gaming-zone-jlzsf,The Edge Gaming Zone,arcades,arcades,"https://www.google.com/maps/place/The+Edge+Gaming+Zone/@24.9112769,67.0252569",2026-07-11T00:00:00+05:00,4.6,59,+92 322 0214982,https://youtube.com/@theedgegamingzone?si=oNIuv0YexLp5iJy0,"plot no. 3F 5/21 basement, 3 karachi, Nazimabad, Karachi, Pakistan",24.9112769,67.0252569
ChIJe5M0AAA5sz4RMUD2y8HZViI,the-edge-indoor-je5m0a,The Edge indoor,box-cricket,box-cricket,https://www.google.com/maps/place/The+Edge+indoor/data=!4m7!3m6!1s0x3eb339000034937b:0x2256d9c1cbf64031!8m2!3d24.9324667!4d67.181999!16s%2Fg%2F11yf5b2jqn!19sChIJe5M0AAA5sz4RMUD2y8HZViI?authuser=0&hl=en&rclk=1,2026-06-30 01:27:43.983847+05:00,4.9,17,+92 339 0507050,,"W5JJ+XQQ The Edge indoor, Malir Cantonment, Karachi, Pakistan",24.9324667,67.18199899999999
ChIJs_OW3ABBsz4RhFhdpnartr4,the-hill-station-cafe-js_ow3,The Hill Station Cafe,shisha,shisha,https://www.google.com/maps/place/The+Hill+Station+Cafe/data=!4m7!3m6!1s0x3eb34100dc96f3b3:0xbeb6ab76a65d5884!8m2!3d24.9706628!4d67.0465637!16s%2Fg%2F11k9gy3gvt!19sChIJs_OW3ABBsz4RhFhdpnartr4?authuser=0&hl=en&rclk=1,2026-06-30 01:27:43.983847+05:00,4.7,69,,,"2, Sector 7 B North Karachi, Karachi, 00789, Pakistan",24.9706628,67.0465637
ChIJsWdI6lQ5sz4RWS1Xd8yrlmo,the-legacy-court-indoor-cricket-futsal-arena-jswdi6,The Legacy Court - Indoor Cricket & Futsal Arena,box-cricket,"box-cricket,futsal",https://www.google.com/maps/place/The+Legacy+Court+-+Indoor+Cricket+%26+Futsal+Arena/data=!4m7!3m6!1s0x3eb33954ea4867b1:0x6a96abcc77572d59!8m2!3d24.9528517!4d67.11724!16s%2Fg%2F11v3hdbhj7!19sChIJsWdI6lQ5sz4RWS1Xd8yrlmo?authuser=0&hl=en&rclk=1,2026-06-30 01:27:43.983847+05:00,4.6,142,+92 318 1398559,https://linktr.ee/thelegacycourts,"b, The Legacy Court - Indoor Cricket & Futsal Arena, 9 Hijri Rd, Gulshan-e-Kaneez Fatima Gulshan e Kaneez Fatima Gulzar E Hijri Scheme 33, Karachi, 75300, Pakistan",24.9528517,67.11724
ChIJY09VeABBsz4RaGQhRbzTzrA,the-lounge54-indoor-cricket-futsal-cafe-jy09ve,"The Lounge54 Indoor Cricket, Futsal & Cafe",box-cricket,"box-cricket,futsal","https://www.google.com/maps/place/The+Lounge54+Indoor+Cricket,+Futsal+%26+Cafe/data=!4m7!3m6!1s0x3eb3410078554f63:0xb0ced3bc45216468!8m2!3d24.9463839!4d67.0674668!16s%2Fg%2F11x17fv8n0!19sChIJY09VeABBsz4RaGQhRbzTzrA?authuser=0&hl=en&rclk=1",2026-06-30 01:27:43.983847+05:00,4.5,22,+92 311 1102354,,"W3W8+HX4 The Lounge54 Indoor Cricket, Futsal & Cafe, Gulshan-e-Waseem Sector 16 A North Nazimabad Town, Karachi, Pakistan",24.946383899999997,67.06746679999999
ChIJybTEzTw7sz4RLb2PysKPyv0,the-marksman-arena-jybtez,The Marksman Arena,paintball,"paintball,box-cricket",https://www.google.com/maps/search/?api=1&query_place_id=ChIJybTEzTw7sz4RLb2PysKPyv0,2026-07-11T00:00:00+05:00,4.0,132,+92 333 1114536,https://marksman.pk/,"Plot # 2 & 2A Survey 86 Main Ibrahim Hyderi Road, Korangi Creek, Karachi, Pakistan",24.8100723,67.121498
ChIJSxk_azJBsz4Rw3onfLzknTs,the-ncg-north-community-ground-jsxk_a,The NCG (North Community Ground),box-cricket,box-cricket,https://www.google.com/maps/place/The+NCG+%28North+Community+Ground%29/data=!4m7!3m6!1s0x3eb341326b3f194b:0x3b9de4bc7c277ac3!8m2!3d24.9756073!4d67.0598709!16s%2Fg%2F11wthddqt1!19sChIJSxk_azJBsz4Rw3onfLzknTs?authuser=0&hl=en&rclk=1,2026-06-30 01:27:43.983847+05:00,4.8,85,+92 300 0900269,,"plot #12, The NCG (North Community Ground), Sector 11-B Sector 11 B North Karachi, Karachi, 71500, Pakistan",24.9756073,67.05987089999999
ChIJ8wtKCuI8sz4RwJaWLa6_yPA,the-royal-rodale-j8wtkc,The Royal Rodale,bowling,"bowling,billiards,swimming",https://www.google.com/maps/place/The+Royal+Rodale/data=!4m7!3m6!1s0x3eb33ce20a4a0bf3:0xf0c8bfae2d9696c0!8m2!3d24.791952!4d67.0465411!16s%2Fg%2F1tfwnfhh!19sChIJ8wtKCuI8sz4RwJaWLa6_yPA?authuser=0&hl=en&rclk=1,2026-06-30 01:27:43.983847+05:00,4.0,1919,+92 21 35856825,http://www.royalrodale.com/,"TC-V 34th St, Off Khayaban - e - Seher Phase V Defence V Defence Housing Authority, Karachi, 75500, Pakistan",24.791952,67.0465411
ChIJg1RQOwA5sz4RyyxkT6DOG3k,the-serve-padel-sports-club-jg1rqo,The Serve Padel & Sports Club,padel,padel,https://www.google.com/maps/place/The+Serve+Padel+%26+Sports+Club/data=!4m7!3m6!1s0x3eb339003b505483:0x791bcea04f642ccb!8m2!3d24.9325278!4d67.1496667!16s%2Fg%2F11xrhkqgvp!19sChIJg1RQOwA5sz4RyyxkT6DOG3k?authuser=0&hl=en&rclk=1,2026-06-30 01:27:43.983847+05:00,3.4,27,+92 332 7952539,,"Plot C, The Serve Padel & Sports Club, 15, Block 6 Gulistan-e-Johar, Karachi, Pakistan",24.9325278,67.1496667
ChIJ2XJhVAA9sz4Ru2Pi6HzFans,the-snooker-club-j2xjhv,The Snooker Club,billiards,billiards,https://www.google.com/maps/place/The+Snooker+Club/data=!4m7!3m6!1s0x3eb33d00546172d9:0x7b6ac57ce8e263bb!8m2!3d24.7988836!4d67.045752!16s%2Fg%2F11vyrgyg29!19sChIJ2XJhVAA9sz4Ru2Pi6HzFans?authuser=0&hl=en&rclk=1,2026-06-30 01:27:43.983847+05:00,4.9,28,+92 300 9257477,,"Plot no 21-c, The Snooker Club, 5 street no 10, near peshawari ice cream, Phase Badar Commercial Area Defence V Defence Housing Authority, Karachi, 75500, Pakistan",24.7988836,67.045752
ChIJNx26OgA9sz4RbUHG_r-JYrM,the-snooker-lounge-jnx26o,The Snooker Lounge,billiards,billiards,https://www.google.com/maps/place/The+Snooker+Lounge/data=!4m7!3m6!1s0x3eb33d003aba1d37:0xb36289bffec6416d!8m2!3d24.8099153!4d67.070459!16s%2Fg%2F11yv2rfrf1!19sChIJNx26OgA9sz4RbUHG_r-JYrM?authuser=0&hl=en&rclk=1,2026-06-30 01:27:43.983847+05:00,4.7,23,+92 302 7635611,,"Building # 5-C, The Snooker Lounge, lane 2 rahat commercial street, D.H.A Phase 6 Rahat Commercial Area Phase 6 Defence Housing Authority, Karachi, 75500, Pakistan",24.8099153,67.070459
ChIJEyppXpY9sz4R8I5Clg2yRSs,the-social-hub-jeyppx,The Social Hub,board-game-paint-cafe,board-game-paint-cafe,https://www.google.com/maps/place/The+Social+Hub/data=!4m7!3m6!1s0x3eb33d965e692a13:0x2b45b20d96428ef0!8m2!3d24.7927022!4d67.064638!16s%2Fg%2F11gm7n_lrc!19sChIJEyppXpY9sz4R8I5Clg2yRSs?authuser=0&hl=en&rclk=1,2026-06-30 01:27:43.983847+05:00,4.2,794,+92 322 2884961,,"Plot # 22-C Lane 11, Bara Bukhari Commercial Area Phase 6 Defence Housing Authority, Karachi, 75500, Pakistan",24.792702199999997,67.064638
ChIJ-Yfte589sz4ResFRoIDEWdc,the-spice-factory-j-yfte,The Spice Factory,shisha,shisha,https://www.google.com/maps/place/The+Spice+Factory/data=!4m7!3m6!1s0x3eb33d9f7bed87f9:0xd759c480a051c17a!8m2!3d24.873291!4d67.0568438!16s%2Fg%2F11hhtkjt9m!19sChIJ-Yfte589sz4ResFRoIDEWdc?authuser=0&hl=en&rclk=1,2026-06-30 01:27:43.983847+05:00,4.2,229,+92 300 2007620,https://spicefactory.pk/,"126-U Allama Iqbal Rd, Block 2 P.E.C.H.S., Karachi, 75400, Pakistan",24.873291,67.0568438
ChIJBf8Z-G09sz4Rqko1mF6NMrk,the-vegas-studio-jbf8z-,The Vegas Studio,shisha,shisha,https://www.google.com/maps/place/The+Vegas+Studio/data=!4m7!3m6!1s0x3eb33d6df819ff05:0xb9328d5e98354aaa!8m2!3d24.80767!4d67.0344782!16s%2Fg%2F11fghtmj0d!19sChIJBf8Z-G09sz4Rqko1mF6NMrk?authuser=0&hl=en&rclk=1,2026-06-30 01:27:43.983847+05:00,4.2,1457,+92 311 1183427,,"F, The Vegas Studio, 44, Scheme 5 Block 4 Clifton, Karachi, Pakistan",24.807669999999998,67.0344782
ChIJNWV-KgA_sz4RWQKFsnZtHwI,the-ground-2-0-jnwv-k,The ground 2.0,box-cricket,box-cricket,https://www.google.com/maps/place/The+ground+2.0/data=!4m7!3m6!1s0x3eb33f002a7e6535:0x21f6d76b2850259!8m2!3d24.8730638!4d67.0645571!16s%2Fg%2F11wqvyzrcy!19sChIJNWV-KgA_sz4RWQKFsnZtHwI?authuser=0&hl=en&rclk=1,2026-06-30 01:27:43.983847+05:00,3.5,15,+92 342 3898153,,"Plot A224 F, The ground 2.0, 101 Siraj ud-Daulah Rd, Delhi Mercantile Society Darul Aman Society P.E.C.H.S., Karachi, Pakistan",24.8730638,67.0645571
ChIJuRHv9WE9sz4R7BM7I_MRZKM,third-culture-coffee-karachi-jurhv9,Third Culture Coffee - Karachi,board-game-paint-cafe,board-game-paint-cafe,https://www.google.com/maps/place/Third+Culture+Coffee+-+Karachi/data=!4m7!3m6!1s0x3eb33d61f5ef11b9:0xa36411f3233b13ec!8m2!3d24.807876!4d67.035044!16s%2Fg%2F11xn9mrhpd!19sChIJuRHv9WE9sz4R7BM7I_MRZKM?authuser=0&hl=en&rclk=1,2026-06-30 01:27:43.983847+05:00,4.3,95,+92 21 37122187,,"42, F, 1 E St, 26th Street, Block 4 Clifton, Karachi, Pakistan",24.807876,67.035044
ChIJmZqMSyI5sz4RbGO2p-9tZuo,thunder-pins-jmzqms,Thunder Pins,bowling,bowling,https://www.google.com/maps/place/Thunder+Pins/data=!4m7!3m6!1s0x3eb339224b8c9a99:0xea666defa7b6636c!8m2!3d24.9011899!4d67.115687!16s%2Fg%2F11xkgphmf!19sChIJmZqMSyI5sz4RbGO2p-9tZuo?authuser=0&hl=en&rclk=1,2026-06-30 01:27:43.983847+05:00,3.5,28,,https://m.facebook.com/millennium.mall.official/,"W428+F7F Thunder Pins, Millenium Mall, Rashid Minhas Rd, Gulistan-e-Johar, Karachi, Pakistan",24.9011899,67.115687
ChIJuWh3-jM_sz4RmB3WI0foffw,titans-arena-juwh3-,Titans Arena,padel,padel,https://www.google.com/maps/place/Titans+Arena/data=!4m7!3m6!1s0x3eb33f33fa7768b9:0xfc7de84723d61d98!8m2!3d24.8760239!4d67.0780407!16s%2Fg%2F11wxpn2hss!19sChIJuWh3-jM_sz4RmB3WI0foffw?authuser=0&hl=en&rclk=1,2026-06-30 01:27:43.983847+05:00,4.2,30,+92 345 8207290,https://titansarena.com/,"Villa 21A 42 Amir Khusro Road, Block 7 8 BYJS, Cp & Berar Chs, Karachi, 00000, Pakistan",24.8760239,67.0780407
ChIJmS1PUOMTsz4RDOWqgkacVGk,turtle-beach-karachi-jms1pu,Turtle Beach Karachi,beaches,beaches,https://www.google.com/maps/place/Turtle+Beach+Karachi/data=!4m7!3m6!1s0x3eb313e3504f2d99:0x69549c4682aae50c!8m2!3d24.8506902!4d66.8868759!16s%2Fg%2F11n5k9y209!19sChIJmS1PUOMTsz4RDOWqgkacVGk?authuser=0&hl=en&rclk=1,2026-06-30 01:27:43.983847+05:00,4.4,654,+92 345 8240111,https://turtlebeachkarachi.com/,"Hawke's Bay Dr, Keamari, Karachi, Pakistan",24.8506902,66.88687589999999
ChIJ_2I-zkg_sz4R0rl1mKV2rWc,ubl-cricket-stadium-j_2i-z,UBL Cricket Stadium,box-cricket,box-cricket,https://www.google.com/maps/place/UBL+Cricket+Stadium/data=!4m7!3m6!1s0x3eb33f48ce3e62ff:0x67ad76a59875b9d2!8m2!3d24.9308712!4d67.0843651!16s%2Fg%2F12mkzzqj8!19sChIJ_2I-zkg_sz4R0rl1mKV2rWc?authuser=0&hl=en&rclk=1,2026-06-30 01:27:43.983847+05:00,4.5,26,,,"Block 15, Federal B Area, Gulberg Town, Karachi, 75950, Pakistan",24.9308712,67.0843651
ChIJ13esMk8_sz4RDMWXHJgdwNU,ubl-sports-complex-j13esm,UBL Sports Complex,box-cricket,box-cricket,https://www.google.com/maps/place/UBL+Sports+Complex/data=!4m7!3m6!1s0x3eb33f4f32ac77d7:0xd5c01d981c97c50c!8m2!3d24.9312075!4d67.0843823!16s%2Fg%2F11c5564mxh!19sChIJ13esMk8_sz4RDMWXHJgdwNU?authuser=0&hl=en&rclk=1,2026-06-30 01:27:43.983847+05:00,4.3,3854,+92 21 36331590,https://m.facebook.com/pages/UBL-Sports-Complex/111544088926351,"16 Rashid Minhas Rd, Federal B Area Block 15 Gulberg Town, Karachi, 75950, Pakistan",24.9312075,67.0843823
ChIJQ028KusXsz4ROLU2Y85mVG4,usmani-boat-booking-keamari-karachi-jq028k,USMANI Boat Booking keamari karachi,boating,boating,https://www.google.com/maps/place/USMANI+Boat+Booking+keamari+karachi/data=!4m7!3m6!1s0x3eb317eb2abc4d43:0x6e5466ce6336b538!8m2!3d24.8183069!4d66.9750848!16s%2Fg%2F11mv2j5z6r!19sChIJQ028KusXsz4ROLU2Y85mVG4?authuser=0&hl=en&rclk=1,2026-06-30 01:27:43.983847+05:00,4.8,153,+92 324 3174561,http://www.usmaniboatbooking.com/,"boat basin, Keamari, Karachi, Pakistan",24.8183069,66.97508479999999
ChIJ5W72BW05sz4Rnm0Ttkff-uk,umar-minhas-futsal-ground-j5w72b,Umar Minhas Futsal Ground,futsal,futsal,https://www.google.com/maps/place/Umar+Minhas+Futsal+Ground/data=!4m7!3m6!1s0x3eb3396d05f66ee5:0xe9fadf47b6136d9e!8m2!3d24.9373919!4d67.1337668!16s%2Fg%2F11pgbcb62l!19sChIJ5W72BW05sz4Rnm0Ttkff-uk?authuser=0&hl=en&rclk=1,2026-06-30 01:27:43.983847+05:00,4.5,87,+92 345 2316944,,"W4PM+XG2 Umar Minhas Futsal Ground, Unnamed Road, University Of Karachi, Karachi, Pakistan",24.937391899999998,67.1337668
ChIJTQKnexQ5sz4R2ncjVtO2M0I,underground-snooker-club-jtqkne,Underground Snooker Club,billiards,billiards,https://www.google.com/maps/place/Underground+Snooker+Club/data=!4m7!3m6!1s0x3eb339147ba7024d:0x4233b6d3562377da!8m2!3d24.922574!4d67.1023359!16s%2Fg%2F11hcfqmpl7!19sChIJTQKnexQ5sz4R2ncjVtO2M0I?authuser=0&hl=en&rclk=1,2026-06-30 01:27:43.983847+05:00,4.2,13,+92 309 5058191,http://www.instagram.com/undergroundsnooker,"Gulshan-e-Iqbal Block 6 Time Square Basement,Opposite Metro Road Near ibn e Sina Hospital, next to Stove Club Restaurant, Block 6 Kala Board, Karachi, 72400, Pakistan",24.922573999999997,67.1023359
ChIJZ9WoJZQ-sz4Rh1fwkhV4ydw,union-cooperative-club-ltd-jz9woj,Union Cooperative Club Ltd.,tennis,"tennis,billiards",https://www.google.com/maps/place/Union+Cooperative+Club+Ltd./data=!4m7!3m6!1s0x3eb33e9425a8d567:0xdcc9781592f05787!8m2!3d24.872776!4d67.0664206!16s%2Fg%2F1ts1qq7l!19sChIJZ9WoJZQ-sz4Rh1fwkhV4ydw?authuser=0&hl=en&rclk=1,2026-06-30 01:27:43.983847+05:00,4.1,2451,+92 21 34557742,,"V3F8+4H7 Union Cooperative Club Ltd., Street 2, Darul Aman Society P.E.C.H.S., Karachi, Pakistan",24.872775999999998,67.0664206
ChIJ-8rrWzc_sz4RXyJBWkKhv6E,urban-turf-indoor-sports-arena-j-8rrw,Urban Turf Indoor Sports Arena,box-cricket,"box-cricket,futsal",https://www.google.com/maps/place/Urban+Turf+Indoor+Sports+Arena/data=!4m7!3m6!1s0x3eb33f375bebcafb:0xa1bfa1425a41225f!8m2!3d24.8787034!4d67.0680574!16s%2Fg%2F11vj50bymf!19sChIJ-8rrWzc_sz4RXyJBWkKhv6E?authuser=0&hl=en&rclk=1,2026-06-30 01:27:43.983847+05:00,4.4,107,+92 314 2551179,http://www.urbanturf.pk/,"Plot No, Urban Turf Indoor Sports Arena, SNPA-66 Siraj ud-Daulah Rd, opp. Naheed super market, Bahadurabad Bahadur Yar Jang CHS, Karachi, Pakistan",24.8787034,67.0680574
ChIJs2nlPT0-sz4RiuxBcJy2Zmc,usmanabad-union-js2nlp,Usmanabad Union,futsal,futsal,https://www.google.com/maps/place/Usmanabad+Union/data=!4m7!3m6!1s0x3eb33e3d3de569b3:0x6766b69c7041ec8a!8m2!3d24.8736235!4d67.0103205!16s%2Fg%2F1hc46h5vz!19sChIJs2nlPT0-sz4RiuxBcJy2Zmc?authuser=0&hl=en&rclk=1,2026-06-30 01:27:43.983847+05:00,3.8,38,,,"V2F6+C4W Usmanabad Union, Usmanabad Ghazi Nagar, Karachi, Pakistan",24.873623499999997,67.01032049999999
ChIJQe3X4MM-sz4RCtecIE8NGbw,vm-art-gallery-jqe3x4,VM Art Gallery,museums-galleries,"museums-galleries,board-game-paint-cafe",https://www.google.com/maps/place/VM+Art+Gallery/data=!4m7!3m6!1s0x3eb33ec3e0d7ed41:0xbc190d4f209cd70a!8m2!3d24.8855895!4d67.074562!16s%2Fg%2F11c5bqq4_z!19sChIJQe3X4MM-sz4RCtecIE8NGbw?authuser=0&hl=en&rclk=1,2026-06-30 01:27:43.983847+05:00,4.5,280,+92 21 34948088,http://www.vmartgallery.org/,"ZVMG Rangoonwala Community Centre, Dhoraji Cp & Berar Chs, Karachi, Pakistan",24.8855895,67.074562
ChIJOaG87jw_sz4RWy7o8V6wyJc,vm-centre-for-traditional-arts-vmcta-joag87,VM Centre for Traditional Arts (VMCTA),pottery-art,pottery-art,https://www.google.com/maps/place/VM+Centre+for+Traditional+Arts+%28VMCTA%29/data=!4m7!3m6!1s0x3eb33f3ceebca139:0x97c8b05ef1e82e5b!8m2!3d24.8854635!4d67.0748198!16s%2Fg%2F11j_yr8q6v!19sChIJOaG87jw_sz4RWy7o8V6wyJc?authuser=0&hl=en&rclk=1,2026-06-30 01:27:43.983847+05:00,4.6,7,+92 21 34935168,,"V3PF+5WP VM Centre for Traditional Arts (VMCTA), ZVMG Rangoonwala Community Centre, Siraj-ud-Daulah Rd, Dhoraji Cp & Berar Chs, Karachi, 74800, Pakistan",24.8854635,67.0748198
ChIJAVqVcVY_sz4RzIXUOFCGjOM,vm-sanctuary-javqvc,VM Sanctuary,board-game-paint-cafe,board-game-paint-cafe,https://www.google.com/maps/place/VM+Sanctuary/data=!4m7!3m6!1s0x3eb33f5671955a01:0xe38c865038d485cc!8m2!3d24.8853241!4d67.074757!16s%2Fg%2F11yjbw4wml!19sChIJAVqVcVY_sz4RzIXUOFCGjOM?authuser=0&hl=en&rclk=1,2026-06-30 01:27:43.983847+05:00,4.9,104,+92 21 34890636,,"1st Floor, VM Sanctuary, ZVMG Rangoonwala Community Centre, Dhoraji Cp & Berar Chs, Karachi, 75360, Pakistan",24.8853241,67.07475699999999
ChIJLc3UCQA9sz4REn_V9JD-H_Y,vamos-padel-club-karachi-jlc3uc,Vamos Padel Club Karachi.,padel,padel,https://www.google.com/maps/place/Vamos+Padel+Club+Karachi./data=!4m7!3m6!1s0x3eb33d0009d4cd2d:0xf61ffe90f4d57f12!8m2!3d24.8197619!4d67.0482707!16s%2Fg%2F11vxpqxzgr!19sChIJLc3UCQA9sz4REn_V9JD-H_Y?authuser=0&hl=en&rclk=1,2026-06-30 01:27:43.983847+05:00,4.0,42,+92 300 1182667,,"46 Street Number 10, D.H.A. Phase 4 Upper Gizri Defence Housing Authority, Karachi, 75500, Pakistan",24.8197619,67.0482707
ChIJlUUTPVI_sz4RqatPSV0JOIo,velocity-by-the-sports-club-jluutp,Velocity by The Sports Club,box-cricket,"box-cricket,futsal",https://www.google.com/maps/place/Velocity+by+The+Sports+Club/data=!4m7!3m6!1s0x3eb33f523d134595:0x8a38095d494faba9!8m2!3d24.9354757!4d67.0647606!16s%2Fg%2F11vcl_l_zz!19sChIJlUUTPVI_sz4RqatPSV0JOIo?authuser=0&hl=en&rclk=1,2026-06-30 01:27:43.983847+05:00,4.3,112,+92 316 7090600,,"Plot Street 7, Block 10 Gulberg Town, Karachi, Pakistan",24.935475699999998,67.0647606
ChIJu8UERwA9sz4RTfK-EZo2dNo,viva-padel-club-ju8uer,Viva Padel Club,padel,padel,https://www.google.com/maps/place/Viva+Padel+Club/data=!4m7!3m6!1s0x3eb33d004704c5bb:0xda74369a11bef24d!8m2!3d24.8172962!4d67.0253484!16s%2Fg%2F11yc54nb2v!19sChIJu8UERwA9sz4RTfK-EZo2dNo?authuser=0&hl=en&rclk=1,2026-06-30 01:27:43.983847+05:00,4.6,35,+92 300 8482969,,"R28G+W49 Viva Padel Club, Shaheed Hosh Muhammad Sheedi Park, Block 5 Clifton, Karachi, 75600, Pakistan",24.817296199999998,67.0253484
ChIJBaB8pJM_sz4Rzk-3nPjxkeY,world-of-resinart-jbab8p,WORLD OF RESINART,pottery-art,pottery-art,https://www.google.com/maps/place/WORLD+OF+RESINART/data=!4m7!3m6!1s0x3eb33f93a47ca005:0xe691f1f89cb74fce!8m2!3d24.8748823!4d67.0889395!16s%2Fg%2F11twc60_yd!19sChIJBaB8pJM_sz4Rzk-3nPjxkeY?authuser=0&hl=en&rclk=1,2026-06-30 01:27:43.983847+05:00,5.0,61,+92 333 3438121,,"SHOP#1, MEZZANINE FLOOR, 45-A, COMMERCIAL AREA, MUHAMMAD ALI SOCIETY, KARACHI 45-A, Muhammad Ali Chs (Machs), Karachi, 34800, Pakistan",24.8748823,67.0889395
ChIJF3oVP_89sz4RMUaXMLKkgl4,warriors-fc-football-ground-jf3ovp,Warriors FC Football Ground,futsal,futsal,https://www.google.com/maps/place/Warriors+FC+Football+Ground/data=!4m7!3m6!1s0x3eb33dff3f157a17:0x5e82a4b230974631!8m2!3d24.8425493!4d67.0532251!16s%2Fg%2F11t2cm_tsl!19sChIJF3oVP_89sz4RMUaXMLKkgl4?authuser=0&hl=en&rclk=1,2026-06-30 01:27:43.983847+05:00,4.4,9,,,"R3V3+279 Warriors FC Football Ground, Sabir SRE Defence Housing Authority, Karachi, Pakistan",24.842549299999998,67.05322509999999
ChIJR3JBUcc9sz4RLGvWytc_k3o,warriors-gaming-lounge-jr3jbu,Warriors Gaming Lounge,vr,"vr,arcades",https://www.google.com/maps/place/Warriors+Gaming+Lounge/data=!4m7!3m6!1s0x3eb33dc751417247:0x7a933fd7cad66b2c!8m2!3d24.7976981!4d67.0436082!16s%2Fg%2F11j2fkj6l1!19sChIJR3JBUcc9sz4RLGvWytc_k3o?authuser=0&hl=en&rclk=1,2026-06-30 01:27:43.983847+05:00,4.1,34,+92 302 2659066,,"6 Badar Commercial Street 10, near habib metro bank, DHA Phase 5 Badar Commercial Area Defence V Defence Housing Authority, Karachi, 75500, Pakistan",24.797698099999998,67.0436082
ChIJbTNnuPgVsz4R4f49QL8SUFc,wazir-mansion-quaid-e-azam-place-jbtnnu,Wazir Mansion (Quaid-E-Azam Place),heritage,heritage,https://www.google.com/maps/place/Wazir+Mansion+%28Quaid-E-Azam+Place%29/data=!4m7!3m6!1s0x3eb315f8b867336d:0x575012bf403dfee1!8m2!3d24.8510559!4d66.9975093!16zL20vMDY4N2p2!19sChIJbTNnuPgVsz4R4f49QL8SUFc?authuser=0&hl=en&rclk=1,2026-06-30 01:27:43.983847+05:00,4.5,1292,,http://antiquities.sindhculture.gov.pk/index.php/sites/museums/quaid-e-azam-birthplace-museum-wazir-mansion,"Wazir Mansion, Chaaghla St, Kharadar Bunder Quarter, Karachi, 75400, Pakistan",24.8510559,66.99750929999999
ChIJN02mNHcVsz4RnYlxzijiJg8,welcome-to-lyari-town-jn02mn,Welcome to Lyari Town,heritage,heritage,https://www.google.com/maps/place/Welcome+to+Lyari+Town/data=!4m7!3m6!1s0x3eb3157734a64d37:0xf26e228ce71899d!8m2!3d24.8541757!4d66.9964736!16s%2Fg%2F11pcmm1sdv!19sChIJN02mNHcVsz4RnYlxzijiJg8?authuser=0&hl=en&rclk=1,2026-06-30 01:27:43.983847+05:00,4.4,78,,,"Musa Lane, Karachi, 74200, Pakistan",24.8541757,66.9964736
ChIJZUmDF-VIsz4RWyxdHJ3aUyE,wild-venture-water-park-and-resort-gadap-karachi-jzumdf,Wild Venture Water Park and Resort Gadap Karachi,adventure-parks,adventure-parks,https://www.google.com/maps/place/Wild+Venture+Water+Park+and+Resort+Gadap+Karachi/data=!4m7!3m6!1s0x3eb348e517834965:0x2153da9d1c5d2c5b!8m2!3d25.0287355!4d67.2272046!16s%2Fg%2F11cspr7l9c!19sChIJZUmDF-VIsz4RWyxdHJ3aUyE?authuser=0&hl=en&rclk=1,2026-06-30 01:27:43.983847+05:00,4.3,3494,+92 301 1166633,,"Super Highway Karachi, Gadap Road 04 Away From Baqai Medical University Super Highway, Gadap Rd, Gadap Town, Karachi, Pakistan",25.0287355,67.2272046
ChIJsfhKwCA9sz4R_rTlkG971j0,xtreme-bowl-jsfhkw,XTREME BOWL,bowling,bowling,https://www.google.com/maps/place/XTREME+BOWL/data=!4m7!3m6!1s0x3eb33d20c04af8b1:0x3dd67b6f90e5b4fe!8m2!3d24.8017149!4d67.0299061!16s%2Fg%2F11s7sw06nv!19sChIJsfhKwCA9sz4R_rTlkG971j0?authuser=0&hl=en&rclk=1,2026-06-30 01:27:43.983847+05:00,4.6,20,+92 21 35291409,,"R22H+MXJ XTREME BOWL, Dolmen Mall،, Block 4 Clifton, Karachi, Pakistan",24.8017149,67.02990609999999
ChIJ60IpuUo_sz4RKCMtwOJ0o6c,xtreme-driver-s-j60ipu,Xtreme Driver's,boating,boating,https://www.google.com/maps/place/Xtreme+Driver%27s/data=!4m7!3m6!1s0x3eb33f4ab92942eb:0xa7a374e2c02d2328!8m2!3d24.8901275!4d67.0621204!16s%2Fg%2F11vyp7632p!19sChIJ60IpuUo_sz4RKCMtwOJ0o6c?authuser=0&hl=en&rclk=1,2026-06-30 01:27:43.983847+05:00,4.2,5,+92 333 2221371,https://www.facebook.com/xtremediverskarachi,"Chandni Arcade, Stedium road, Chandni Chowk Gulshan-e-Iqbal, Karachi, 75400, Pakistan",24.8901275,67.0621204
ChIJ9bMcYQA_sz4R7RLPbsUBQpk,xtreme-sport-indoor-cricket-net-j9bmcy,Xtreme sport indoor cricket Net,box-cricket,box-cricket,https://www.google.com/maps/place/Xtreme+sport+indoor+cricket+Net/data=!4m7!3m6!1s0x3eb33f00611cb3f5:0x994201c56ecf12ed!8m2!3d24.9271311!4d67.0385485!16s%2Fg%2F11vk4vx2zm!19sChIJ9bMcYQA_sz4R7RLPbsUBQpk?authuser=0&hl=en&rclk=1,2026-06-30 01:27:43.983847+05:00,4.2,77,+92 308 2997145,,"E69, Xtreme sport indoor cricket Net, Block B, North Block B Nazimabad, Karachi, 74600, Pakistan",24.9271311,67.03854849999999
ChIJa63ysPQ-sz4RI0_8vuiu2G8,yoga-capon-community-health-ja63ys,Yoga CapOn Community Health,box-cricket,"box-cricket,billiards,skating,squash,swimming,tennis",https://www.google.com/maps/place/Yoga+CapOn+Community+Health/data=!4m7!3m6!1s0x3eb33ef4b0f2ad6b:0x6fd8aee8befc4f23!8m2!3d24.8799069!4d67.0534001!16s%2Fm%2F02qbwtf!19sChIJa63ysPQ-sz4RI0_8vuiu2G8?authuser=0&hl=en&rclk=1,2026-06-30 01:27:43.983847+05:00,4.1,265,+92 327 2690861,https://www.facebook.com/kmcsportscomplex/,"V3H3+X96 Yoga CapOn Community Health, Kashmir Rd, Muslimabad, Karachi, Pakistan",24.879906899999998,67.05340009999999
ChIJpaia3cM-sz4RrclmZPhVUd0,zvmg-rangoonwala-community-centre-jpaia3,ZVMG Rangoonwala Community Centre,cooking-classes,cooking-classes,https://www.google.com/maps/place/ZVMG+Rangoonwala+Community+Centre/data=!4m7!3m6!1s0x3eb33ec3dd9aa8a5:0xdd5155f86466c9ad!8m2!3d24.8853397!4d67.0744716!16s%2Fg%2F1wf3721b!19sChIJpaia3cM-sz4RrclmZPhVUd0?authuser=0&hl=en&rclk=1,2026-06-30 01:27:43.983847+05:00,4.4,513,+92 21 34935168,,"V3PF+5WP ZVMG Rangoonwala Community Centre, Siraj-ud-Daulah Rd, Dhoraji Cp & Berar Chs, Karachi, 74800, Pakistan",24.8853397,67.0744716
ChIJedSHZgA_sz4RBo-Oqllk5YQ,zero-latency-jedshz,Zero Latency,vr,"vr,arcades",https://www.google.com/maps/place/Zero+Latency/data=!4m7!3m6!1s0x3eb33f006687d479:0x84e56459aa8e8f06!8m2!3d24.9220625!4d67.0835625!16s%2Fg%2F11vrjrhfyn!19sChIJedSHZgA_sz4RBo-Oqllk5YQ?authuser=0&hl=en&rclk=1,2026-06-30 01:27:43.983847+05:00,4.6,129,+92 332 8472277,https://zerolatency.pk/,"W3CM+RC5 Zero Latency, Block 1 Gulshan-e-Iqbal, Karachi, Pakistan",24.9220625,67.0835625
ChIJBRMqa4k_sz4RsVemhr9KB1s,isports-academy-jbrmqa,iSports Academy,box-cricket,box-cricket,https://www.google.com/maps/place/iSports+Academy/data=!4m7!3m6!1s0x3eb33f896b2a1305:0x5b074abf86a657b1!8m2!3d24.9237098!4d67.0915615!16s%2Fg%2F11vcmwmfly!19sChIJBRMqa4k_sz4RsVemhr9KB1s?authuser=0&hl=en&rclk=1,2026-06-30 01:27:43.983847+05:00,4.8,21,+92 334 2042398,,"Block 5 Gulshan-e-Iqbal, Karachi, Pakistan",24.923709799999997,67.0915615
ChIJRT7-2wY_sz4RrQ3umdifGG8,swimming-pool-jrt7-2,swimming pool,swimming,swimming,https://www.google.com/maps/place/swimming+pool/data=!4m7!3m6!1s0x3eb33f06dbfe3e45:0x6f189fd899ee0dad!8m2!3d24.9458801!4d67.0754777!16s%2Fg%2F11s45gbsr4!19sChIJRT7-2wY_sz4RrQ3umdifGG8?authuser=0&hl=en&rclk=1,2026-06-30 01:27:43.983847+05:00,3.9,12,,,"W3WG+955 swimming pool, Block 18 Gulberg Town, Karachi, Pakistan",24.9458801,67.0754777
ChIJjb8PGAA9sz4Rfl7LoZzqna8,terraza-jjb8pg,terraza,shisha,shisha,https://www.google.com/maps/place/terraza/data=!4m7!3m6!1s0x3eb33d00180fbf8d:0xaf9dea9ca1cb5e7e!8m2!3d24.8091681!4d67.0335313!16s%2Fg%2F11vrltx7z6!19sChIJjb8PGAA9sz4Rfl7LoZzqna8?authuser=0&hl=en&rclk=1,2026-06-30 01:27:43.983847+05:00,4.6,1491,+92 333 8377292,http://terraza.pk/,"F 35, Block 4 Clifton, Karachi, 05444, Pakistan",24.809168099999997,67.03353129999999
ChIJRdgi6_EVsz4RQOjflHOSmXE,-jrdgi6,لیاری پیپلز فٹبال اسٹیڈیم,futsal,futsal,https://www.google.com/maps/place/%D9%84%DB%8C%D8%A7%D8%B1%DB%8C+%D9%BE%DB%8C%D9%BE%D9%84%D8%B2+%D9%81%D9%B9%D8%A8%D8%A7%D9%84+%D8%A7%D8%B3%D9%B9%DB%8C%DA%88%DB%8C%D9%85%E2%80%AD/data=!4m7!3m6!1s0x3eb315f1eb22d845:0x7199927394dfe840!8m2!3d24.8585485!4d66.9883157!16s%2Fm%2F02qd876!19sChIJRdgi6_EVsz4RQOjflHOSmXE?authuser=0&hl=en&rclk=1,2026-06-30 01:27:43.983847+05:00,4.2,647,,,"لیاری پیپلز فٹبال اسٹیڈیم، people football stadium, Mauripur Rd, Nayabad Liaquat Colony, Karachi, 75660, Pakistan",24.858548499999998,66.9883157
